{"device_name": "NVIDIA RTX A4000", "simulation": true, "simulated_time": 15439364.079693332, "best_config": {"nvml_gr_clock": 1560, "nvml_mem_clock": 6501, "block_size_x": 96, "block_size_y": 1, "tile_size_x": 2, "tile_size_y": 4, "read_only": 0, "use_padding": 0, "core_freqs": [1560.0, 1560.0, 1560.0, 1560.0, 1560.0, 1560.0, 1560.0, 1556.0032894736842, 1545.0, 1545.0, 1545.0, 1545.0, 1545.0, 1545.0, 1545.0, 1545.0, 1545.0, 1545.0, 1545.0, 1545.0, 1545.0, 1545.0, 1545.0, 1545.0, 1545.0, 1539.2045454545455, 1530.0, 1530.0, 1530.0, 1530.0, 1530.0, 1530.0], "core_freq": 1545.631494841507, "mem_freqs": [6501.0, 6501.0, 6501.0, 6501.0, 6501.0, 6501.0, 6501.0, 6501.0, 6501.0, 6501.0, 6501.0, 6501.0, 6501.0, 6501.0, 6501.0, 6501.0, 6501.0, 6501.0, 6501.0, 6501.0, 6501.0, 6501.0, 6501.0, 6501.0, 6501.0, 6501.0, 6501.0, 6501.0, 6501.0, 6501.0, 6501.0, 6501.0], "mem_freq": 6501.0, "temperatures": [60.0, 60.0, 60.68852459016394, 61.308970099667775, 62.0, 62.0, 62.0, 62.3125, 63.0, 63.0, 63.0, 63.0, 63.0, 63.0, 63.0, 63.25573770491803, 64.0, 64.0, 64.0, 64.0, 64.0, 64.0, 64.0, 64.0, 64.0, 64.0, 64.0, 64.0, 64.0, 64.0, 64.0, 64.0], "temperature": 63.08017913733593, "time": 22.271739065647125, "times": [22.107135772705078, 22.07027244567871, 22.06003189086914, 22.054912567138672, 22.016000747680664, 22.136831283569336, 22.227968215942383, 22.228992462158203, 22.232032775878906, 22.25971221923828, 22.225919723510742, 22.237184524536133, 22.26380729675293, 22.2238712310791, 22.228992462158203, 22.226943969726562, 22.226943969726562, 22.224895477294922, 22.230016708374023, 22.224895477294922, 22.228992462158203, 22.331392288208008, 22.445056915283203, 22.444000244140625, 22.44291114807129, 22.441984176635742, 22.441984176635742, 22.443008422851562, 22.440959930419922, 22.440959930419922, 22.440959930419922, 22.44607925415039], "pwr_core_freqs": [1527.0293596362797], "pwr_core_freq": 1527.0293596362797, "pwr_mem_freqs": [6501.0], "pwr_mem_freq": 6501.0, "pwr_temperatures": [64.70378361716884], "pwr_temperature": 64.70378361716884, "nvml_energy": 3.0759944258346557, "compile_time": 2521.8624137341976, "verification_time": 0, "benchmark_time": 2512.879435904324, "GFLOP/s": 5423.73250889603, "strategy_time": 0, "framework_time": 0.01664087176322937, "timestamp": "2024-01-18 19:57:23.774541+00:00"}, "total_framework_time": 149.53497983515263, "total_strategy_time": 0, "total_compile_time": 7524104.853452183, "total_verification_time": 0, "total_benchmark_time": 7915259.226241149, "overhead_time": 17.505970783531666, "execution_time": 0.17052173614501953}