{"device_name": "NVIDIA RTX A4000", "simulation": true, "simulated_time": 21500366.270733066, "best_config": {"nvml_gr_clock": 1560, "nvml_mem_clock": 6501, "block_size_x": 96, "block_size_y": 1, "tile_size_x": 1, "tile_size_y": 4, "read_only": 0, "use_padding": 0, "core_freqs": [1560.0, 1560.0, 1560.0, 1560.0, 1560.0, 1560.0, 1560.0, 1560.0, 1560.0, 1560.0, 1560.0, 1560.0, 1560.0, 1560.0, 1560.0, 1560.0, 1560.0, 1560.0, 1560.0, 1560.0, 1560.0, 1560.0, 1560.0, 1560.0, 1560.0, 1560.0, 1560.0, 1560.0, 1560.0, 1560.0, 1560.0, 1560.0], "core_freq": 1560.0, "mem_freqs": [6501.0, 6501.0, 6501.0, 6501.0, 6501.0, 6501.0, 6501.0, 6501.0, 6501.0, 6501.0, 6501.0, 6501.0, 6501.0, 6501.0, 6501.0, 6501.0, 6501.0, 6501.0, 6501.0, 6501.0, 6501.0, 6501.0, 6501.0, 6501.0, 6501.0, 6501.0, 6501.0, 6501.0, 6501.0, 6501.0, 6501.0, 6501.0], "mem_freq": 6501.0, "temperatures": [54.0, 54.0, 54.0, 54.135802469135804, 55.0, 55.0, 55.0, 55.0, 55.65060240963855, 56.0, 56.0, 56.0, 56.0, 56.0, 56.0, 56.0, 56.0, 56.0, 56.7710843373494, 57.0, 57.0, 57.0, 57.0, 57.0, 57.0, 57.0, 57.0, 57.0, 57.0, 57.0, 57.0, 57.0], "temperature": 56.048671538003866, "time": 5.888115048408508, "times": [5.953536033630371, 5.904384136199951, 5.899136066436768, 5.899263858795166, 5.897215843200684, 5.898240089416504, 5.8961920738220215, 5.897119998931885, 5.899263858795166, 5.898240089416504, 5.898208141326904, 5.898240089416504, 5.898240089416504, 5.899263858795166, 5.897215843200684, 5.897215843200684, 5.874688148498535, 5.874688148498535, 5.873600006103516, 5.874688148498535, 5.874591827392578, 5.874688148498535, 5.873663902282715, 5.872640132904053, 5.874688148498535, 5.872640132904053, 5.874688148498535, 5.874688148498535, 5.876736164093018, 5.874688148498535, 5.872640132904053, 5.874688148498535], "pwr_core_freqs": [1551.5028024287717], "pwr_core_freq": 1551.5028024287717, "pwr_mem_freqs": [6501.0], "pwr_mem_freq": 6501.0, "pwr_temperatures": [59.23081114743889], "pwr_temperature": 59.23081114743889, "nvml_energy": 0.5497144209194184, "compile_time": 834.9527586251497, "verification_time": 0, "benchmark_time": 1936.0936535522342, "GFLOP/s": 5128.804133703612, "strategy_time": 0, "framework_time": 0.01655053347349167, "timestamp": "2024-01-18 22:04:18.175301+00:00"}, "total_framework_time": 142.44723040610552, "total_strategy_time": 0, "total_compile_time": 5888220.977244899, "total_verification_time": 0, "total_benchmark_time": 15612145.293488167, "overhead_time": 18.0646488443017, "execution_time": 0.1640491485595703}