{
    "platform_name": "NVIDIA CUDA",
    "platform_version": "OpenCL 3.0 CUDA 12.3.68",
    "device_name": "NVIDIA RTX A4000",
    "device_version": "OpenCL 3.0 CUDA",
    "opencl_c_version": "OpenCL C 1.2 ",
    "driver_version": "545.23.06",
    "iterations": 7,
    "compiler_options": [
        "-I/home/fjwillem/Code/kernel_tuner_paper/kernels/gemm_cltune_opencl/"
    ],
    "best_config": {
        "nvml_gr_clock": 840,
        "nvml_mem_clock": 6501,
        "GEMMK": 0,
        "MWG": 128,
        "NWG": 128,
        "KWG": 32,
        "MDIMC": 16,
        "NDIMC": 8,
        "MDIMA": 32,
        "NDIMB": 32,
        "KWI": 2,
        "VWM": 4,
        "VWN": 2,
        "STRM": 1,
        "STRN": 0,
        "SA": 1,
        "SB": 1,
        "KREG": 1,
        "PRECISION": 32,
        "core_freqs": [
            840.0,
            840.0,
            840.0,
            840.0,
            840.0,
            840.0,
            840.0
        ],
        "core_freq": 840.0,
        "mem_freqs": [
            6501.0,
            6501.0,
            6501.0,
            6501.0,
            6501.0,
            6501.0,
            6501.0
        ],
        "mem_freq": 6501.0,
        "temperatures": [
            54.0,
            54.0,
            54.99183673469388,
            55.0,
            55.0,
            55.0,
            55.23809523809524
        ],
        "temperature": 54.74713313896988,
        "time": 18.444434285714287,
        "times": [
            18.448384,
            18.438143999999998,
            18.429952,
            18.444288,
            18.441216,
            18.460672,
            18.448384
        ],
        "compile_time": 361.49186408147216,
        "verification_time": 0,
        "benchmark_time": 132.5467329006642,
        "GFLOP/s": 7453.332846889002,
        "strategy_time": 0,
        "framework_time": 1.567901112139225,
        "timestamp": "2024-03-16 00:50:58.664261+00:00"
    },
    "total_framework_time": 188716.7518637143,
    "total_strategy_time": 0,
    "total_compile_time": 13792696.917959489,
    "total_verification_time": 0,
    "total_benchmark_time": 17437080.27574633,
    "overhead_time": 5258.489706519991,
    "execution_time": 31415.01
}