{"platform_name": "NVIDIA CUDA", "platform_version": "OpenCL 3.0 CUDA 12.3.68", "device_name": "NVIDIA RTX A4000", "device_version": "OpenCL 3.0 CUDA", "opencl_c_version": "OpenCL C 1.2 ", "driver_version": "545.23.06", "iterations": 32, "compiler_options": ["-I/home/fjwillem/Code/kernel_tuner_paper/kernels/gemm_cltune_opencl/"], "best_config": {"nvml_gr_clock": 840, "nvml_mem_clock": 6501, "GEMMK": 0, "MWG": 128, "NWG": 128, "KWG": 32, "MDIMC": 16, "NDIMC": 8, "MDIMA": 32, "NDIMB": 32, "KWI": 2, "VWM": 4, "VWN": 2, "STRM": 1, "STRN": 0, "SA": 1, "SB": 1, "KREG": 1, "PRECISION": 32, "REPEAT": 93, "core_freqs": [840.0, 840.0, 840.0, 840.0, 840.0, 840.0, 840.0, 840.0, 840.0, 840.0, 840.0, 840.0, 840.0, 840.0, 840.0, 840.0, 840.0, 840.0, 840.0, 840.0, 840.0, 840.0, 840.0, 840.0, 840.0, 840.0, 840.0, 840.0, 840.0, 840.0, 840.0, 840.0], "core_freq": 840.0, "mem_freqs": [6501.0, 6501.0, 6501.0, 6501.0, 6501.0, 6501.0, 6501.0, 6501.0, 6501.0, 6501.0, 6501.0, 6501.0, 6501.0, 6501.0, 6501.0, 6501.0, 6501.0, 6501.0, 6501.0, 6501.0, 6501.0, 6501.0, 6501.0, 6501.0, 6501.0, 6501.0, 6501.0, 6501.0, 6501.0, 6501.0, 6501.0, 6501.0], "mem_freq": 6501.0, "temperatures": [54.0, 54.0, 54.92857142857143, 55.0, 55.0, 55.71653543307087, 56.0, 56.0, 56.0, 56.0, 56.0, 56.0, 56.0, 56.0, 56.0, 56.0, 56.0, 56.0, 56.0, 56.0, 56.0, 56.0, 56.24701195219124, 57.0, 57.0, 57.0, 57.0, 57.0, 57.0, 57.0, 57.0, 57.0], "temperature": 56.05912871293229, "time": 18.440509999999996, "times": [18.448384, 18.441216, 18.439168, 18.418688, 18.428928, 18.427903999999998, 18.442239999999998, 18.440192, 18.433024, 18.435071999999998, 18.444288, 18.446303999999998, 18.440192, 18.438143999999998, 18.440192, 18.444288, 18.438143999999998, 18.453504, 18.440192, 18.446336, 18.454528, 18.44736, 18.436096, 18.439168, 18.427903999999998, 18.438143999999998, 18.424832, 18.424832, 18.443264, 18.468864, 18.446336, 18.458592], "compile_time": 362.5302463769913, "verification_time": 0, "benchmark_time": 604.0363060310483, "GFLOP/s": 7454.918974800589, "strategy_time": 0, "framework_time": 1.3336604461073875, "timestamp": "2024-02-16 08:22:49.791660+00:00"}, "total_framework_time": 1544.681859202683, "total_strategy_time": 0, "total_compile_time": 365423.17768279463, "total_verification_time": 0, "total_benchmark_time": 606750.0243466347, "overhead_time": 3462.0268773287535, "execution_time": 977.1843509674072}