{"platform_name": "NVIDIA CUDA", "platform_version": "OpenCL 3.0 CUDA 12.3.68", "device_name": "NVIDIA RTX A4000", "device_version": "OpenCL 3.0 CUDA", "opencl_c_version": "OpenCL C 1.2 ", "driver_version": "545.23.06", "iterations": 32, "compiler_options": ["-I/home/fjwillem/Code/kernel_tuner_paper/kernels/gemm_cltune_opencl/"], "best_config": {"nvml_gr_clock": 840, "nvml_mem_clock": 6501, "GEMMK": 0, "MWG": 128, "NWG": 128, "KWG": 32, "MDIMC": 16, "NDIMC": 8, "MDIMA": 32, "NDIMB": 32, "KWI": 2, "VWM": 4, "VWN": 2, "STRM": 1, "STRN": 0, "SA": 1, "SB": 1, "KREG": 1, "PRECISION": 32, "core_freqs": [840.0, 840.0, 840.0, 840.0, 840.0, 840.0, 840.0, 840.0, 840.0, 840.0, 840.0, 840.0, 840.0, 840.0, 840.0, 840.0, 840.0, 840.0, 840.0, 840.0, 840.0, 840.0, 840.0, 840.0, 840.0, 840.0, 840.0, 840.0, 840.0, 840.0, 840.0, 840.0], "core_freq": 840.0, "mem_freqs": [6501.0, 6501.0, 6501.0, 6501.0, 6501.0, 6501.0, 6501.0, 6501.0, 6501.0, 6501.0, 6501.0, 6501.0, 6501.0, 6501.0, 6501.0, 6501.0, 6501.0, 6501.0, 6501.0, 6501.0, 6501.0, 6501.0, 6501.0, 6501.0, 6501.0, 6501.0, 6501.0, 6501.0, 6501.0, 6501.0, 6501.0, 6501.0], "mem_freq": 6501.0, "temperatures": [55.0, 55.40856031128405, 56.0, 56.0, 56.0, 56.0, 56.713178294573645, 57.0, 57.0, 57.0, 57.0, 57.0, 57.0, 57.0, 57.0, 57.0, 57.0, 57.536964980544745, 58.0, 58.0, 58.0, 58.0, 58.0, 58.0, 58.0, 58.0, 58.0, 58.0, 58.0, 58.0, 58.0, 58.0], "temperature": 57.20808448707508, "time": 18.445951, "times": [18.461696, 18.430975999999998, 18.442239999999998, 18.441216, 18.446336, 18.438143999999998, 18.456576, 18.443264, 18.453504, 18.454528, 18.449408, 18.455552, 18.445311999999998, 18.443264, 18.448384, 18.4576, 18.438143999999998, 18.429952, 18.425856, 18.441216, 18.441216, 18.449408, 18.446336, 18.455552, 18.43712, 18.448384, 18.439168, 18.450432, 18.452479999999998, 18.444256, 18.461696, 18.441216], "pwr_core_freqs": [840.0], "pwr_core_freq": 840.0, "pwr_mem_freqs": [6501.0], "pwr_mem_freq": 6501.0, "pwr_temperatures": [58.175183660289015], "pwr_temperature": 58.175183660289015, "nvml_energy": 1.7832807588760002, "compile_time": 361.0833315178752, "verification_time": 0, "benchmark_time": 2396.709242835641, "GFLOP/s": 7452.719998226168, "strategy_time": 0, "framework_time": 1.7499309033155441, "timestamp": "2024-02-15 10:30:04.084428+00:00"}, "total_framework_time": 194099.56930484623, "total_strategy_time": 0, "total_compile_time": 21187458.02167058, "total_verification_time": 0, "total_benchmark_time": 237143051.13987526, "overhead_time": 8532.272944271564, "execution_time": 258533.30026102066}