{"device_name": "NVIDIA RTX A4000", "simulation": true, "simulated_time": 4822090.056474321, "best_config": {"block_size_x": 64, "block_size_y": 2, "tile_size_x": 1, "tile_size_y": 4, "read_only": 1, "use_padding": 0, "time": 1.6846474647521972, "times": [1.6875519752502441, 1.6773120164871216, 1.674239993095398, 1.6752640008926392, 1.6762559413909912, 1.6762880086898804, 1.674239993095398, 1.6762880086898804, 1.6762880086898804, 1.6762239933013916, 1.674239993095398, 1.6783360242843628, 1.6762880086898804, 1.674239993095398, 1.6762880086898804, 1.6752640008926392, 1.6762880086898804, 1.674239993095398, 1.6762880086898804, 1.6752640008926392, 1.6752640008926392, 1.6895999908447266, 1.7070080041885376, 1.7049599885940552, 1.7070080041885376, 1.7059839963912964, 1.7059839963912964, 1.7049599885940552, 1.7059839963912964, 1.7059839963912964], "compile_time": 1285.9825459308922, "verification_time": 0, "benchmark_time": 51.919391844421625, "GFLOP/s": 5756.23746267081, "strategy_time": 0, "framework_time": 0.015890225768089294, "timestamp": "2024-01-16 12:40:29.181612+00:00"}, "total_framework_time": 105.41398264467716, "total_strategy_time": 0, "total_compile_time": 4567077.097734436, "total_verification_time": 0, "total_benchmark_time": 255012.9587398842, "overhead_time": 15.512126497924328, "execution_time": 0.12267374992370605}