{"device_name": "NVIDIA RTX A4000", "simulation": true, "simulated_time": 74842664.04642908, "best_config": {"nvml_gr_clock": 840, "nvml_mem_clock": 6501, "MWG": 128, "NWG": 128, "KWG": 32, "MDIMC": 16, "NDIMC": 8, "MDIMA": 32, "NDIMB": 32, "KWI": 2, "VWM": 4, "VWN": 4, "STRM": 0, "STRN": 0, "SA": 1, "SB": 1, "PRECISION": 32, "core_freqs": [840.0, 840.0, 840.0, 840.0, 840.0, 840.0, 840.0, 840.0, 840.0, 840.0, 840.0, 840.0, 840.0, 840.0, 840.0, 840.0, 840.0, 840.0, 840.0, 840.0, 840.0, 840.0, 840.0, 840.0, 840.0, 840.0, 840.0, 840.0, 840.0, 840.0, 840.0, 840.0], "core_freq": 840.0, "mem_freqs": [6501.0, 6501.0, 6501.0, 6501.0, 6501.0, 6501.0, 6501.0, 6501.0, 6501.0, 6501.0, 6501.0, 6501.0, 6501.0, 6501.0, 6501.0, 6501.0, 6501.0, 6501.0, 6501.0, 6501.0, 6501.0, 6501.0, 6501.0, 6501.0, 6501.0, 6501.0, 6501.0, 6501.0, 6501.0, 6501.0, 6501.0, 6501.0], "mem_freq": 6501.0, "temperatures": [58.0, 58.3728813559322, 59.0, 59.0, 59.0, 59.0, 59.86940298507463, 60.0, 60.0, 60.0, 60.0, 60.0, 60.0, 60.0, 60.0, 60.0, 60.0, 60.0, 60.0, 60.17407407407408, 61.0, 61.0, 61.0, 61.0, 61.0, 61.0, 61.0, 61.0, 61.0, 61.0, 61.0, 61.0], "temperature": 60.13801120047128, "time": 19.3209890127182, "times": [19.390464782714844, 19.320831298828125, 19.321855545043945, 19.305471420288086, 19.325952529907227, 19.322879791259766, 19.315711975097656, 19.329023361206055, 19.32080078125, 19.301376342773438, 19.344383239746094, 19.308544158935547, 19.297279357910156, 19.319807052612305, 19.318784713745117, 19.310592651367188, 19.313663482666016, 19.323904037475586, 19.320768356323242, 19.333120346069336, 19.311616897583008, 19.320831298828125, 19.321855545043945, 19.317760467529297, 19.316736221313477, 19.311616897583008, 19.325952529907227, 19.320831298828125, 19.299327850341797, 19.332096099853516, 19.307519912719727, 19.340288162231445], "pwr_core_freqs": [840.0], "pwr_core_freq": 840.0, "pwr_mem_freqs": [6501.0], "pwr_mem_freq": 6501.0, "pwr_temperatures": [61.00077106947336], "pwr_temperature": 61.00077106947336, "nvml_energy": 1.9022093312691453, "compile_time": 328.96919175982475, "verification_time": 0, "benchmark_time": 2409.8750818520784, "GFLOP/s": 3558.4633438144783, "strategy_time": 0, "framework_time": 0.036889687180519104, "timestamp": "2024-02-05 17:03:21.914215+00:00"}, "total_framework_time": 2570.4020000994205, "total_strategy_time": 0, "total_compile_time": 4286104.803473689, "total_verification_time": 0, "total_benchmark_time": 70556559.24295546, "overhead_time": 110.66017106175423, "execution_time": 2.698291540145874}