{"device_name": "NVIDIA RTX A4000", "simulation": true, "simulated_time": 8775597.560115159, "best_config": {"nvml_gr_clock": 1560, "MWG": 128, "NWG": 128, "KWG": 32, "MDIMC": 16, "NDIMC": 8, "MDIMA": 8, "NDIMB": 16, "KWI": 2, "VWM": 1, "VWN": 1, "STRM": 0, "STRN": 1, "SA": 0, "SB": 0, "PRECISION": 32, "core_freqs": [1560.0, 1560.0, 1560.0, 1560.0, 1560.0, 1560.0, 1560.0, 1560.0, 1560.0, 1560.0, 1560.0, 1560.0, 1560.0, 1560.0, 1560.0, 1560.0, 1560.0, 1560.0, 1560.0, 1560.0, 1560.0, 1560.0, 1560.0, 1560.0, 1560.0, 1560.0, 1560.0, 1560.0, 1560.0, 1560.0, 1560.0, 1560.0], "core_freq": 1560.0, "mem_freqs": [6501.0, 6501.0, 6501.0, 6501.0, 6501.0, 6501.0, 6501.0, 6501.0, 6501.0, 6501.0, 6501.0, 6501.0, 6501.0, 6501.0, 6501.0, 6501.0, 6501.0, 6501.0, 6501.0, 6501.0, 6501.0, 6501.0, 6501.0, 6501.0, 6501.0, 6501.0, 6501.0, 6501.0, 6501.0, 6501.0, 6501.0, 6501.0], "mem_freq": 6501.0, "temperatures": [48.0, 48.0, 48.0, 48.0, 48.0, 48.0, 48.0, 48.0, 48.0, 48.0, 48.0, 48.0, 48.0, 48.0, 48.0, 48.0, 48.0, 48.0, 48.0, 48.0, 48.0, 48.0, 48.0, 48.0, 48.0, 48.0, 48.0, 48.0, 48.0, 48.0, 48.0, 48.0], "temperature": 48.0, "time": 0.03110600041691214, "times": [0.08294399827718735, 0.03174399957060814, 0.02969600073993206, 0.030688000842928886, 0.02969600073993206, 0.02969600073993206, 0.02969600073993206, 0.02969600073993206, 0.02969600073993206, 0.02969600073993206, 0.02969600073993206, 0.02969600073993206, 0.02969600073993206, 0.028672000393271446, 0.030592000111937523, 0.028672000393271446, 0.02969600073993206, 0.028672000393271446, 0.028704000636935234, 0.028672000393271446, 0.028672000393271446, 0.028672000393271446, 0.02969600073993206, 0.02969600073993206, 0.02969600073993206, 0.02879999950528145, 0.02969600073993206, 0.029600000008940697, 0.028672000393271446, 0.028831999748945236, 0.028672000393271446, 0.028672000393271446], "pwr_core_freqs": [1560.0], "pwr_core_freq": 1560.0, "pwr_mem_freqs": [6501.0], "pwr_mem_freq": 6501.0, "pwr_temperatures": [48.0], "pwr_temperature": 48.0, "nvml_energy": 0.0016139348316314864, "compile_time": 59.960425831377506, "verification_time": 0, "benchmark_time": 451.12725626677275, "GFLOP/s": 282795273.4269664, "strategy_time": 0, "framework_time": 0.03449525684118271, "timestamp": "2024-01-19 15:55:42.990791+00:00"}, "total_framework_time": 1355.001469142735, "total_strategy_time": 0, "total_compile_time": 682310.8188370243, "total_verification_time": 0, "total_benchmark_time": 8093286.741278134, "overhead_time": 70.2668922021985, "execution_time": 1.4354815483093262}