{"platform_name": "NVIDIA CUDA", "platform_version": "OpenCL 3.0 CUDA 12.3.68", "device_name": "NVIDIA RTX A4000", "device_version": "OpenCL 3.0 CUDA", "opencl_c_version": "OpenCL C 1.2 ", "driver_version": "545.23.06", "iterations": 32, "compiler_options": ["-I/home/fjwillem/Code/kernel_tuner_paper/kernels/gemm_opencl/"], "best_config": {"nvml_gr_clock": 840, "nvml_mem_clock": 6501, "MWG": 128, "NWG": 128, "MDIMC": 16, "NDIMC": 8, "MDIMA": 32, "NDIMB": 32, "VWM": 4, "VWN": 2, "SA": 1, "SB": 1, "KWG": 32, "KWI": 2, "STRM": 0, "STRN": 0, "PRECISION": 32, "REPEAT": 244, "core_freqs": [840.0, 840.0, 840.0, 840.0, 840.0, 840.0, 840.0, 840.0, 840.0, 840.0, 840.0, 840.0, 840.0, 840.0, 840.0, 840.0, 840.0, 840.0, 840.0, 840.0, 840.0, 840.0, 840.0, 840.0, 840.0, 840.0, 840.0, 840.0, 840.0, 840.0, 840.0, 840.0], "core_freq": 840.0, "mem_freqs": [6501.0, 6501.0, 6501.0, 6501.0, 6501.0, 6501.0, 6501.0, 6501.0, 6501.0, 6501.0, 6501.0, 6501.0, 6501.0, 6501.0, 6501.0, 6501.0, 6501.0, 6501.0, 6501.0, 6501.0, 6501.0, 6501.0, 6501.0, 6501.0, 6501.0, 6501.0, 6501.0, 6501.0, 6501.0, 6501.0, 6501.0, 6501.0], "mem_freq": 6501.0, "temperatures": [63.0, 63.0, 63.203619909502265, 64.0, 64.0, 64.0, 64.0, 64.0, 64.0, 64.0, 64.0, 64.0, 64.0, 64.0, 64.0, 64.0, 64.74074074074075, 65.0, 65.0, 65.0, 65.0, 65.0, 65.0, 65.0, 65.0, 65.0, 65.0, 65.0, 65.0, 65.0, 65.0, 65.0], "temperature": 64.4045112703201, "time": 19.633854, "times": [19.61984, 19.621888, 19.63008, 19.622912, 19.628, 19.631104, 19.61776, 19.642367999999998, 19.628031999999997, 19.628031999999997, 19.635199999999998, 19.635199999999998, 19.643392, 19.643392, 19.656703999999998, 19.66592, 19.651584, 19.649535999999998, 19.649535999999998, 19.651584, 19.624959999999998, 19.622912, 19.634176, 19.618816, 19.617791999999998, 19.63008, 19.629056, 19.633152, 19.628031999999997, 19.632127999999998, 19.633152, 19.627008], "pwr_core_freqs": [840.0], "pwr_core_freq": 840.0, "pwr_mem_freqs": [6501.0], "pwr_mem_freq": 6501.0, "pwr_temperatures": [65.0], "pwr_temperature": 65.0, "nvml_energy": 1.929458100288, "compile_time": 325.2745382487774, "verification_time": 0, "benchmark_time": 1644.802063703537, "GFLOP/s": 7001.809624539329, "strategy_time": 0, "framework_time": 1.3635773211717606, "timestamp": "2024-02-10 11:39:41.095176+00:00"}, "total_framework_time": 2527.177322655916, "total_strategy_time": 0, "total_compile_time": 401289.11249153316, "total_verification_time": 0, "total_benchmark_time": 1648791.7514676228, "overhead_time": 3753.2275514677167, "execution_time": 2056.369356393814}