{"device_name": "NVIDIA RTX A4000", "simulation": true, "simulated_time": 57522006.2683858, "best_config": {"nvml_gr_clock": 840, "nvml_mem_clock": 6501, "MWG": 128, "NWG": 128, "KWG": 32, "MDIMC": 16, "NDIMC": 8, "MDIMA": 32, "NDIMB": 32, "KWI": 2, "VWM": 4, "VWN": 2, "STRM": 0, "STRN": 0, "SA": 1, "SB": 1, "PRECISION": 32, "core_freqs": [840.0, 840.0, 840.0, 840.0, 840.0, 840.0, 840.0, 840.0, 840.0, 840.0, 840.0, 840.0, 840.0, 840.0, 840.0, 840.0, 840.0, 840.0, 840.0, 840.0, 840.0, 840.0, 840.0, 840.0, 840.0, 840.0, 840.0, 840.0, 840.0, 840.0, 840.0, 840.0], "core_freq": 840.0, "mem_freqs": [6501.0, 6501.0, 6501.0, 6501.0, 6501.0, 6501.0, 6501.0, 6501.0, 6501.0, 6501.0, 6501.0, 6501.0, 6501.0, 6501.0, 6501.0, 6501.0, 6501.0, 6501.0, 6501.0, 6501.0, 6501.0, 6501.0, 6501.0, 6501.0, 6501.0, 6501.0, 6501.0, 6501.0, 6501.0, 6501.0, 6501.0, 6501.0], "mem_freq": 6501.0, "temperatures": [58.08457711442786, 59.0, 59.0, 59.193693693693696, 60.0, 60.0, 60.0, 60.0, 60.0, 60.15981735159817, 61.0, 61.0, 61.0, 61.0, 61.0, 61.0, 61.0, 61.0, 61.0, 61.0, 61.0, 61.0, 61.0, 61.0, 61.0, 61.0, 61.0, 61.0, 61.0, 61.0, 61.0, 61.0], "temperature": 60.544940254991246, "time": 19.642013999999996, "times": [19.634112, 19.631104, 19.635199999999998, 19.639295999999998, 19.637248, 19.65568, 19.654656, 19.657728, 19.656703999999998, 19.658752, 19.648512, 19.647488, 19.632127999999998, 19.631104, 19.638272, 19.635199999999998, 19.633152, 19.638272, 19.63008, 19.639295999999998, 19.629056, 19.631104, 19.623936, 19.642367999999998, 19.623936, 19.633152, 19.646463999999998, 19.654656, 19.647488, 19.661824, 19.653631999999998, 19.662848], "pwr_core_freqs": [840.0], "pwr_core_freq": 840.0, "pwr_mem_freqs": [6501.0], "pwr_mem_freq": 6501.0, "pwr_temperatures": [61.099733536353256], "pwr_temperature": 61.099733536353256, "nvml_energy": 1.8738088515719995, "compile_time": 329.42104432731867, "verification_time": 0, "benchmark_time": 1647.216166369617, "GFLOP/s": 6998.900820659227, "strategy_time": 0, "framework_time": 0.029966235160827637, "timestamp": "2024-02-10 04:03:41.849377+00:00"}, "total_framework_time": 1949.4999600574374, "total_strategy_time": 0, "total_compile_time": 4324287.870289758, "total_verification_time": 0, "total_benchmark_time": 53197718.39809604, "overhead_time": 101.83144360780716, "execution_time": 2.0675737857818604}