{"platform_name": "NVIDIA CUDA", "platform_version": "OpenCL 3.0 CUDA 12.3.68", "device_name": "NVIDIA RTX A4000", "device_version": "OpenCL 3.0 CUDA", "opencl_c_version": "OpenCL C 1.2 ", "driver_version": "545.23.06", "iterations": 32, "compiler_options": ["-I/home/fjwillem/Code/kernel_tuner_paper/kernels/gemm_opencl/"], "best_config": {"nvml_gr_clock": 840, "nvml_mem_clock": 6501, "MWG": 128, "NWG": 128, "MDIMC": 16, "NDIMC": 8, "MDIMA": 32, "NDIMB": 32, "VWM": 4, "VWN": 2, "SA": 1, "SB": 1, "KWG": 32, "KWI": 2, "STRM": 0, "STRN": 0, "PRECISION": 32, "REPEAT": 853, "core_freqs": [840.0, 840.0, 840.0, 840.0, 840.0, 840.0, 840.0, 840.0, 840.0, 840.0, 840.0, 840.0, 840.0, 840.0, 840.0, 840.0, 840.0, 840.0, 840.0, 840.0, 840.0, 840.0, 840.0, 840.0, 840.0, 840.0, 840.0, 840.0, 840.0, 840.0, 840.0, 840.0], "core_freq": 840.0, "mem_freqs": [6501.0, 6501.0, 6501.0, 6501.0, 6501.0, 6501.0, 6501.0, 6501.0, 6501.0, 6501.0, 6501.0, 6501.0, 6501.0, 6501.0, 6501.0, 6501.0, 6501.0, 6501.0, 6501.0, 6501.0, 6501.0, 6501.0, 6501.0, 6501.0, 6501.0, 6501.0, 6501.0, 6501.0, 6501.0, 6501.0, 6501.0, 6501.0], "mem_freq": 6501.0, "temperatures": [54.0, 54.638297872340424, 55.0, 55.0, 55.0, 55.166666666666664, 56.0, 56.0, 56.0, 56.0, 56.0, 56.0, 56.0, 56.035555555555554, 56.0, 56.0, 56.0, 56.20434782608696, 57.0, 57.0, 57.0, 57.0, 57.0, 57.0, 57.0, 57.0, 57.0, 57.0, 57.0, 57.0, 57.0, 57.0], "temperature": 56.2201521225203, "time": 19.633119999999998, "times": [19.642367999999998, 19.628031999999997, 19.61984, 19.628031999999997, 19.622912, 19.622912, 19.64032, 19.620863999999997, 19.633152, 19.624959999999998, 19.622912, 19.628031999999997, 19.638272, 19.637248, 19.642367999999998, 19.65056, 19.67616, 19.659776, 19.644416, 19.635199999999998, 19.646463999999998, 19.628031999999997, 19.642367999999998, 19.625984, 19.616768, 19.617791999999998, 19.637248, 19.624959999999998, 19.620863999999997, 19.625984, 19.627008, 19.628031999999997], "compile_time": 332.1585450321436, "verification_time": 0, "benchmark_time": 1411.7309311404824, "GFLOP/s": 7002.071392830076, "strategy_time": 0, "framework_time": 1.2626675888895988, "timestamp": "2024-02-12 16:31:30.329642+00:00"}, "total_framework_time": 1571.831887587905, "total_strategy_time": 0, "total_compile_time": 344735.03175284714, "total_verification_time": 0, "total_benchmark_time": 1409891.9610977173, "overhead_time": 4004.487925209105, "execution_time": 1760.2079005241394}