{"device_name": "NVIDIA RTX A4000", "simulation": true, "simulated_time": 24438081.870420836, "best_config": {"MWG": 128, "NWG": 128, "KWG": 32, "MDIMC": 16, "NDIMC": 8, "MDIMA": 16, "NDIMB": 32, "KWI": 2, "VWM": 8, "VWN": 4, "STRM": 0, "STRN": 0, "SA": 1, "SB": 1, "PRECISION": 32, "time": 13.056340266666666, "times": [9.971712, 9.99936, 12.904447999999999, 14.713856, 14.570495999999999, 13.73184, 13.496319999999999, 13.323264, 13.35296, 13.241344, 13.056, 13.353983999999999, 13.25568, 13.194239999999999, 13.191168, 13.095936, 13.048831999999999, 13.05088, 13.041663999999999, 13.04064, 13.042688, 13.04064, 13.049856, 13.195264, 13.107168, 13.053951999999999, 13.198336, 13.105151999999999, 13.057024, 13.205504], "compile_time": 280.7042235508561, "verification_time": 0, "benchmark_time": 399.08903278410435, "GFLOP/s": 10529.176254311673, "strategy_time": 0, "framework_time": 0.019437633454799652, "timestamp": "2024-01-16 09:53:17.604068+00:00"}, "total_framework_time": 1121.1298760026693, "total_strategy_time": 0, "total_compile_time": 4489833.50067772, "total_verification_time": 0, "total_benchmark_time": 19948248.369743116, "overhead_time": 68.09553224593401, "execution_time": 1.201366662979126}