{"platform_name": "NVIDIA CUDA", "platform_version": "OpenCL 3.0 CUDA 12.3.68", "device_name": "NVIDIA RTX A4000", "device_version": "OpenCL 3.0 CUDA", "opencl_c_version": "OpenCL C 1.2 ", "driver_version": "545.23.06", "iterations": 30, "compiler_options": ["-I/home/fjwillem/Code/kernel_tuner_paper/kernels/gemm/"], "best_config": {"MWG": 128, "NWG": 128, "MDIMC": 16, "NDIMC": 8, "MDIMA": 16, "NDIMB": 32, "VWM": 8, "VWN": 4, "SA": 1, "SB": 1, "KWG": 32, "KWI": 2, "STRM": 0, "STRN": 0, "PRECISION": 32, "REPEAT": 16, "time": 12.6724384, "times": [9.833472, 9.833344, 9.846784, 13.538336, 13.929471999999999, 13.661183999999999, 13.348863999999999, 13.17376, 13.04576, 13.047808, 12.951552, 12.903424, 12.931071999999999, 12.886016, 12.791808, 12.893087999999999, 12.864512, 12.749824, 12.877823999999999, 12.847135999999999, 12.744703999999999, 12.870655999999999, 12.863488, 12.756991999999999, 12.879871999999999, 12.870655999999999, 12.752896, 12.859392, 12.86656, 12.752896], "compile_time": 285.50002072006464, "verification_time": 0, "benchmark_time": 387.71520275622606, "GFLOP/s": 10848.149627146737, "strategy_time": 0, "framework_time": 1.3081571087241173, "timestamp": "2024-01-16 12:28:16.975247+00:00"}, "total_framework_time": 1482.2449395433068, "total_strategy_time": 0, "total_compile_time": 284059.4237046316, "total_verification_time": 0, "total_benchmark_time": 414458.9627282694, "overhead_time": 1521.8782871961594, "execution_time": 701.5268304347992}