{"device_name": "NVIDIA RTX A4000", "simulation": true, "simulated_time": 58137.842445401475, "best_config": {"nvml_gr_clock": 840, "nvml_mem_clock": 6501, "GEMMK": 0, "MWG": 64, "NWG": 64, "KWG": 32, "MDIMC": 8, "NDIMC": 8, "MDIMA": 32, "NDIMB": 32, "KWI": 2, "VWM": 2, "VWN": 2, "STRM": 1, "STRN": 0, "SA": 1, "SB": 1, "KREG": 1, "PRECISION": 32, "core_freqs": [840.0, 840.0, 840.0, 840.0, 840.0, 840.0, 840.0], "core_freq": 840.0, "mem_freqs": [6501.0, 6501.0, 6501.0, 6501.0, 6501.0, 6501.0, 6501.0], "mem_freq": 6501.0, "temperatures": [60.0, 60.0, 60.67697594501718, 61.0, 61.0, 61.93356643356643, 62.0], "temperature": 60.944363196940515, "time": 20.847026285714286, "times": [20.854784, 20.844544, 20.847616, 20.837376, 20.856832, 20.84656, 20.841472], "compile_time": 498.4695711173117, "verification_time": 0, "benchmark_time": 151.56020689755678, "GFLOP/s": 6594.346168124945, "strategy_time": 0.01422688364982605, "framework_time": 0.10222010314464569, "timestamp": "2024-03-15 13:43:55.962074+00:00"}, "total_framework_time": 12.395791709423065, "total_strategy_time": 4938.44154663384, "total_compile_time": 32263.853275682777, "total_verification_time": 0, "total_benchmark_time": 25873.989169718698, "overhead_time": 262.8048602491617, "execution_time": 5.279822826385498}