{"device_name": "NVIDIA RTX A4000", "simulation": true, "simulated_time": 64393.16527801566, "best_config": {"nvml_gr_clock": 840, "nvml_mem_clock": 6501, "GEMMK": 0, "MWG": 32, "NWG": 128, "KWG": 16, "MDIMC": 8, "NDIMC": 8, "MDIMA": 8, "NDIMB": 32, "KWI": 2, "VWM": 4, "VWN": 4, "STRM": 1, "STRN": 1, "SA": 0, "SB": 1, "KREG": 1, "PRECISION": 32, "core_freqs": [840.0, 840.0, 840.0, 840.0, 840.0, 840.0, 840.0], "core_freq": 840.0, "mem_freqs": [6501.0, 6501.0, 6501.0, 6501.0, 6501.0, 6501.0, 6501.0], "mem_freq": 6501.0, "temperatures": [58.0, 58.93950177935943, 59.47463768115942, 60.0, 60.0, 60.566901408450704, 61.0], "temperature": 59.711577266995654, "time": 20.47122285714286, "times": [20.458496, 20.462592, 20.468736, 20.459519999999998, 20.468736, 20.478976, 20.501504], "compile_time": 326.02100796066225, "verification_time": 0, "benchmark_time": 146.66052488610148, "GFLOP/s": 6715.402829784193, "strategy_time": 6.437305361032486, "framework_time": 0.17521902918815613, "timestamp": "2024-03-15 09:31:10.400056+00:00"}, "total_framework_time": 12.536689639091492, "total_strategy_time": 5086.804019287229, "total_compile_time": 37679.24413178116, "total_verification_time": 0, "total_benchmark_time": 26713.921146234497, "overhead_time": 248.200548812747, "execution_time": 5.420756578445435}