{"platform_name": "NVIDIA CUDA", "platform_version": "OpenCL 3.0 CUDA 12.3.68", "device_name": "NVIDIA RTX A4000", "device_version": "OpenCL 3.0 CUDA", "opencl_c_version": "OpenCL C 1.2 ", "driver_version": "545.23.06", "iterations": 7, "compiler_options": ["-I/home/fjwillem/Code/kernel_tuner_paper/kernels/gemm_cltune_opencl/"], "best_config": {"nvml_gr_clock": 840, "nvml_mem_clock": 6501, "GEMMK": 0, "MWG": 32, "NWG": 128, "KWG": 32, "MDIMC": 8, "NDIMC": 16, "MDIMA": 32, "NDIMB": 16, "KWI": 2, "VWM": 1, "VWN": 4, "STRM": 1, "STRN": 0, "SA": 1, "SB": 0, "KREG": 1, "PRECISION": 32, "core_freqs": [840.0, 840.0, 840.0, 840.0, 840.0, 840.0, 840.0], "core_freq": 840.0, "mem_freqs": [6501.0, 6501.0, 6501.0, 6501.0, 6501.0, 6501.0, 6501.0], "mem_freq": 6501.0, "temperatures": [58.0, 58.4907063197026, 59.0, 59.1124031007752, 60.0, 60.0, 60.0], "temperature": 59.229015631496836, "time": 24.979017142857142, "times": [24.983552, 24.973312, 24.978431999999998, 24.983552, 24.976384, 24.979456, 24.978431999999998], "compile_time": 171.42719961702824, "verification_time": 0, "benchmark_time": 178.19551564753056, "GFLOP/s": 5503.519498696964, "strategy_time": 0.019315630197525024, "framework_time": 2.1422486752271652, "timestamp": "2024-07-09 10:07:06.982644+00:00"}, "total_framework_time": 213.88938650488853, "total_strategy_time": 719.8888678103685, "total_compile_time": 27906.641267240047, "total_verification_time": 0, "total_benchmark_time": 32164.882803335786, "overhead_time": 2675.96073448658, "execution_time": 63.695735454559326}