{"platform_name": "NVIDIA CUDA", "platform_version": "OpenCL 3.0 CUDA 12.3.68", "device_name": "NVIDIA RTX A4000", "device_version": "OpenCL 3.0 CUDA", "opencl_c_version": "OpenCL C 1.2 ", "driver_version": "545.23.06", "iterations": 7, "compiler_options": ["-I/home/fjwillem/Code/kernel_tuner_paper/kernels/gemm_cltune_opencl/"], "best_config": {"nvml_gr_clock": 840, "nvml_mem_clock": 6501, "GEMMK": 0, "MWG": 64, "NWG": 128, "KWG": 32, "MDIMC": 8, "NDIMC": 16, "MDIMA": 32, "NDIMB": 16, "KWI": 2, "VWM": 2, "VWN": 2, "STRM": 0, "STRN": 1, "SA": 1, "SB": 0, "KREG": 1, "PRECISION": 32, "core_freqs": [840.0, 840.0, 840.0, 840.0, 840.0, 840.0, 840.0], "core_freq": 840.0, "mem_freqs": [6501.0, 6501.0, 6501.0, 6501.0, 6501.0, 6501.0, 6501.0], "mem_freq": 6501.0, "temperatures": [56.0, 56.0, 56.33054393305439, 57.0, 57.0, 57.0, 57.0], "temperature": 56.61864913329349, "time": 23.92019657142857, "times": [24.105984, 23.582687999999997, 23.970816, 24.054783999999998, 23.842816, 24.080384, 23.803904], "compile_time": 87.20529079437256, "verification_time": 0, "benchmark_time": 175.86264200508595, "GFLOP/s": 5747.13119490848, "strategy_time": 0.07251463830471039, "framework_time": 2.0830482244491577, "timestamp": "2024-07-11 07:53:46.757073+00:00"}, "total_framework_time": 214.27815780043602, "total_strategy_time": 729.4542156159878, "total_compile_time": 27889.313090592623, "total_verification_time": 0, "total_benchmark_time": 33703.60868237913, "overhead_time": 2953.0965872108936, "execution_time": 65.50203585624695}