{"device_name": "NVIDIA RTX A4000", "simulation": true, "simulated_time": 120381.83646183461, "best_config": {"nvml_gr_clock": 840, "nvml_mem_clock": 6501, "GEMMK": 0, "MWG": 64, "NWG": 128, "KWG": 32, "MDIMC": 8, "NDIMC": 16, "MDIMA": 8, "NDIMB": 32, "KWI": 2, "VWM": 4, "VWN": 1, "STRM": 1, "STRN": 0, "SA": 1, "SB": 1, "KREG": 1, "PRECISION": 32, "core_freqs": [840.0, 840.0, 840.0, 840.0, 840.0, 840.0, 840.0], "core_freq": 840.0, "mem_freqs": [6501.0, 6501.0, 6501.0, 6501.0, 6501.0, 6501.0, 6501.0], "mem_freq": 6501.0, "temperatures": [59.02554744525548, 60.0, 60.0, 60.15438596491228, 61.0, 61.0, 61.0], "temperature": 60.3114190585954, "time": 20.419730285714284, "times": [20.417536, 20.420607999999998, 20.413439999999998, 20.4288, 20.40832, 20.425728, 20.423679999999997], "compile_time": 472.3800600040704, "verification_time": 0, "benchmark_time": 146.33936807513237, "GFLOP/s": 6732.33710634152, "strategy_time": 0.0017131678760051727, "framework_time": 0.04110671579837799, "timestamp": "2024-03-15 16:03:39.249515+00:00"}, "total_framework_time": 7.761429296806455, "total_strategy_time": 4054.441160755232, "total_compile_time": 44658.27018022537, "total_verification_time": 0, "total_benchmark_time": 75723.56628160924, "overhead_time": 257.57316406816244, "execution_time": 4.384611368179321}