{"platform_name": "NVIDIA CUDA", "platform_version": "OpenCL 3.0 CUDA 12.3.68", "device_name": "NVIDIA RTX A4000", "device_version": "OpenCL 3.0 CUDA", "opencl_c_version": "OpenCL C 1.2 ", "driver_version": "545.23.06", "iterations": 7, "compiler_options": ["-I/home/fjwillem/Code/kernel_tuner_paper/kernels/gemm_cltune_opencl/"], "best_config": {"nvml_gr_clock": 840, "nvml_mem_clock": 6501, "GEMMK": 0, "MWG": 128, "NWG": 128, "KWG": 16, "MDIMC": 16, "NDIMC": 8, "MDIMA": 8, "NDIMB": 32, "KWI": 2, "VWM": 2, "VWN": 1, "STRM": 1, "STRN": 1, "SA": 0, "SB": 1, "KREG": 1, "PRECISION": 32, "core_freqs": [840.0, 840.0, 840.0, 840.0, 840.0, 840.0, 840.0], "core_freq": 840.0, "mem_freqs": [6501.0, 6501.0, 6501.0, 6501.0, 6501.0, 6501.0, 6501.0], "mem_freq": 6501.0, "temperatures": [57.0, 57.0, 57.669201520912544, 58.0, 58.0, 58.94170403587444, 59.0], "temperature": 57.944415079540995, "time": 21.959378285714283, "times": [21.961727999999997, 21.956608, 21.956543999999997, 21.95456, 21.96992, 21.962752, 21.953536], "compile_time": 439.6247398108244, "verification_time": 0, "benchmark_time": 156.17885999381542, "GFLOP/s": 6260.309655188781, "strategy_time": 0.016961246728897095, "framework_time": 1.9029024988412857, "timestamp": "2024-07-11 08:32:06.263372+00:00"}, "total_framework_time": 193.25286336243153, "total_strategy_time": 8189.469810575247, "total_compile_time": 28154.006127268076, "total_verification_time": 0, "total_benchmark_time": 22987.393345683813, "overhead_time": 2938.669189810753, "execution_time": 62.47437787055969}