{"device_name": "NVIDIA RTX A4000", "simulation": true, "simulated_time": 120058.9831257239, "best_config": {"nvml_gr_clock": 840, "nvml_mem_clock": 6501, "GEMMK": 0, "MWG": 128, "NWG": 64, "KWG": 16, "MDIMC": 16, "NDIMC": 8, "MDIMA": 8, "NDIMB": 8, "KWI": 2, "VWM": 4, "VWN": 8, "STRM": 1, "STRN": 0, "SA": 1, "SB": 1, "KREG": 1, "PRECISION": 32, "core_freqs": [840.0, 840.0, 840.0, 840.0, 840.0, 840.0, 840.0], "core_freq": 840.0, "mem_freqs": [6501.0, 6501.0, 6501.0, 6501.0, 6501.0, 6501.0, 6501.0], "mem_freq": 6501.0, "temperatures": [58.783018867924525, 59.32472324723247, 60.0, 60.0, 60.0, 60.0, 60.94525547445255], "temperature": 59.86471394137279, "time": 19.93991314285714, "times": [19.946496, 19.929088, 19.946496, 19.944447999999998, 19.935232, 19.93216, 19.945472], "compile_time": 294.6146579924971, "verification_time": 0, "benchmark_time": 142.88740581832826, "GFLOP/s": 6894.3383513806975, "strategy_time": 0.0015529803931713104, "framework_time": 0.045073917135596275, "timestamp": "2024-03-15 20:46:05.826611+00:00"}, "total_framework_time": 7.900926284492016, "total_strategy_time": 3834.1218766290694, "total_compile_time": 46231.290550203994, "total_verification_time": 0, "total_benchmark_time": 73827.6925755199, "overhead_time": 261.7361240554601, "execution_time": 4.168208122253418}