{"platform_name": "NVIDIA CUDA", "platform_version": "OpenCL 3.0 CUDA 12.3.68", "device_name": "NVIDIA RTX A4000", "device_version": "OpenCL 3.0 CUDA", "opencl_c_version": "OpenCL C 1.2 ", "driver_version": "545.23.06", "iterations": 7, "compiler_options": ["-I/home/fjwillem/Code/kernel_tuner_paper/kernels/gemm_cltune_opencl/"], "best_config": {"nvml_gr_clock": 840, "nvml_mem_clock": 6501, "GEMMK": 0, "MWG": 128, "NWG": 128, "KWG": 16, "MDIMC": 16, "NDIMC": 8, "MDIMA": 32, "NDIMB": 8, "KWI": 2, "VWM": 4, "VWN": 2, "STRM": 0, "STRN": 1, "SA": 1, "SB": 1, "KREG": 1, "PRECISION": 32, "core_freqs": [840.0, 840.0, 840.0, 840.0, 840.0, 840.0, 840.0], "core_freq": 840.0, "mem_freqs": [6501.0, 6501.0, 6501.0, 6501.0, 6501.0, 6501.0, 6501.0], "mem_freq": 6501.0, "temperatures": [59.0, 59.76628352490422, 60.0, 60.0, 60.0, 60.545801526717554, 61.0], "temperature": 60.04458357880311, "time": 20.617947428571426, "times": [20.625408, 20.606976, 20.608, 20.652032, 20.60288, 20.625408, 20.604927999999997], "compile_time": 449.24839213490486, "verification_time": 0, "benchmark_time": 148.606576025486, "GFLOP/s": 6667.6136594226045, "strategy_time": 0.009327894076704979, "framework_time": 1.6619488596916199, "timestamp": "2024-03-15 15:54:59.745907+00:00"}, "total_framework_time": 328.827885678038, "total_strategy_time": 347.2845824435353, "total_compile_time": 40651.30277071148, "total_verification_time": 0, "total_benchmark_time": 77877.66671390273, "overhead_time": 2660.7549742329866, "execution_time": 121.88300609588623}