{"device_name": "NVIDIA RTX A4000", "simulation": true, "simulated_time": 120324.80528624728, "best_config": {"nvml_gr_clock": 840, "nvml_mem_clock": 6501, "GEMMK": 0, "MWG": 64, "NWG": 128, "KWG": 16, "MDIMC": 8, "NDIMC": 16, "MDIMA": 16, "NDIMB": 16, "KWI": 2, "VWM": 4, "VWN": 4, "STRM": 1, "STRN": 0, "SA": 1, "SB": 1, "KREG": 1, "PRECISION": 32, "core_freqs": [840.0, 840.0, 840.0, 840.0, 840.0, 840.0, 840.0], "core_freq": 840.0, "mem_freqs": [6501.0, 6501.0, 6501.0, 6501.0, 6501.0, 6501.0, 6501.0], "mem_freq": 6501.0, "temperatures": [59.0, 59.45522388059702, 60.0, 60.940298507462686, 61.0, 61.0, 61.0], "temperature": 60.34221748400853, "time": 19.551817142857143, "times": [19.567615999999997, 19.546112, 19.544064, 19.549184, 19.550207999999998, 19.549184, 19.556352], "compile_time": 304.9002371262759, "verification_time": 0, "benchmark_time": 140.25032799690962, "GFLOP/s": 7031.188298230519, "strategy_time": 0.0016828998923301697, "framework_time": 0.04050601273775101, "timestamp": "2024-03-15 15:10:04.883764+00:00"}, "total_framework_time": 8.343132678419352, "total_strategy_time": 3751.455906778574, "total_compile_time": 48387.086160480976, "total_verification_time": 0, "total_benchmark_time": 71937.7191257663, "overhead_time": 253.31978662870824, "execution_time": 4.076565980911255}