{"device_name": "NVIDIA RTX A4000", "simulation": true, "simulated_time": 51205.131416907534, "best_config": {"nvml_gr_clock": 840, "nvml_mem_clock": 6501, "GEMMK": 0, "MWG": 64, "NWG": 128, "KWG": 32, "MDIMC": 8, "NDIMC": 16, "MDIMA": 8, "NDIMB": 32, "KWI": 2, "VWM": 2, "VWN": 4, "STRM": 0, "STRN": 1, "SA": 0, "SB": 0, "KREG": 1, "PRECISION": 32, "core_freqs": [840.0, 840.0, 840.0, 840.0, 840.0, 840.0, 840.0], "core_freq": 840.0, "mem_freqs": [6501.0, 6501.0, 6501.0, 6501.0, 6501.0, 6501.0, 6501.0], "mem_freq": 6501.0, "temperatures": [59.0, 59.89149560117302, 60.0, 60.0, 60.0, 60.12979351032448, 61.0], "temperature": 60.0030413016425, "time": 24.666112, "times": [24.654847999999998, 24.767488, 24.692736, 24.604671999999997, 24.623103999999998, 24.653824, 24.666112], "compile_time": 217.71074505522847, "verification_time": 0, "benchmark_time": 176.17072304710746, "GFLOP/s": 5573.335104616407, "strategy_time": 0.005822628736495972, "framework_time": 0.10714121162891388, "timestamp": "2024-03-15 16:03:28.651143+00:00"}, "total_framework_time": 12.687578797340393, "total_strategy_time": 4977.959351614118, "total_compile_time": 24282.23263262771, "total_verification_time": 0, "total_benchmark_time": 26922.898784279823, "overhead_time": 251.34301371872425, "execution_time": 5.308547019958496}