{"device_name": "NVIDIA RTX A4000", "simulation": true, "simulated_time": 120372.84667650238, "best_config": {"nvml_gr_clock": 840, "nvml_mem_clock": 6501, "GEMMK": 0, "MWG": 128, "NWG": 64, "KWG": 16, "MDIMC": 16, "NDIMC": 8, "MDIMA": 8, "NDIMB": 16, "KWI": 2, "VWM": 4, "VWN": 1, "STRM": 1, "STRN": 0, "SA": 1, "SB": 1, "KREG": 1, "PRECISION": 32, "core_freqs": [840.0, 840.0, 840.0, 840.0, 840.0, 840.0, 840.0], "core_freq": 840.0, "mem_freqs": [6501.0, 6501.0, 6501.0, 6501.0, 6501.0, 6501.0, 6501.0], "mem_freq": 6501.0, "temperatures": [59.0, 59.48091603053435, 60.0, 60.96279069767442, 61.0, 61.0, 61.909774436090224], "temperature": 60.479068737757004, "time": 19.38651428571428, "times": [19.401728, 19.388416, 19.383295999999998, 19.376127999999998, 19.390463999999998, 19.38944, 19.376127999999998], "compile_time": 321.3110298383981, "verification_time": 0, "benchmark_time": 139.14703205227852, "GFLOP/s": 7091.141082814565, "strategy_time": 0.0016628764569759369, "framework_time": 0.05053495988249779, "timestamp": "2024-03-15 20:47:37.597052+00:00"}, "total_framework_time": 7.9749771393835545, "total_strategy_time": 4097.5337298586965, "total_compile_time": 48396.4927457273, "total_verification_time": 0, "total_benchmark_time": 71976.35393077508, "overhead_time": 253.16172488965094, "execution_time": 4.423310041427612}