{"platform_name": "NVIDIA CUDA", "platform_version": "OpenCL 3.0 CUDA 12.3.68", "device_name": "NVIDIA RTX A4000", "device_version": "OpenCL 3.0 CUDA", "opencl_c_version": "OpenCL C 1.2 ", "driver_version": "545.23.06", "iterations": 7, "compiler_options": ["-I/home/fjwillem/Code/kernel_tuner_paper/kernels/gemm_cltune_opencl/"], "best_config": {"nvml_gr_clock": 840, "nvml_mem_clock": 6501, "GEMMK": 0, "MWG": 128, "NWG": 64, "KWG": 32, "MDIMC": 16, "NDIMC": 8, "MDIMA": 16, "NDIMB": 16, "KWI": 2, "VWM": 4, "VWN": 1, "STRM": 1, "STRN": 0, "SA": 1, "SB": 1, "KREG": 1, "PRECISION": 32, "core_freqs": [840.0, 840.0, 840.0, 840.0, 840.0, 840.0, 840.0], "core_freq": 840.0, "mem_freqs": [6501.0, 6501.0, 6501.0, 6501.0, 6501.0, 6501.0, 6501.0], "mem_freq": 6501.0, "temperatures": [59.75812274368231, 60.2610294117647, 61.0, 61.0, 61.0, 61.0, 61.86594202898551], "temperature": 60.84072774063322, "time": 19.91854628571428, "times": [19.920896, 19.930111999999998, 19.909632, 19.941375999999998, 19.884031999999998, 19.92288, 19.920896], "compile_time": 456.0129900928587, "verification_time": 0, "benchmark_time": 142.78185181319714, "GFLOP/s": 6901.733988619251, "strategy_time": 0.008095987141132355, "framework_time": 1.3648320455104113, "timestamp": "2024-03-15 16:01:14.797986+00:00"}, "total_framework_time": 315.7900949008763, "total_strategy_time": 351.23899136669934, "total_compile_time": 36866.385059664026, "total_verification_time": 0, "total_benchmark_time": 82017.695433693, "overhead_time": 2712.6458273269236, "execution_time": 122.27669882774353}