{"platform_name": "NVIDIA CUDA", "platform_version": "OpenCL 3.0 CUDA 12.3.68", "device_name": "NVIDIA RTX A4000", "device_version": "OpenCL 3.0 CUDA", "opencl_c_version": "OpenCL C 1.2 ", "driver_version": "545.23.06", "iterations": 7, "compiler_options": ["-I/home/fjwillem/Code/kernel_tuner_paper/kernels/gemm_cltune_opencl/"], "best_config": {"nvml_gr_clock": 840, "nvml_mem_clock": 6501, "GEMMK": 0, "MWG": 128, "NWG": 64, "KWG": 16, "MDIMC": 16, "NDIMC": 8, "MDIMA": 32, "NDIMB": 32, "KWI": 2, "VWM": 4, "VWN": 2, "STRM": 1, "STRN": 0, "SA": 0, "SB": 1, "KREG": 1, "PRECISION": 32, "core_freqs": [840.0, 840.0, 840.0, 840.0, 840.0, 840.0, 840.0], "core_freq": 840.0, "mem_freqs": [6501.0, 6501.0, 6501.0, 6501.0, 6501.0, 6501.0, 6501.0], "mem_freq": 6501.0, "temperatures": [58.0, 58.0, 59.0, 59.528301886792455, 60.0, 60.0, 60.0], "temperature": 59.21832884097035, "time": 20.189472000000002, "times": [20.21888, 20.192256, 20.152288, 20.210687999999998, 20.184064, 20.185088, 20.18304], "compile_time": 367.50480346381664, "verification_time": 0, "benchmark_time": 144.3986687809229, "GFLOP/s": 6809.118529895184, "strategy_time": 0.042611733078956604, "framework_time": 1.051727682352066, "timestamp": "2024-07-11 08:08:48.506932+00:00"}, "total_framework_time": 212.3321257531643, "total_strategy_time": 756.134495139122, "total_compile_time": 31917.075404897332, "total_verification_time": 0, "total_benchmark_time": 28133.871467784047, "overhead_time": 3084.550129249692, "execution_time": 64.1151475906372}