{"platform_name": "NVIDIA CUDA", "platform_version": "OpenCL 3.0 CUDA 12.3.68", "device_name": "NVIDIA RTX A4000", "device_version": "OpenCL 3.0 CUDA", "opencl_c_version": "OpenCL C 1.2 ", "driver_version": "545.23.06", "iterations": 7, "compiler_options": ["-I/home/fjwillem/Code/kernel_tuner_paper/kernels/gemm_cltune_opencl/"], "best_config": {"nvml_gr_clock": 840, "nvml_mem_clock": 6501, "GEMMK": 0, "MWG": 128, "NWG": 64, "KWG": 32, "MDIMC": 16, "NDIMC": 8, "MDIMA": 32, "NDIMB": 32, "KWI": 2, "VWM": 2, "VWN": 2, "STRM": 1, "STRN": 0, "SA": 1, "SB": 0, "KREG": 1, "PRECISION": 32, "core_freqs": [840.0, 840.0, 840.0, 840.0, 840.0, 840.0, 840.0], "core_freq": 840.0, "mem_freqs": [6501.0, 6501.0, 6501.0, 6501.0, 6501.0, 6501.0, 6501.0], "mem_freq": 6501.0, "temperatures": [57.0, 57.75, 58.0, 58.149377593360995, 59.0, 59.0, 59.0], "temperature": 58.27133965619443, "time": 22.529750857142858, "times": [22.632448, 22.482944, 22.451168, 22.61504, 22.374399999999998, 22.701055999999998, 22.4512], "compile_time": 281.3639063388109, "verification_time": 0, "benchmark_time": 161.00438311696053, "GFLOP/s": 6101.821044346593, "strategy_time": 0.06903707981109619, "framework_time": 2.02731229364872, "timestamp": "2024-07-09 09:47:48.177246+00:00"}, "total_framework_time": 206.67552016675472, "total_strategy_time": 665.1586852967739, "total_compile_time": 36502.37130373716, "total_verification_time": 0, "total_benchmark_time": 27547.197122126818, "overhead_time": 3386.038603261113, "execution_time": 68.32012677192688}