{"platform_name": "NVIDIA CUDA", "platform_version": "OpenCL 3.0 CUDA 12.3.68", "device_name": "NVIDIA RTX A4000", "device_version": "OpenCL 3.0 CUDA", "opencl_c_version": "OpenCL C 1.2 ", "driver_version": "545.23.06", "iterations": 7, "compiler_options": ["-I/home/fjwillem/Code/kernel_tuner_paper/kernels/gemm_cltune_opencl/"], "best_config": {"nvml_gr_clock": 840, "nvml_mem_clock": 6501, "GEMMK": 0, "MWG": 64, "NWG": 128, "KWG": 32, "MDIMC": 8, "NDIMC": 16, "MDIMA": 16, "NDIMB": 16, "KWI": 2, "VWM": 4, "VWN": 2, "STRM": 1, "STRN": 0, "SA": 1, "SB": 0, "KREG": 1, "PRECISION": 32, "core_freqs": [840.0, 840.0, 840.0, 840.0, 840.0, 840.0, 840.0], "core_freq": 840.0, "mem_freqs": [6501.0, 6501.0, 6501.0, 6501.0, 6501.0, 6501.0, 6501.0], "mem_freq": 6501.0, "temperatures": [58.0, 58.4321608040201, 59.0, 59.0, 59.53431372549019, 60.0, 60.0], "temperature": 59.13806778993004, "time": 20.06498742857143, "times": [20.007936, 20.056064, 20.017152, 20.109312, 20.082687999999997, 20.076544, 20.105216], "compile_time": 71.76370546221733, "verification_time": 0, "benchmark_time": 143.68283189833164, "GFLOP/s": 6851.362772759417, "strategy_time": 0.07285550236701965, "framework_time": 2.1478310227394104, "timestamp": "2024-07-09 10:50:59.678889+00:00"}, "total_framework_time": 224.76844862103462, "total_strategy_time": 747.7918080985546, "total_compile_time": 25672.208158299327, "total_verification_time": 0, "total_benchmark_time": 26814.06820565462, "overhead_time": 2842.669377103448, "execution_time": 56.31573128700256}