{"platform_name": "NVIDIA CUDA", "platform_version": "OpenCL 3.0 CUDA 12.3.68", "device_name": "NVIDIA RTX A4000", "device_version": "OpenCL 3.0 CUDA", "opencl_c_version": "OpenCL C 1.2 ", "driver_version": "545.23.06", "iterations": 7, "compiler_options": ["-I/home/fjwillem/Code/kernel_tuner_paper/kernels/gemm_cltune_opencl/"], "best_config": {"nvml_gr_clock": 840, "nvml_mem_clock": 6501, "GEMMK": 0, "MWG": 128, "NWG": 128, "KWG": 32, "MDIMC": 16, "NDIMC": 16, "MDIMA": 16, "NDIMB": 16, "KWI": 2, "VWM": 4, "VWN": 2, "STRM": 1, "STRN": 1, "SA": 1, "SB": 1, "KREG": 1, "PRECISION": 32, "core_freqs": [840.0, 840.0, 840.0, 840.0, 840.0, 840.0, 840.0], "core_freq": 840.0, "mem_freqs": [6501.0, 6501.0, 6501.0, 6501.0, 6501.0, 6501.0, 6501.0], "mem_freq": 6501.0, "temperatures": [62.0, 62.0, 62.59717314487632, 63.0, 63.0, 63.0, 63.0], "temperature": 62.65673902069661, "time": 20.516863999999998, "times": [20.524032, 20.512767999999998, 20.51584, 20.518912, 20.514816, 20.513792, 20.517888], "compile_time": 205.63903008587658, "verification_time": 0, "benchmark_time": 146.9069360755384, "GFLOP/s": 6700.4639648632465, "strategy_time": 0.007042894139885902, "framework_time": 1.4523877762258053, "timestamp": "2024-03-15 15:35:01.800605+00:00"}, "total_framework_time": 299.65897859074175, "total_strategy_time": 326.6459165606648, "total_compile_time": 36566.490079509094, "total_verification_time": 0, "total_benchmark_time": 81819.29302937351, "overhead_time": 3018.885683035478, "execution_time": 122.04097509384155}