{"device_name": "NVIDIA RTX A4000", "simulation": true, "simulated_time": 48543.252796866, "best_config": {"nvml_gr_clock": 840, "nvml_mem_clock": 6501, "GEMMK": 0, "MWG": 128, "NWG": 128, "KWG": 32, "MDIMC": 16, "NDIMC": 8, "MDIMA": 16, "NDIMB": 32, "KWI": 2, "VWM": 4, "VWN": 4, "STRM": 1, "STRN": 1, "SA": 0, "SB": 1, "KREG": 1, "PRECISION": 32, "core_freqs": [840.0, 840.0, 840.0, 840.0, 840.0, 840.0, 840.0], "core_freq": 840.0, "mem_freqs": [6501.0, 6501.0, 6501.0, 6501.0, 6501.0, 6501.0, 6501.0], "mem_freq": 6501.0, "temperatures": [54.0, 54.0, 54.0, 55.0, 55.0, 55.0, 55.0], "temperature": 54.57142857142857, "time": 21.15408457142857, "times": [21.141503999999998, 21.100544, 21.137408, 21.201919999999998, 21.155839999999998, 21.164032, 21.177343999999998], "compile_time": 344.3957259878516, "verification_time": 0, "benchmark_time": 151.5652579255402, "GFLOP/s": 6498.6271298959955, "strategy_time": 0.014698132872581482, "framework_time": 0.11297129094600677, "timestamp": "2024-03-16 00:45:26.849291+00:00"}, "total_framework_time": 12.93589361011982, "total_strategy_time": 12127.98547372222, "total_compile_time": 25659.134835237637, "total_verification_time": 0, "total_benchmark_time": 22884.117961628363, "overhead_time": 262.7440430223942, "execution_time": 12.475422859191895}