{"platform_name": "NVIDIA CUDA", "platform_version": "OpenCL 3.0 CUDA 12.3.68", "device_name": "NVIDIA RTX A4000", "device_version": "OpenCL 3.0 CUDA", "opencl_c_version": "OpenCL C 1.2 ", "driver_version": "545.23.06", "iterations": 7, "compiler_options": ["-I/home/fjwillem/Code/kernel_tuner_paper/kernels/gemm_cltune_opencl/"], "best_config": {"nvml_gr_clock": 840, "nvml_mem_clock": 6501, "GEMMK": 0, "MWG": 32, "NWG": 128, "KWG": 16, "MDIMC": 8, "NDIMC": 8, "MDIMA": 8, "NDIMB": 16, "KWI": 2, "VWM": 2, "VWN": 8, "STRM": 1, "STRN": 1, "SA": 0, "SB": 1, "KREG": 1, "PRECISION": 32, "core_freqs": [840.0, 840.0, 840.0, 840.0, 840.0, 840.0, 840.0], "core_freq": 840.0, "mem_freqs": [6501.0, 6501.0, 6501.0, 6501.0, 6501.0, 6501.0, 6501.0], "mem_freq": 6501.0, "temperatures": [59.0, 59.59903381642512, 60.0, 60.123505976095615, 61.0, 61.0, 61.0], "temperature": 60.24607711321725, "time": 22.70251885714286, "times": [22.689792, 22.697983999999998, 22.714368, 22.69696, 22.710272, 22.705152, 22.703104], "compile_time": 401.47325955331326, "verification_time": 0, "benchmark_time": 161.93019784986973, "GFLOP/s": 6055.385693942381, "strategy_time": 0.053629279136657715, "framework_time": 2.0155049860477448, "timestamp": "2024-07-11 09:12:01.471116+00:00"}, "total_framework_time": 651.3806544244289, "total_strategy_time": 726.2427993118763, "total_compile_time": 23946.095058694482, "total_verification_time": 0, "total_benchmark_time": 20935.458255931735, "overhead_time": 2594.7216525673866, "execution_time": 48.87104845046997}