{"platform_name": "NVIDIA CUDA", "platform_version": "OpenCL 3.0 CUDA 12.3.68", "device_name": "NVIDIA RTX A4000", "device_version": "OpenCL 3.0 CUDA", "opencl_c_version": "OpenCL C 1.2 ", "driver_version": "545.23.06", "iterations": 7, "compiler_options": ["-I/home/fjwillem/Code/kernel_tuner_paper/kernels/gemm_cltune_opencl/"], "best_config": {"nvml_gr_clock": 840, "nvml_mem_clock": 6501, "GEMMK": 0, "MWG": 128, "NWG": 128, "KWG": 16, "MDIMC": 16, "NDIMC": 16, "MDIMA": 32, "NDIMB": 32, "KWI": 2, "VWM": 4, "VWN": 2, "STRM": 1, "STRN": 0, "SA": 1, "SB": 1, "KREG": 1, "PRECISION": 32, "core_freqs": [840.0, 840.0, 840.0, 840.0, 840.0, 840.0, 840.0], "core_freq": 840.0, "mem_freqs": [6501.0, 6501.0, 6501.0, 6501.0, 6501.0, 6501.0, 6501.0], "mem_freq": 6501.0, "temperatures": [60.0, 60.0, 60.1522633744856, 61.0, 61.0, 61.0, 61.0], "temperature": 60.59318048206937, "time": 19.86530742857143, "times": [19.87584, 19.869695999999998, 19.863552, 19.863552, 19.8656, 19.858432, 19.86048], "compile_time": 383.2005930598825, "verification_time": 0, "benchmark_time": 143.3387789875269, "GFLOP/s": 6920.230577769922, "strategy_time": 0.008585862815380096, "framework_time": 1.6655761282891035, "timestamp": "2024-03-15 15:40:46.645284+00:00"}, "total_framework_time": 320.65173937007785, "total_strategy_time": 341.7193682398647, "total_compile_time": 43535.31654085964, "total_verification_time": 0, "total_benchmark_time": 74982.27825551294, "overhead_time": 3152.9910271055996, "execution_time": 122.34396696090698}