{"platform_name": "NVIDIA CUDA", "platform_version": "OpenCL 3.0 CUDA 12.3.68", "device_name": "NVIDIA RTX A4000", "device_version": "OpenCL 3.0 CUDA", "opencl_c_version": "OpenCL C 1.2 ", "driver_version": "545.23.06", "iterations": 7, "compiler_options": ["-I/home/fjwillem/Code/kernel_tuner_paper/kernels/gemm_cltune_opencl/"], "best_config": {"nvml_gr_clock": 840, "nvml_mem_clock": 6501, "GEMMK": 0, "MWG": 64, "NWG": 128, "KWG": 16, "MDIMC": 16, "NDIMC": 8, "MDIMA": 16, "NDIMB": 32, "KWI": 2, "VWM": 4, "VWN": 2, "STRM": 0, "STRN": 0, "SA": 0, "SB": 1, "KREG": 1, "PRECISION": 32, "core_freqs": [840.0, 840.0, 840.0, 840.0, 840.0, 840.0, 840.0], "core_freq": 840.0, "mem_freqs": [6501.0, 6501.0, 6501.0, 6501.0, 6501.0, 6501.0, 6501.0], "mem_freq": 6501.0, "temperatures": [57.0, 57.64678899082569, 58.18, 59.0, 59.0, 59.0, 59.1924882629108], "temperature": 58.43132532196235, "time": 21.408768000000002, "times": [21.420032, 21.407743999999997, 21.412864, 21.4016, 21.410816, 21.403648, 21.404671999999998], "compile_time": 231.22666031122208, "verification_time": 0, "benchmark_time": 153.54121662676334, "GFLOP/s": 6421.318027454919, "strategy_time": 0.08282437920570374, "framework_time": 2.197355031967163, "timestamp": "2024-07-11 09:01:11.172052+00:00"}, "total_framework_time": 215.31157940626144, "total_strategy_time": 727.6884894818068, "total_compile_time": 29376.355074346066, "total_verification_time": 0, "total_benchmark_time": 23248.93548898399, "overhead_time": 2657.899286597967, "execution_time": 56.240832567214966}