{"platform_name": "NVIDIA CUDA", "platform_version": "OpenCL 3.0 CUDA 12.3.68", "device_name": "NVIDIA RTX A4000", "device_version": "OpenCL 3.0 CUDA", "opencl_c_version": "OpenCL C 1.2 ", "driver_version": "545.23.06", "iterations": 7, "compiler_options": ["-I/home/fjwillem/Code/kernel_tuner_paper/kernels/gemm_cltune_opencl/"], "best_config": {"nvml_gr_clock": 840, "nvml_mem_clock": 6501, "GEMMK": 0, "MWG": 128, "NWG": 128, "KWG": 32, "MDIMC": 8, "NDIMC": 32, "MDIMA": 32, "NDIMB": 8, "KWI": 2, "VWM": 2, "VWN": 4, "STRM": 1, "STRN": 1, "SA": 1, "SB": 1, "KREG": 1, "PRECISION": 32, "core_freqs": [840.0, 840.0, 840.0, 840.0, 840.0, 840.0, 840.0], "core_freq": 840.0, "mem_freqs": [6501.0, 6501.0, 6501.0, 6501.0, 6501.0, 6501.0, 6501.0], "mem_freq": 6501.0, "temperatures": [56.0, 56.0, 56.53125, 57.0, 57.0, 57.710407239819006, 58.0], "temperature": 56.891665319974145, "time": 20.797878857142855, "times": [20.811776, 20.827136, 20.785152, 20.795392, 20.785152, 20.794368, 20.786175999999998], "compile_time": 596.5380854904652, "verification_time": 0, "benchmark_time": 148.63744005560875, "GFLOP/s": 6609.929255203168, "strategy_time": 0.06866827607154846, "framework_time": 2.1990034729242325, "timestamp": "2024-07-11 08:02:58.003343+00:00"}, "total_framework_time": 203.9960715919733, "total_strategy_time": 712.0334766805172, "total_compile_time": 29386.636029928923, "total_verification_time": 0, "total_benchmark_time": 20460.59557981789, "overhead_time": 2812.433870509267, "execution_time": 53.58507537841797}