{"platform_name": "NVIDIA CUDA", "platform_version": "OpenCL 3.0 CUDA 12.3.68", "device_name": "NVIDIA RTX A4000", "device_version": "OpenCL 3.0 CUDA", "opencl_c_version": "OpenCL C 1.2 ", "driver_version": "545.23.06", "iterations": 7, "compiler_options": ["-I/home/fjwillem/Code/kernel_tuner_paper/kernels/gemm_cltune_opencl/"], "best_config": {"nvml_gr_clock": 840, "nvml_mem_clock": 6501, "GEMMK": 0, "MWG": 128, "NWG": 128, "KWG": 32, "MDIMC": 16, "NDIMC": 8, "MDIMA": 32, "NDIMB": 32, "KWI": 2, "VWM": 4, "VWN": 2, "STRM": 1, "STRN": 0, "SA": 1, "SB": 1, "KREG": 1, "PRECISION": 32, "core_freqs": [840.0, 840.0, 840.0, 840.0, 840.0, 840.0, 840.0], "core_freq": 840.0, "mem_freqs": [6501.0, 6501.0, 6501.0, 6501.0, 6501.0, 6501.0, 6501.0], "mem_freq": 6501.0, "temperatures": [54.0, 54.25824175824176, 55.0, 55.0, 55.0, 55.0, 55.58563535911602], "temperature": 54.834839588193965, "time": 18.449696, "times": [18.459647999999998, 18.443264, 18.464768, 18.444256, 18.470912, 18.434048, 18.430975999999998], "compile_time": 157.6810907572508, "verification_time": 0, "benchmark_time": 134.24392975866795, "GFLOP/s": 7451.207212519925, "strategy_time": 0.06471201777458191, "framework_time": 2.0768363028764725, "timestamp": "2024-07-11 08:54:49.093295+00:00"}, "total_framework_time": 422.73915372788906, "total_strategy_time": 737.0402570813894, "total_compile_time": 31796.999651938677, "total_verification_time": 0, "total_benchmark_time": 23864.74353261292, "overhead_time": 2716.5390085428953, "execution_time": 59.54936718940735}