{"platform_name": "NVIDIA CUDA", "platform_version": "OpenCL 3.0 CUDA 12.3.68", "device_name": "NVIDIA RTX A4000", "device_version": "OpenCL 3.0 CUDA", "opencl_c_version": "OpenCL C 1.2 ", "driver_version": "545.23.06", "iterations": 7, "compiler_options": ["-I/home/fjwillem/Code/kernel_tuner_paper/kernels/gemm_cltune_opencl/"], "best_config": {"nvml_gr_clock": 840, "nvml_mem_clock": 6501, "GEMMK": 0, "MWG": 64, "NWG": 128, "KWG": 32, "MDIMC": 8, "NDIMC": 16, "MDIMA": 16, "NDIMB": 16, "KWI": 2, "VWM": 4, "VWN": 2, "STRM": 1, "STRN": 0, "SA": 1, "SB": 0, "KREG": 1, "PRECISION": 32, "core_freqs": [840.0, 840.0, 840.0, 840.0, 840.0, 840.0, 840.0], "core_freq": 840.0, "mem_freqs": [6501.0, 6501.0, 6501.0, 6501.0, 6501.0, 6501.0, 6501.0], "mem_freq": 6501.0, "temperatures": [57.10958904109589, 58.0, 58.64732142857143, 59.0, 59.0, 59.0, 59.0], "temperature": 58.53670149566676, "time": 20.13930057142857, "times": [20.13184, 20.089855999999997, 20.079615999999998, 20.165632, 20.072447999999998, 20.170752, 20.26496], "compile_time": 200.0483851879835, "verification_time": 0, "benchmark_time": 143.9239140599966, "GFLOP/s": 6826.0815422274845, "strategy_time": 0.06517395377159119, "framework_time": 1.8750503659248352, "timestamp": "2024-07-09 10:03:56.466138+00:00"}, "total_framework_time": 192.10615195333958, "total_strategy_time": 632.3297023773193, "total_compile_time": 22019.66288499534, "total_verification_time": 0, "total_benchmark_time": 24584.608698263764, "overhead_time": 2570.0134113430977, "execution_time": 50.01148724555969}