{"platform_name": "NVIDIA CUDA", "platform_version": "OpenCL 3.0 CUDA 12.3.68", "device_name": "NVIDIA RTX A4000", "device_version": "OpenCL 3.0 CUDA", "opencl_c_version": "OpenCL C 1.2 ", "driver_version": "545.23.06", "iterations": 7, "compiler_options": ["-I/home/fjwillem/Code/kernel_tuner_paper/kernels/gemm_cltune_opencl/"], "best_config": {"nvml_gr_clock": 840, "nvml_mem_clock": 6501, "GEMMK": 0, "MWG": 128, "NWG": 64, "KWG": 32, "MDIMC": 8, "NDIMC": 8, "MDIMA": 8, "NDIMB": 32, "KWI": 2, "VWM": 4, "VWN": 1, "STRM": 1, "STRN": 0, "SA": 0, "SB": 0, "KREG": 1, "PRECISION": 32, "core_freqs": [840.0, 840.0, 840.0, 840.0, 840.0, 840.0, 840.0], "core_freq": 840.0, "mem_freqs": [6501.0, 6501.0, 6501.0, 6501.0, 6501.0, 6501.0, 6501.0], "mem_freq": 6501.0, "temperatures": [58.0, 58.91358024691358, 59.0, 59.0, 59.32051282051282, 60.0, 60.0], "temperature": 59.17629900963234, "time": 24.52230857142857, "times": [24.496128, 24.421376, 24.55344, 24.51456, 24.568832, 24.516607999999998, 24.585216], "compile_time": 146.1912915110588, "verification_time": 0, "benchmark_time": 175.22949539124966, "GFLOP/s": 5606.018189664735, "strategy_time": 0.022901222109794617, "framework_time": 2.1311212331056595, "timestamp": "2024-07-11 07:56:40.649959+00:00"}, "total_framework_time": 221.60262614488602, "total_strategy_time": 734.8466757684946, "total_compile_time": 24153.848880901933, "total_verification_time": 0, "total_benchmark_time": 22221.34437970817, "overhead_time": 2646.789003163576, "execution_time": 49.99318337440491}