{"device_name": "NVIDIA RTX A4000", "simulation": true, "simulated_time": 120161.91146732308, "best_config": {"nvml_gr_clock": 840, "nvml_mem_clock": 6501, "GEMMK": 0, "MWG": 128, "NWG": 64, "KWG": 16, "MDIMC": 8, "NDIMC": 8, "MDIMA": 32, "NDIMB": 8, "KWI": 2, "VWM": 2, "VWN": 8, "STRM": 1, "STRN": 0, "SA": 1, "SB": 1, "KREG": 1, "PRECISION": 32, "core_freqs": [840.0, 840.0, 840.0, 840.0, 840.0, 840.0, 840.0], "core_freq": 840.0, "mem_freqs": [6501.0, 6501.0, 6501.0, 6501.0, 6501.0, 6501.0, 6501.0], "mem_freq": 6501.0, "temperatures": [54.0, 54.32167832167832, 55.0, 55.0, 55.0, 55.22895622895623, 56.0], "temperature": 54.93580493580493, "time": 21.263789714285714, "times": [21.296128, 21.25824, 21.264384, 21.252095999999998, 21.259263999999998, 21.2592, 21.257216], "compile_time": 399.24451103433967, "verification_time": 0, "benchmark_time": 152.20812801271677, "GFLOP/s": 6465.099107504879, "strategy_time": 0.001643085852265358, "framework_time": 0.03985501825809479, "timestamp": "2024-03-15 20:19:55.395915+00:00"}, "total_framework_time": 7.771920179948211, "total_strategy_time": 4037.405843148008, "total_compile_time": 44189.90061292425, "total_verification_time": 0, "total_benchmark_time": 75972.01085439883, "overhead_time": 236.65548767894506, "execution_time": 4.345306396484375}