{"device_name": "NVIDIA RTX A4000", "simulation": true, "simulated_time": 51063.271280843765, "best_config": {"nvml_gr_clock": 840, "nvml_mem_clock": 6501, "GEMMK": 0, "MWG": 128, "NWG": 64, "KWG": 16, "MDIMC": 16, "NDIMC": 8, "MDIMA": 16, "NDIMB": 8, "KWI": 2, "VWM": 2, "VWN": 4, "STRM": 1, "STRN": 0, "SA": 1, "SB": 1, "KREG": 1, "PRECISION": 32, "core_freqs": [840.0, 840.0, 840.0, 840.0, 840.0, 840.0, 840.0], "core_freq": 840.0, "mem_freqs": [6501.0, 6501.0, 6501.0, 6501.0, 6501.0, 6501.0, 6501.0], "mem_freq": 6501.0, "temperatures": [59.520446096654275, 60.0, 60.0, 60.65107913669065, 61.0, 61.0, 61.0], "temperature": 60.45307503333499, "time": 20.284562285714284, "times": [20.294656, 20.28032, 20.292607999999998, 20.283392, 20.288512, 20.274176, 20.278271999999998], "compile_time": 344.61787599138916, "verification_time": 0, "benchmark_time": 145.28956008143723, "GFLOP/s": 6777.198638435355, "strategy_time": 0.02139061689376831, "framework_time": 0.10824203491210938, "timestamp": "2024-03-15 20:50:22.027805+00:00"}, "total_framework_time": 12.788120657205582, "total_strategy_time": 5149.790618568659, "total_compile_time": 30163.99868973531, "total_verification_time": 0, "total_benchmark_time": 20899.272591108456, "overhead_time": 250.43444335460663, "execution_time": 5.476444482803345}