{"platform_name": "NVIDIA CUDA", "platform_version": "OpenCL 3.0 CUDA 12.3.68", "device_name": "NVIDIA RTX A4000", "device_version": "OpenCL 3.0 CUDA", "opencl_c_version": "OpenCL C 1.2 ", "driver_version": "545.23.06", "iterations": 7, "compiler_options": ["-I/home/fjwillem/Code/kernel_tuner_paper/kernels/gemm_cltune_opencl/"], "best_config": {"nvml_gr_clock": 840, "nvml_mem_clock": 6501, "GEMMK": 0, "MWG": 64, "NWG": 64, "KWG": 32, "MDIMC": 16, "NDIMC": 8, "MDIMA": 8, "NDIMB": 16, "KWI": 2, "VWM": 2, "VWN": 4, "STRM": 1, "STRN": 1, "SA": 0, "SB": 1, "KREG": 1, "PRECISION": 32, "core_freqs": [840.0, 840.0, 840.0, 840.0, 840.0, 840.0, 840.0], "core_freq": 840.0, "mem_freqs": [6501.0, 6501.0, 6501.0, 6501.0, 6501.0, 6501.0, 6501.0], "mem_freq": 6501.0, "temperatures": [58.76126126126126, 59.3348623853211, 60.0, 60.0, 60.486486486486484, 61.0, 61.0], "temperature": 60.08323001900983, "time": 20.481156571428567, "times": [20.48512, 20.489216, 20.47376, 20.476927999999997, 20.484095999999997, 20.478976, 20.48], "compile_time": 323.186295107007, "verification_time": 0, "benchmark_time": 146.67904376983643, "GFLOP/s": 6712.145743555108, "strategy_time": 0.012483447790145874, "framework_time": 1.0895337909460068, "timestamp": "2024-07-09 10:43:02.400218+00:00"}, "total_framework_time": 218.37834268808365, "total_strategy_time": 713.8166669756174, "total_compile_time": 28203.012945130467, "total_verification_time": 0, "total_benchmark_time": 20905.79618513584, "overhead_time": 2761.542856693268, "execution_time": 52.819889307022095}