{"platform_name": "NVIDIA CUDA", "platform_version": "OpenCL 3.0 CUDA 12.3.68", "device_name": "NVIDIA RTX A4000", "device_version": "OpenCL 3.0 CUDA", "opencl_c_version": "OpenCL C 1.2 ", "driver_version": "545.23.06", "iterations": 7, "compiler_options": ["-I/home/fjwillem/Code/kernel_tuner_paper/kernels/gemm_cltune_opencl/"], "best_config": {"nvml_gr_clock": 840, "nvml_mem_clock": 6501, "GEMMK": 0, "MWG": 128, "NWG": 64, "KWG": 32, "MDIMC": 16, "NDIMC": 8, "MDIMA": 16, "NDIMB": 32, "KWI": 2, "VWM": 4, "VWN": 2, "STRM": 1, "STRN": 0, "SA": 0, "SB": 0, "KREG": 1, "PRECISION": 32, "core_freqs": [840.0, 840.0, 840.0, 840.0, 840.0, 840.0, 840.0], "core_freq": 840.0, "mem_freqs": [6501.0, 6501.0, 6501.0, 6501.0, 6501.0, 6501.0, 6501.0], "mem_freq": 6501.0, "temperatures": [62.0, 62.0, 62.09251101321586, 63.0, 63.0, 63.0, 63.0], "temperature": 62.58464443045941, "time": 23.029906285714283, "times": [22.893568, 23.049215999999998, 23.073791999999997, 23.062528, 23.135232, 22.998016, 22.996992], "compile_time": 74.32146742939949, "verification_time": 0, "benchmark_time": 164.60106521844864, "GFLOP/s": 5969.303834695836, "strategy_time": 0.0680685043334961, "framework_time": 2.080494537949562, "timestamp": "2024-07-11 09:20:47.135427+00:00"}, "total_framework_time": 218.3002270758152, "total_strategy_time": 791.4120461791754, "total_compile_time": 14556.65592290461, "total_verification_time": 0, "total_benchmark_time": 22347.251273691654, "overhead_time": 2719.643123447895, "execution_time": 40.64575505256653}