{"platform_name": "NVIDIA CUDA", "platform_version": "OpenCL 3.0 CUDA 12.3.68", "device_name": "NVIDIA RTX A4000", "device_version": "OpenCL 3.0 CUDA", "opencl_c_version": "OpenCL C 1.2 ", "driver_version": "545.23.06", "iterations": 32, "compiler_options": ["-I/home/fjwillem/Code/kernel_tuner_paper/kernels/gemm_cltune_opencl/"], "best_config": {"nvml_gr_clock": 840, "nvml_mem_clock": 6501, "GEMMK": 0, "MWG": 128, "NWG": 128, "KWG": 16, "MDIMC": 32, "NDIMC": 8, "MDIMA": 16, "NDIMB": 32, "KWI": 2, "VWM": 4, "VWN": 2, "STRM": 1, "STRN": 1, "SA": 1, "SB": 1, "KREG": 1, "PRECISION": 32, "core_freqs": [840.0, 840.0, 840.0, 840.0, 840.0, 840.0, 840.0, 840.0, 840.0, 840.0, 840.0, 840.0, 840.0, 840.0, 840.0, 840.0, 840.0, 840.0, 840.0, 840.0, 840.0, 840.0, 840.0, 840.0, 840.0, 840.0, 840.0, 840.0, 840.0, 840.0, 840.0, 840.0], "core_freq": 840.0, "mem_freqs": [6501.0, 6501.0, 6501.0, 6501.0, 6501.0, 6501.0, 6501.0, 6501.0, 6501.0, 6501.0, 6501.0, 6501.0, 6501.0, 6501.0, 6501.0, 6501.0, 6501.0, 6501.0, 6501.0, 6501.0, 6501.0, 6501.0, 6501.0, 6501.0, 6501.0, 6501.0, 6501.0, 6501.0, 6501.0, 6501.0, 6501.0, 6501.0], "mem_freq": 6501.0, "temperatures": [63.0, 63.0, 63.87410071942446, 64.0, 64.0, 64.0, 64.84782608695652, 65.0, 65.0, 65.0, 65.0, 65.0, 65.0, 65.0, 65.0, 65.0, 65.0, 65.0, 65.0, 65.0, 65.0, 65.0, 65.0, 65.0, 65.0, 65.0, 65.0, 65.0, 65.0, 65.0, 65.0, 65.0], "temperature": 64.7413102126994, "time": 22.00022, "times": [22.008831999999998, 22.001663999999998, 22.001663999999998, 21.998592, 21.998592, 22.001663999999998, 21.997504, 21.997567999999998, 21.997567999999998, 21.998592, 21.997567999999998, 22.003712, 21.99552, 22.00064, 21.998592, 21.999616, 21.999616, 21.999616, 22.001663999999998, 21.999616, 21.999616, 22.003712, 22.003712, 21.997504, 21.999616, 21.998592, 21.998592, 21.999616, 22.002688, 22.00064, 22.00576, 21.998592], "pwr_core_freqs": [840.0], "pwr_core_freq": 840.0, "pwr_mem_freqs": [6501.0], "pwr_mem_freq": 6501.0, "pwr_temperatures": [66.0], "pwr_temperature": 66.0, "nvml_energy": 2.0934309340999997, "compile_time": 418.00777707248926, "verification_time": 0, "benchmark_time": 1742.7248870953918, "GFLOP/s": 6248.6878723940035, "strategy_time": 0.009547919034957886, "framework_time": 1.8846809398382902, "timestamp": "2024-03-14 10:17:56.060328+00:00"}, "total_framework_time": 67.91764916852117, "total_strategy_time": 340.9033203497529, "total_compile_time": 11247.557538794354, "total_verification_time": 0, "total_benchmark_time": 105949.0517002996, "overhead_time": 4294.988950248808, "execution_time": 121.91500449180603}