{"platform_name": "NVIDIA CUDA", "platform_version": "OpenCL 3.0 CUDA 12.3.68", "device_name": "NVIDIA RTX A4000", "device_version": "OpenCL 3.0 CUDA", "opencl_c_version": "OpenCL C 1.2 ", "driver_version": "545.23.06", "iterations": 7, "compiler_options": ["-I/home/fjwillem/Code/kernel_tuner_paper/kernels/gemm_cltune_opencl/"], "best_config": {"nvml_gr_clock": 840, "nvml_mem_clock": 6501, "GEMMK": 0, "MWG": 128, "NWG": 64, "KWG": 16, "MDIMC": 8, "NDIMC": 8, "MDIMA": 16, "NDIMB": 8, "KWI": 2, "VWM": 4, "VWN": 8, "STRM": 1, "STRN": 1, "SA": 1, "SB": 1, "KREG": 1, "PRECISION": 32, "core_freqs": [840.0, 840.0, 840.0, 840.0, 840.0, 840.0, 840.0], "core_freq": 840.0, "mem_freqs": [6501.0, 6501.0, 6501.0, 6501.0, 6501.0, 6501.0, 6501.0], "mem_freq": 6501.0, "temperatures": [60.0, 60.275193798449614, 61.0, 61.0, 61.0, 61.0, 61.929961089494164], "temperature": 60.88645069827768, "time": 19.884461714285713, "times": [19.918848, 19.892224, 19.879936, 19.908607999999997, 19.876863999999998, 19.862527999999998, 19.852224], "compile_time": 407.74704795330763, "verification_time": 0, "benchmark_time": 143.61761300824583, "GFLOP/s": 6913.564464520294, "strategy_time": 0.008525792509317398, "framework_time": 1.7906413413584232, "timestamp": "2024-03-15 16:31:42.338251+00:00"}, "total_framework_time": 326.67884253896773, "total_strategy_time": 354.01508561335504, "total_compile_time": 41884.44810593501, "total_verification_time": 0, "total_benchmark_time": 76505.72505476885, "overhead_time": 2740.1491461787373, "execution_time": 121.8210518360138}