{"device_name": "NVIDIA RTX A4000", "simulation": true, "simulated_time": 120331.75589516759, "best_config": {"nvml_gr_clock": 840, "nvml_mem_clock": 6501, "GEMMK": 0, "MWG": 64, "NWG": 128, "KWG": 32, "MDIMC": 8, "NDIMC": 16, "MDIMA": 8, "NDIMB": 32, "KWI": 2, "VWM": 8, "VWN": 2, "STRM": 0, "STRN": 1, "SA": 1, "SB": 1, "KREG": 1, "PRECISION": 32, "core_freqs": [840.0, 840.0, 840.0, 840.0, 840.0, 840.0, 840.0, 840.0, 840.0, 840.0, 840.0, 840.0, 840.0, 840.0, 840.0, 840.0, 840.0, 840.0, 840.0, 840.0, 840.0, 840.0, 840.0, 840.0, 840.0, 840.0, 840.0, 840.0, 840.0, 840.0, 840.0, 840.0], "core_freq": 840.0, "mem_freqs": [6501.0, 6501.0, 6501.0, 6501.0, 6501.0, 6501.0, 6501.0, 6501.0, 6501.0, 6501.0, 6501.0, 6501.0, 6501.0, 6501.0, 6501.0, 6501.0, 6501.0, 6501.0, 6501.0, 6501.0, 6501.0, 6501.0, 6501.0, 6501.0, 6501.0, 6501.0, 6501.0, 6501.0, 6501.0, 6501.0, 6501.0, 6501.0], "mem_freq": 6501.0, "temperatures": [59.0, 59.048231511254016, 60.0, 60.0, 60.0, 60.23809523809524, 61.0, 61.0, 61.0, 61.0, 61.0, 61.0, 61.0, 61.0, 61.0, 61.0, 61.0, 61.0, 61.0, 61.0, 61.0, 61.0, 61.0, 61.281150159744406, 62.0, 61.0, 61.0, 61.460063897763575, 62.0, 62.0, 62.0, 62.0], "temperature": 60.93836065021429, "time": 22.948508999999998, "times": [22.939648, 22.961152, 22.949887999999998, 22.957055999999998, 22.942719999999998, 22.928383999999998, 22.962176, 22.956032, 22.96832, 22.92736, 22.946816, 22.942719999999998, 22.970368, 22.950912, 22.928383999999998, 22.94784, 22.94784, 22.979584, 22.923264, 22.950912, 22.921215999999998, 22.96832, 22.959104, 22.936512, 22.946816, 22.938623999999997, 22.980576, 22.943744, 22.942719999999998, 22.919168, 22.961152, 22.952959999999997], "pwr_core_freqs": [840.0], "pwr_core_freq": 840.0, "pwr_mem_freqs": [6501.0], "pwr_mem_freq": 6501.0, "pwr_temperatures": [62.0], "pwr_temperature": 62.0, "nvml_energy": 2.333289652575, "compile_time": 203.41299660503864, "verification_time": 0, "benchmark_time": 2551.385217346251, "GFLOP/s": 5990.476675587072, "strategy_time": 0.0016831327229738235, "framework_time": 0.045415014028549194, "timestamp": "2024-02-13 08:04:44.523940+00:00"}, "total_framework_time": 1.5154897700995207, "total_strategy_time": 8193.076272727922, "total_compile_time": 7988.2434867322445, "total_verification_time": 0, "total_benchmark_time": 112343.51240843534, "overhead_time": 522.966974414885, "execution_time": 9.333255290985107}