{"platform_name": "NVIDIA CUDA", "platform_version": "OpenCL 3.0 CUDA 12.3.68", "device_name": "NVIDIA RTX A4000", "device_version": "OpenCL 3.0 CUDA", "opencl_c_version": "OpenCL C 1.2 ", "driver_version": "545.23.06", "iterations": 7, "compiler_options": ["-I/home/fjwillem/Code/kernel_tuner_paper/kernels/gemm_cltune_opencl/"], "best_config": {"nvml_gr_clock": 840, "nvml_mem_clock": 6501, "GEMMK": 0, "MWG": 64, "NWG": 128, "KWG": 16, "MDIMC": 8, "NDIMC": 16, "MDIMA": 16, "NDIMB": 16, "KWI": 2, "VWM": 4, "VWN": 4, "STRM": 1, "STRN": 1, "SA": 1, "SB": 1, "KREG": 1, "PRECISION": 32, "core_freqs": [840.0, 840.0, 840.0, 840.0, 840.0, 840.0, 840.0], "core_freq": 840.0, "mem_freqs": [6501.0, 6501.0, 6501.0, 6501.0, 6501.0, 6501.0, 6501.0], "mem_freq": 6501.0, "temperatures": [58.0, 58.66046511627907, 59.0, 59.0, 59.7020202020202, 60.0, 60.0], "temperature": 59.194640759757036, "time": 18.848621714285713, "times": [18.857984, 18.847744, 18.840576, 18.845696, 18.845696, 18.844672, 18.857984], "compile_time": 305.3762372583151, "verification_time": 0, "benchmark_time": 135.13991981744766, "GFLOP/s": 7293.504532472371, "strategy_time": 0.061353668570518494, "framework_time": 1.970820128917694, "timestamp": "2024-07-09 09:37:14.752926+00:00"}, "total_framework_time": 193.2294275611639, "total_strategy_time": 732.2639618068933, "total_compile_time": 29327.779905870557, "total_verification_time": 0, "total_benchmark_time": 18713.709354400635, "overhead_time": 3003.299055621028, "execution_time": 51.98207664489746}