{"platform_name": "NVIDIA CUDA", "platform_version": "OpenCL 3.0 CUDA 12.3.68", "device_name": "NVIDIA RTX A4000", "device_version": "OpenCL 3.0 CUDA", "opencl_c_version": "OpenCL C 1.2 ", "driver_version": "545.23.06", "iterations": 7, "compiler_options": ["-I/home/fjwillem/Code/kernel_tuner_paper/kernels/gemm_cltune_opencl/"], "best_config": {"nvml_gr_clock": 840, "nvml_mem_clock": 6501, "GEMMK": 0, "MWG": 128, "NWG": 128, "KWG": 32, "MDIMC": 16, "NDIMC": 8, "MDIMA": 32, "NDIMB": 8, "KWI": 2, "VWM": 4, "VWN": 4, "STRM": 0, "STRN": 1, "SA": 1, "SB": 0, "KREG": 1, "PRECISION": 32, "core_freqs": [840.0, 840.0, 840.0, 840.0, 840.0, 840.0, 840.0], "core_freq": 840.0, "mem_freqs": [6501.0, 6501.0, 6501.0, 6501.0, 6501.0, 6501.0, 6501.0], "mem_freq": 6501.0, "temperatures": [54.0, 54.38194444444444, 55.0, 55.0, 55.0, 55.0, 55.36690647482014], "temperature": 54.8212644170378, "time": 23.354363428571425, "times": [23.382016, 23.31136, 23.443455999999998, 23.359488, 23.218144, 23.404543999999998, 23.361535999999997], "compile_time": 291.2739962339401, "verification_time": 0, "benchmark_time": 165.81022925674915, "GFLOP/s": 5886.373581727255, "strategy_time": 0.014567747712135315, "framework_time": 1.8460098654031754, "timestamp": "2024-07-08 14:38:03.895924+00:00"}, "total_framework_time": 210.9842710196972, "total_strategy_time": 711.7373738437891, "total_compile_time": 37038.916455581784, "total_verification_time": 0, "total_benchmark_time": 30243.140975013375, "overhead_time": 2689.8046284914017, "execution_time": 70.9055290222168}