{"device_name": "NVIDIA RTX A4000", "simulation": true, "simulated_time": 46870.950657874346, "best_config": {"nvml_gr_clock": 840, "nvml_mem_clock": 6501, "GEMMK": 0, "MWG": 64, "NWG": 64, "KWG": 32, "MDIMC": 8, "NDIMC": 8, "MDIMA": 32, "NDIMB": 16, "KWI": 2, "VWM": 2, "VWN": 4, "STRM": 0, "STRN": 0, "SA": 0, "SB": 0, "KREG": 1, "PRECISION": 32, "core_freqs": [840.0, 840.0, 840.0, 840.0, 840.0, 840.0, 840.0], "core_freq": 840.0, "mem_freqs": [6501.0, 6501.0, 6501.0, 6501.0, 6501.0, 6501.0, 6501.0], "mem_freq": 6501.0, "temperatures": [60.0, 60.08206686930091, 61.0, 61.0, 61.0, 61.41337386018237, 62.0], "temperature": 60.9279201042119, "time": 24.178093714285712, "times": [24.16224, 24.098816, 24.206336, 23.975935999999997, 24.381439999999998, 24.046592, 24.375296], "compile_time": 218.43994199298322, "verification_time": 0, "benchmark_time": 172.7081520948559, "GFLOP/s": 5685.829061981585, "strategy_time": 0.01492910087108612, "framework_time": 0.10609813034534454, "timestamp": "2024-03-15 13:43:15.395055+00:00"}, "total_framework_time": 12.348270043730736, "total_strategy_time": 4997.691189870238, "total_compile_time": 21534.34537583962, "total_verification_time": 0, "total_benchmark_time": 25336.605282034725, "overhead_time": 263.5238226503134, "execution_time": 5.342019319534302}