{"platform_name": "NVIDIA CUDA", "platform_version": "OpenCL 3.0 CUDA 12.3.68", "device_name": "NVIDIA RTX A4000", "device_version": "OpenCL 3.0 CUDA", "opencl_c_version": "OpenCL C 1.2 ", "driver_version": "545.23.06", "iterations": 7, "compiler_options": ["-I/home/fjwillem/Code/kernel_tuner_paper/kernels/gemm_cltune_opencl/"], "best_config": {"nvml_gr_clock": 840, "nvml_mem_clock": 6501, "GEMMK": 0, "MWG": 64, "NWG": 128, "KWG": 16, "MDIMC": 16, "NDIMC": 8, "MDIMA": 32, "NDIMB": 32, "KWI": 2, "VWM": 2, "VWN": 4, "STRM": 1, "STRN": 0, "SA": 1, "SB": 1, "KREG": 1, "PRECISION": 32, "core_freqs": [840.0, 840.0, 840.0, 840.0, 840.0, 840.0, 840.0], "core_freq": 840.0, "mem_freqs": [6501.0, 6501.0, 6501.0, 6501.0, 6501.0, 6501.0, 6501.0], "mem_freq": 6501.0, "temperatures": [57.0, 57.83977900552486, 58.17258883248731, 59.0, 59.0, 59.0, 59.0], "temperature": 58.430338262573166, "time": 19.13605942857143, "times": [19.151775999999998, 19.130368, 19.136512, 19.121152, 19.141631999999998, 19.135488, 19.135488], "compile_time": 220.3168012201786, "verification_time": 0, "benchmark_time": 137.11779937148094, "GFLOP/s": 7183.950719694372, "strategy_time": 0.06431899964809418, "framework_time": 2.0517688244581223, "timestamp": "2024-07-11 08:26:08.365270+00:00"}, "total_framework_time": 215.285399928689, "total_strategy_time": 694.6899555623531, "total_compile_time": 22626.125471666455, "total_verification_time": 0, "total_benchmark_time": 25998.46470914781, "overhead_time": 2684.3864880502224, "execution_time": 52.232752323150635}