{"device_name": "NVIDIA RTX A4000", "simulation": true, "simulated_time": 120383.85462551378, "best_config": {"nvml_gr_clock": 840, "nvml_mem_clock": 6501, "GEMMK": 0, "MWG": 128, "NWG": 128, "KWG": 32, "MDIMC": 16, "NDIMC": 16, "MDIMA": 8, "NDIMB": 8, "KWI": 2, "VWM": 2, "VWN": 8, "STRM": 1, "STRN": 1, "SA": 1, "SB": 0, "KREG": 1, "PRECISION": 32, "core_freqs": [840.0, 840.0, 840.0, 840.0, 840.0, 840.0, 840.0], "core_freq": 840.0, "mem_freqs": [6501.0, 6501.0, 6501.0, 6501.0, 6501.0, 6501.0, 6501.0], "mem_freq": 6501.0, "temperatures": [56.003571428571426, 57.0, 57.0, 57.0, 57.0, 57.0, 57.65090909090909], "temperature": 56.9506400742115, "time": 21.749901714285716, "times": [21.571583999999998, 21.8112, 21.648384, 21.955551999999997, 21.34528, 22.198272, 21.71904], "compile_time": 218.6400769278407, "verification_time": 0, "benchmark_time": 155.6015859823674, "GFLOP/s": 6320.603638116932, "strategy_time": 0.001593027263879776, "framework_time": 0.04794006235897541, "timestamp": "2024-03-16 00:52:17.995130+00:00"}, "total_framework_time": 8.020703215152025, "total_strategy_time": 4024.977444438264, "total_compile_time": 47797.43123939261, "total_verification_time": 0, "total_benchmark_time": 72586.42338612117, "overhead_time": 262.14623148553073, "execution_time": 4.357132196426392}