{"platform_name": "NVIDIA CUDA", "platform_version": "OpenCL 3.0 CUDA 12.3.68", "device_name": "NVIDIA RTX A4000", "device_version": "OpenCL 3.0 CUDA", "opencl_c_version": "OpenCL C 1.2 ", "driver_version": "545.23.06", "iterations": 7, "compiler_options": ["-I/home/fjwillem/Code/kernel_tuner_paper/kernels/gemm_cltune_opencl/"], "best_config": {"nvml_gr_clock": 840, "nvml_mem_clock": 6501, "GEMMK": 0, "MWG": 64, "NWG": 128, "KWG": 16, "MDIMC": 8, "NDIMC": 16, "MDIMA": 8, "NDIMB": 32, "KWI": 2, "VWM": 4, "VWN": 2, "STRM": 1, "STRN": 0, "SA": 1, "SB": 1, "KREG": 1, "PRECISION": 32, "core_freqs": [840.0, 840.0, 840.0, 840.0, 840.0, 840.0, 840.0], "core_freq": 840.0, "mem_freqs": [6501.0, 6501.0, 6501.0, 6501.0, 6501.0, 6501.0, 6501.0], "mem_freq": 6501.0, "temperatures": [60.0, 60.318548387096776, 61.0, 61.0, 61.0, 61.0, 61.936], "temperature": 60.89350691244239, "time": 19.496521142857144, "times": [19.501056, 19.483648, 19.499008, 19.492864, 19.496959999999998, 19.496959999999998, 19.505152], "compile_time": 213.48154707811773, "verification_time": 0, "benchmark_time": 140.94679802656174, "GFLOP/s": 7051.130142485199, "strategy_time": 0.010780058801174164, "framework_time": 1.6660378314554691, "timestamp": "2024-03-15 16:40:15.675783+00:00"}, "total_framework_time": 323.8271854352206, "total_strategy_time": 320.1738602947444, "total_compile_time": 43200.54301340133, "total_verification_time": 0, "total_benchmark_time": 75617.82993073575, "overhead_time": 2645.4242973122746, "execution_time": 122.12110471725464}