{"device_name": "NVIDIA RTX A4000", "simulation": true, "simulated_time": 120139.88894876093, "best_config": {"nvml_gr_clock": 840, "nvml_mem_clock": 6501, "GEMMK": 0, "MWG": 64, "NWG": 128, "KWG": 16, "MDIMC": 16, "NDIMC": 8, "MDIMA": 16, "NDIMB": 32, "KWI": 2, "VWM": 4, "VWN": 4, "STRM": 0, "STRN": 0, "SA": 1, "SB": 1, "KREG": 1, "PRECISION": 32, "core_freqs": [840.0, 840.0, 840.0, 840.0, 840.0, 840.0, 840.0, 840.0, 840.0, 840.0, 840.0, 840.0, 840.0, 840.0, 840.0, 840.0, 840.0, 840.0, 840.0, 840.0, 840.0, 840.0, 840.0, 840.0, 840.0, 840.0, 840.0, 840.0, 840.0, 840.0, 840.0, 840.0], "core_freq": 840.0, "mem_freqs": [6501.0, 6501.0, 6501.0, 6501.0, 6501.0, 6501.0, 6501.0, 6501.0, 6501.0, 6501.0, 6501.0, 6501.0, 6501.0, 6501.0, 6501.0, 6501.0, 6501.0, 6501.0, 6501.0, 6501.0, 6501.0, 6501.0, 6501.0, 6501.0, 6501.0, 6501.0, 6501.0, 6501.0, 6501.0, 6501.0, 6501.0, 6501.0], "mem_freq": 6501.0, "temperatures": [59.0, 59.90106007067138, 60.42402826855124, 61.0, 61.0, 61.0, 61.0, 61.0, 61.70609318996416, 62.0, 62.0, 62.0, 62.0, 62.0, 62.0, 62.0, 62.0, 62.0, 62.0, 62.0, 62.0, 62.0, 62.0, 62.0, 62.0, 62.0, 62.0, 62.0, 62.0, 62.0, 62.0, 62.0], "temperature": 61.62597442278709, "time": 20.479486, "times": [20.493312, 20.473855999999998, 20.481023999999998, 20.481023999999998, 20.477952, 20.48512, 20.491263999999997, 20.482048, 20.472832, 20.481023999999998, 20.48, 20.482048, 20.471808, 20.476927999999997, 20.478976, 20.47072, 20.477952, 20.478976, 20.481023999999998, 20.471808, 20.477952, 20.468736, 20.46976, 20.475904, 20.487168, 20.477952, 20.481023999999998, 20.48, 20.476927999999997, 20.493312, 20.48, 20.48512], "pwr_core_freqs": [840.0], "pwr_core_freq": 840.0, "pwr_mem_freqs": [6501.0], "pwr_mem_freq": 6501.0, "pwr_temperatures": [62.9094345692914], "pwr_temperature": 62.9094345692914, "nvml_energy": 2.085303182464, "compile_time": 312.3963503167033, "verification_time": 0, "benchmark_time": 2455.5895691737533, "GFLOP/s": 6712.693272868273, "strategy_time": 0.0019939616322517395, "framework_time": 0.044353073462843895, "timestamp": "2024-02-13 04:39:52.862088+00:00"}, "total_framework_time": 1.5091451350599527, "total_strategy_time": 7382.745372131467, "total_compile_time": 8362.319596111774, "total_verification_time": 0, "total_benchmark_time": 111777.56935264915, "overhead_time": 547.3340477328748, "execution_time": 8.51646900177002}