{"platform_name": "NVIDIA CUDA", "platform_version": "OpenCL 3.0 CUDA 12.3.68", "device_name": "NVIDIA RTX A4000", "device_version": "OpenCL 3.0 CUDA", "opencl_c_version": "OpenCL C 1.2 ", "driver_version": "545.23.06", "iterations": 7, "compiler_options": ["-I/home/fjwillem/Code/kernel_tuner_paper/kernels/gemm_cltune_opencl/"], "best_config": {"nvml_gr_clock": 840, "nvml_mem_clock": 6501, "GEMMK": 0, "MWG": 128, "NWG": 128, "KWG": 16, "MDIMC": 16, "NDIMC": 8, "MDIMA": 8, "NDIMB": 32, "KWI": 2, "VWM": 2, "VWN": 1, "STRM": 1, "STRN": 1, "SA": 0, "SB": 1, "KREG": 1, "PRECISION": 32, "core_freqs": [840.0, 840.0, 840.0, 840.0, 840.0, 840.0, 840.0], "core_freq": 840.0, "mem_freqs": [6501.0, 6501.0, 6501.0, 6501.0, 6501.0, 6501.0, 6501.0], "mem_freq": 6501.0, "temperatures": [60.0, 60.582375478927204, 61.0, 61.0, 61.92664092664093, 62.0, 62.0], "temperature": 61.21557377222401, "time": 21.958358857142855, "times": [21.970912, 21.952512, 21.956608, 21.953536, 21.95968, 21.95968, 21.955583999999998], "compile_time": 389.5145580172539, "verification_time": 0, "benchmark_time": 156.10108897089958, "GFLOP/s": 6260.600293417713, "strategy_time": 0.01707114279270172, "framework_time": 1.9127167761325836, "timestamp": "2024-07-09 11:21:57.113517+00:00"}, "total_framework_time": 218.33334304392338, "total_strategy_time": 735.7748541980982, "total_compile_time": 26592.29283593595, "total_verification_time": 0, "total_benchmark_time": 29860.242443159223, "overhead_time": 2784.754114225507, "execution_time": 60.203763484954834}