{"platform_name": "NVIDIA CUDA", "platform_version": "OpenCL 3.0 CUDA 12.3.68", "device_name": "NVIDIA RTX A4000", "device_version": "OpenCL 3.0 CUDA", "opencl_c_version": "OpenCL C 1.2 ", "driver_version": "545.23.06", "iterations": 7, "compiler_options": ["-I/home/fjwillem/Code/kernel_tuner_paper/kernels/gemm_cltune_opencl/"], "best_config": {"nvml_gr_clock": 840, "nvml_mem_clock": 6501, "GEMMK": 0, "MWG": 64, "NWG": 64, "KWG": 32, "MDIMC": 8, "NDIMC": 8, "MDIMA": 8, "NDIMB": 8, "KWI": 2, "VWM": 4, "VWN": 2, "STRM": 1, "STRN": 0, "SA": 0, "SB": 0, "KREG": 1, "PRECISION": 32, "core_freqs": [840.0, 840.0, 840.0, 840.0, 840.0, 840.0, 840.0], "core_freq": 840.0, "mem_freqs": [6501.0, 6501.0, 6501.0, 6501.0, 6501.0, 6501.0, 6501.0], "mem_freq": 6501.0, "temperatures": [58.0, 58.112, 59.0, 59.0, 59.0, 59.0, 59.0], "temperature": 58.730285714285706, "time": 22.748598857142856, "times": [22.639616, 22.586368, 22.930432, 22.530048, 22.841344, 22.78912, 22.923264], "compile_time": 56.75188452005386, "verification_time": 0, "benchmark_time": 161.8745531886816, "GFLOP/s": 6043.11978804949, "strategy_time": 0.053299590945243835, "framework_time": 1.832941547036171, "timestamp": "2024-07-11 09:08:23.683949+00:00"}, "total_framework_time": 191.64524786174297, "total_strategy_time": 667.7530966699123, "total_compile_time": 13050.178924575448, "total_verification_time": 0, "total_benchmark_time": 22116.736628115177, "overhead_time": 2537.7476904541254, "execution_time": 38.57591772079468}