{"device_name": "NVIDIA RTX A4000", "simulation": true, "simulated_time": 122653.8778366521, "best_config": {"nvml_gr_clock": 840, "nvml_mem_clock": 6501, "GEMMK": 0, "MWG": 64, "NWG": 128, "KWG": 16, "MDIMC": 16, "NDIMC": 8, "MDIMA": 16, "NDIMB": 8, "KWI": 2, "VWM": 4, "VWN": 4, "STRM": 1, "STRN": 0, "SA": 0, "SB": 1, "KREG": 1, "PRECISION": 32, "core_freqs": [840.0, 840.0, 840.0, 840.0, 840.0, 840.0, 840.0, 840.0, 840.0, 840.0, 840.0, 840.0, 840.0, 840.0, 840.0, 840.0, 840.0, 840.0, 840.0, 840.0, 840.0, 840.0, 840.0, 840.0, 840.0, 840.0, 840.0, 840.0, 840.0, 840.0, 840.0, 840.0], "core_freq": 840.0, "mem_freqs": [6501.0, 6501.0, 6501.0, 6501.0, 6501.0, 6501.0, 6501.0, 6501.0, 6501.0, 6501.0, 6501.0, 6501.0, 6501.0, 6501.0, 6501.0, 6501.0, 6501.0, 6501.0, 6501.0, 6501.0, 6501.0, 6501.0, 6501.0, 6501.0, 6501.0, 6501.0, 6501.0, 6501.0, 6501.0, 6501.0, 6501.0, 6501.0], "mem_freq": 6501.0, "temperatures": [59.0, 59.24920127795527, 60.0, 60.0, 60.65846153846154, 61.0, 61.0, 61.0, 61.0, 61.0, 61.0, 61.0, 61.0, 61.0, 61.0, 61.16546762589928, 62.0, 62.0, 62.0, 62.0, 62.0, 62.0, 62.0, 62.0, 62.0, 62.0, 62.0, 62.0, 62.0, 62.0, 62.0, 62.0], "temperature": 61.31478532632238, "time": 23.233438, "times": [23.238656, 23.230463999999998, 23.231488, 23.236608, 23.232512, 23.235584, 23.227392, 23.22944, 23.238656, 23.221248, 23.232512, 23.243776, 23.231488, 23.225344, 23.238656, 23.236608, 23.226367999999997, 23.23248, 23.225344, 23.245791999999998, 23.233535999999997, 23.23968, 23.228416, 23.235584, 23.22432, 23.23456, 23.23456, 23.233535999999997, 23.237631999999998, 23.236608, 23.22944, 23.241728], "pwr_core_freqs": [840.0], "pwr_core_freq": 840.0, "pwr_mem_freqs": [6501.0], "pwr_mem_freq": 6501.0, "pwr_temperatures": [62.0], "pwr_temperature": 62.0, "nvml_energy": 2.3734467090469997, "compile_time": 309.14841685444117, "verification_time": 0, "benchmark_time": 2569.610529579222, "GFLOP/s": 5917.0109866649955, "strategy_time": 0.0016139820218086243, "framework_time": 0.043340958654880524, "timestamp": "2024-02-13 04:22:04.274545+00:00"}, "total_framework_time": 1.616383669897914, "total_strategy_time": 7898.092256160453, "total_compile_time": 9875.018345192075, "total_verification_time": 0, "total_benchmark_time": 112778.85949146003, "overhead_time": 487.9730213433504, "execution_time": 8.972024917602539}