{
"device_name": "NVIDIA RTX A4000",
"kernel_name": "Xgemm",
"problem_size": [
4096,
4096
],
"tune_params_keys": [
"nvml_gr_clock",
"nvml_mem_clock",
"GEMMK",
"MWG",
"NWG",
"KWG",
"MDIMC",
"NDIMC",
"MDIMA",
"NDIMB",
"KWI",
"VWM",
"VWN",
"STRM",
"STRN",
"SA",
"SB",
"KREG",
"PRECISION"
],
"tune_params": {
"nvml_gr_clock": [
840
],
"nvml_mem_clock": [
6501
],
"GEMMK": [
0
],
"MWG": [
16,
32,
64,
128
],
"NWG": [
16,
32,
64,
128
],
"KWG": [
16,
32
],
"MDIMC": [
8,
16,
32
],
"NDIMC": [
8,
16,
32
],
"MDIMA": [
8,
16,
32
],
"NDIMB": [
8,
16,
32
],
"KWI": [
2
],
"VWM": [
1,
2,
4,
8
],
"VWN": [
1,
2,
4,
8
],
"STRM": [
0,
1
],
"STRN": [
0,
1
],
"SA": [
0,
1
],
"SB": [
0,
1
],
"KREG": [
1
],
"PRECISION": [
32
]
},
"objective": "time",
"cache": {
"840,6501,0,128,64,32,8,16,32,8,2,1,4,0,0,0,0,1,32": {"nvml_gr_clock": 840, "nvml_mem_clock": 6501, "GEMMK": 0, "MWG": 128, "NWG": 64, "KWG": 32, "MDIMC": 8, "NDIMC": 16, "MDIMA": 32, "NDIMB": 8, "KWI": 2, "VWM": 1, "VWN": 4, "STRM": 0, "STRN": 0, "SA": 0, "SB": 0, "KREG": 1, "PRECISION": 32, "core_freqs": [840.0, 840.0, 840.0, 840.0, 840.0, 840.0, 840.0], "core_freq": 840.0, "mem_freqs": [6501.0, 6501.0, 6501.0, 6501.0, 6501.0, 6501.0, 6501.0], "mem_freq": 6501.0, "temperatures": [60.0, 60.0, 60.0, 60.1771978021978, 60.252873563218394, 60.123032904148786, 61.0], "temperature": 60.22187203850928, "time": 58.509750857142855, "times": [58.52672, 58.545151999999995, 58.487807999999994, 58.479616, 58.550272, 58.476544, 58.502143999999994], "compile_time": 87.419104995206, "verification_time": 0, "benchmark_time": 414.50544516555965, "GFLOP/s": 2349.565771347279, "strategy_time": 336.23364311642945, "framework_time": 0, "timestamp": "2024-03-15 16:50:14.116557+00:00"},
"840,6501,0,128,32,16,8,8,32,16,2,2,2,1,1,1,0,1,32": {"nvml_gr_clock": 840, "nvml_mem_clock": 6501, "GEMMK": 0, "MWG": 128, "NWG": 32, "KWG": 16, "MDIMC": 8, "NDIMC": 8, "MDIMA": 32, "NDIMB": 16, "KWI": 2, "VWM": 2, "VWN": 2, "STRM": 1, "STRN": 1, "SA": 1, "SB": 0, "KREG": 1, "PRECISION": 32, "core_freqs": [840.0, 840.0, 840.0, 840.0, 840.0, 840.0, 840.0], "core_freq": 840.0, "mem_freqs": [6501.0, 6501.0, 6501.0, 6501.0, 6501.0, 6501.0, 6501.0], "mem_freq": 6501.0, "temperatures": [59.0, 59.4140625, 60.0, 60.01980198019802, 61.0, 61.0, 61.0], "temperature": 60.204837782885434, "time": 24.022747428571424, "times": [24.088576, 24.055808, 23.994367999999998, 23.984128, 24.010752, 24.013824, 24.011775999999998], "compile_time": 492.01016314327717, "verification_time": 0, "benchmark_time": 172.62230603955686, "GFLOP/s": 5722.597230510663, "strategy_time": 0.008836854249238968, "framework_time": 1.7745480872690678, "timestamp": "2024-03-15 16:50:14.783002+00:00"},
"840,6501,0,128,16,32,16,8,16,16,2,2,1,1,1,0,0,1,32": {"nvml_gr_clock": 840, "nvml_mem_clock": 6501, "GEMMK": 0, "MWG": 128, "NWG": 16, "KWG": 32, "MDIMC": 16, "NDIMC": 8, "MDIMA": 16, "NDIMB": 16, "KWI": 2, "VWM": 2, "VWN": 1, "STRM": 1, "STRN": 1, "SA": 0, "SB": 0, "KREG": 1, "PRECISION": 32, "core_freqs": [840.0, 840.0, 840.0, 840.0, 840.0, 840.0, 840.0], "core_freq": 840.0, "mem_freqs": [6501.0, 6501.0, 6501.0, 6501.0, 6501.0, 6501.0, 6501.0], "mem_freq": 6501.0, "temperatures": [59.35686777920411, 60.0, 60.0, 60.0, 60.0, 60.15628970775095, 61.0], "temperature": 60.07330821242215, "time": 62.738431999999996, "times": [62.783488, 62.70464, 62.74048, 62.754816, 62.713856, 62.73536, 62.736383999999994], "compile_time": 181.30518891848624, "verification_time": 0, "benchmark_time": 445.92825206927955, "GFLOP/s": 2191.200887902331, "strategy_time": 0.007214024662971497, "framework_time": 1.5740038361400366, "timestamp": "2024-03-15 16:50:15.411845+00:00"},
"840,6501,0,128,64,32,32,8,32,32,2,1,2,1,1,1,0,1,32": {"nvml_gr_clock": 840, "nvml_mem_clock": 6501, "GEMMK": 0, "MWG": 128, "NWG": 64, "KWG": 32, "MDIMC": 32, "NDIMC": 8, "MDIMA": 32, "NDIMB": 32, "KWI": 2, "VWM": 1, "VWN": 2, "STRM": 1, "STRN": 1, "SA": 1, "SB": 0, "KREG": 1, "PRECISION": 32, "core_freqs": [840.0, 840.0, 840.0, 840.0, 840.0, 840.0, 840.0], "core_freq": 840.0, "mem_freqs": [6501.0, 6501.0, 6501.0, 6501.0, 6501.0, 6501.0, 6501.0], "mem_freq": 6501.0, "temperatures": [59.0, 59.46261682242991, 60.0, 60.0, 60.04705882352941, 61.0, 61.0], "temperature": 60.07281080656561, "time": 34.37012114285714, "times": [34.096128, 34.838528, 34.274304, 34.58048, 34.4576, 34.227199999999996, 34.116608], "compile_time": 408.84546702727675, "verification_time": 0, "benchmark_time": 246.83005502447486, "GFLOP/s": 3999.767918553577, "strategy_time": 0.008655944839119911, "framework_time": 1.595222856849432, "timestamp": "2024-03-15 16:50:16.069155+00:00"},
"840,6501,0,128,128,32,16,16,16,16,2,1,1,0,0,1,0,1,32": {"nvml_gr_clock": 840, "nvml_mem_clock": 6501, "GEMMK": 0, "MWG": 128, "NWG": 128, "KWG": 32, "MDIMC": 16, "NDIMC": 16, "MDIMA": 16, "NDIMB": 16, "KWI": 2, "VWM": 1, "VWN": 1, "STRM": 0, "STRN": 0, "SA": 1, "SB": 0, "KREG": 1, "PRECISION": 32, "core_freqs": [840.0, 840.0, 840.0, 840.0, 840.0, 840.0, 840.0], "core_freq": 840.0, "mem_freqs": [6501.0, 6501.0, 6501.0, 6501.0, 6501.0, 6501.0, 6501.0], "mem_freq": 6501.0, "temperatures": [59.0, 59.423758865248224, 60.0, 60.0, 60.0, 60.0, 60.0], "temperature": 59.77482269503547, "time": 44.832621714285715, "times": [44.837888, 44.832768, 44.826623999999995, 44.837888, 44.827647999999996, 44.831744, 44.833791999999995], "compile_time": 395.0296798720956, "verification_time": 0, "benchmark_time": 318.6059850268066, "GFLOP/s": 3066.349962313156, "strategy_time": 0.008666189387440681, "framework_time": 1.6036690212786198, "timestamp": "2024-03-15 16:50:16.784440+00:00"},
"840,6501,0,32,64,32,8,16,16,16,2,1,4,1,0,1,0,1,32": {"nvml_gr_clock": 840, "nvml_mem_clock": 6501, "GEMMK": 0, "MWG": 32, "NWG": 64, "KWG": 32, "MDIMC": 8, "NDIMC": 16, "MDIMA": 16, "NDIMB": 16, "KWI": 2, "VWM": 1, "VWN": 4, "STRM": 1, "STRN": 0, "SA": 1, "SB": 0, "KREG": 1, "PRECISION": 32, "core_freqs": [840.0, 840.0, 840.0, 840.0, 840.0, 840.0, 840.0], "core_freq": 840.0, "mem_freqs": [6501.0, 6501.0, 6501.0, 6501.0, 6501.0, 6501.0, 6501.0], "mem_freq": 6501.0, "temperatures": [59.63636363636363, 60.0, 60.406882591093115, 61.0, 61.0, 61.0, 61.0], "temperature": 60.57760660392239, "time": 39.704713142857145, "times": [39.712768, 39.698432, 39.70048, 39.706624, 39.707648, 39.704575999999996, 39.702464], "compile_time": 97.32936602085829, "verification_time": 0, "benchmark_time": 282.5439888983965, "GFLOP/s": 3462.3725251300857, "strategy_time": 0.00850600190460682, "framework_time": 1.5841629356145859, "timestamp": "2024-03-15 16:50:17.165935+00:00"},
"840,6501,0,128,128,32,32,16,32,16,2,2,1,0,0,1,0,1,32": {"nvml_gr_clock": 840, "nvml_mem_clock": 6501, "GEMMK": 0, "MWG": 128, "NWG": 128, "KWG": 32, "MDIMC": 32, "NDIMC": 16, "MDIMA": 32, "NDIMB": 16, "KWI": 2, "VWM": 2, "VWN": 1, "STRM": 0, "STRN": 0, "SA": 1, "SB": 0, "KREG": 1, "PRECISION": 32, "core_freqs": [840.0, 840.0, 840.0, 840.0, 840.0, 840.0, 840.0], "core_freq": 840.0, "mem_freqs": [6501.0, 6501.0, 6501.0, 6501.0, 6501.0, 6501.0, 6501.0], "mem_freq": 6501.0, "temperatures": [59.0, 59.981351981351985, 60.0, 60.0, 60.0, 60.32773109243698, 61.0], "temperature": 60.04415472482699, "time": 38.26629485714285, "times": [38.255615999999996, 38.274048, 38.291456, 38.242304, 38.293504, 38.252544, 38.254591999999995], "compile_time": 229.95859198272228, "verification_time": 0, "benchmark_time": 272.55928004160523, "GFLOP/s": 3592.5220462868806, "strategy_time": 0.008526025339961052, "framework_time": 1.696151914075017, "timestamp": "2024-03-15 16:50:17.670187+00:00"},
"840,6501,0,128,128,32,8,32,32,16,2,1,2,1,1,1,0,1,32": {"nvml_gr_clock": 840, "nvml_mem_clock": 6501, "GEMMK": 0, "MWG": 128, "NWG": 128, "KWG": 32, "MDIMC": 8, "NDIMC": 32, "MDIMA": 32, "NDIMB": 16, "KWI": 2, "VWM": 1, "VWN": 2, "STRM": 1, "STRN": 1, "SA": 1, "SB": 0, "KREG": 1, "PRECISION": 32, "core_freqs": [840.0, 840.0, 840.0, 840.0, 840.0, 840.0, 840.0], "core_freq": 840.0,