{"platform_name": "NVIDIA CUDA", "platform_version": "OpenCL 3.0 CUDA 12.3.68", "device_name": "NVIDIA RTX A4000", "device_version": "OpenCL 3.0 CUDA", "opencl_c_version": "OpenCL C 1.2 ", "driver_version": "545.23.06", "iterations": 7, "compiler_options": ["-I/home/fjwillem/Code/kernel_tuner_paper/kernels/gemm_cltune_opencl/"], "best_config": {"nvml_gr_clock": 840, "nvml_mem_clock": 6501, "GEMMK": 0, "MWG": 128, "NWG": 128, "KWG": 16, "MDIMC": 16, "NDIMC": 8, "MDIMA": 16, "NDIMB": 8, "KWI": 2, "VWM": 2, "VWN": 4, "STRM": 1, "STRN": 1, "SA": 1, "SB": 1, "KREG": 1, "PRECISION": 32, "core_freqs": [840.0, 840.0, 840.0, 840.0, 840.0, 840.0, 840.0], "core_freq": 840.0, "mem_freqs": [6501.0, 6501.0, 6501.0, 6501.0, 6501.0, 6501.0, 6501.0], "mem_freq": 6501.0, "temperatures": [61.0, 61.83064516129032, 62.0, 62.0, 62.0, 62.30327868852459, 63.0], "temperature": 62.01913197854498, "time": 19.196045714285713, "times": [19.208192, 19.186688, 19.207168, 19.211232, 19.185664, 19.187711999999998, 19.185664], "compile_time": 554.3389131780714, "verification_time": 0, "benchmark_time": 138.68197286501527, "GFLOP/s": 7161.501381594067, "strategy_time": 0.009818002581596375, "framework_time": 1.6581721138209105, "timestamp": "2024-03-15 15:23:55.988809+00:00"}, "total_framework_time": 321.87031628564, "total_strategy_time": 337.5999650452286, "total_compile_time": 40049.46553334594, "total_verification_time": 0, "total_benchmark_time": 78415.96140479669, "overhead_time": 2648.61205057241, "execution_time": 121.78563261032104}