{"device_name": "NVIDIA RTX A4000", "simulation": true, "simulated_time": 122221.72867693007, "best_config": {"nvml_gr_clock": 840, "nvml_mem_clock": 6501, "GEMMK": 0, "MWG": 128, "NWG": 128, "KWG": 32, "MDIMC": 16, "NDIMC": 32, "MDIMA": 32, "NDIMB": 32, "KWI": 2, "VWM": 4, "VWN": 4, "STRM": 1, "STRN": 0, "SA": 1, "SB": 1, "KREG": 1, "PRECISION": 32, "core_freqs": [840.0, 840.0, 840.0, 840.0, 840.0, 840.0, 840.0, 840.0, 840.0, 840.0, 840.0, 840.0, 840.0, 840.0, 840.0, 840.0, 840.0, 840.0, 840.0, 840.0, 840.0, 840.0, 840.0, 840.0, 840.0, 840.0, 840.0, 840.0, 840.0, 840.0, 840.0, 840.0], "core_freq": 840.0, "mem_freqs": [6501.0, 6501.0, 6501.0, 6501.0, 6501.0, 6501.0, 6501.0, 6501.0, 6501.0, 6501.0, 6501.0, 6501.0, 6501.0, 6501.0, 6501.0, 6501.0, 6501.0, 6501.0, 6501.0, 6501.0, 6501.0, 6501.0, 6501.0, 6501.0, 6501.0, 6501.0, 6501.0, 6501.0, 6501.0, 6501.0, 6501.0, 6501.0], "mem_freq": 6501.0, "temperatures": [52.86785714285714, 53.0, 53.388513513513516, 54.0, 54.0, 54.0, 54.0, 54.0, 54.19649122807017, 55.0, 55.0, 55.0, 55.0, 55.0, 55.0, 55.0, 55.0, 55.0, 55.0, 55.0, 55.0, 55.0, 55.0, 55.0, 55.0, 55.0, 55.0, 55.0, 55.0, 55.0, 55.0, 55.0], "temperature": 54.639151933888776, "time": 23.639615999999997, "times": [23.646207999999998, 23.649279999999997, 23.635968, 23.639039999999998, 23.632896, 23.640064, 23.635968, 23.642111999999997, 23.642111999999997, 23.640064, 23.649279999999997, 23.645184, 23.636992, 23.638016, 23.651328, 23.629824, 23.649279999999997, 23.639039999999998, 23.638016, 23.641088, 23.636992, 23.645184, 23.652352, 23.638016, 23.638016, 23.639039999999998, 23.646207999999998, 23.622656, 23.616512, 23.63392, 23.639039999999998, 23.638016], "pwr_core_freqs": [840.0], "pwr_core_freq": 840.0, "pwr_mem_freqs": [6501.0], "pwr_mem_freq": 6501.0, "pwr_temperatures": [55.716162595891014], "pwr_temperature": 55.716162595891014, "nvml_energy": 2.1554838264959995, "compile_time": 231.04083724319935, "verification_time": 0, "benchmark_time": 2582.442156970501, "GFLOP/s": 5815.3443737833995, "strategy_time": 0.0016530975699424744, "framework_time": 0.04339194856584072, "timestamp": "2024-02-15 12:49:54.316640+00:00"}, "total_framework_time": 1.6758674755692482, "total_strategy_time": 7460.899458965287, "total_compile_time": 9126.168384216726, "total_verification_time": 0, "total_benchmark_time": 113095.56029271334, "overhead_time": 502.67584272660315, "execution_time": 8.561866760253906}