{"platform_name": "NVIDIA CUDA", "platform_version": "OpenCL 3.0 CUDA 12.3.68", "device_name": "NVIDIA RTX A4000", "device_version": "OpenCL 3.0 CUDA", "opencl_c_version": "OpenCL C 1.2 ", "driver_version": "545.23.06", "iterations": 7, "compiler_options": ["-I/home/fjwillem/Code/kernel_tuner_paper/kernels/gemm_cltune_opencl/"], "best_config": {"nvml_gr_clock": 840, "nvml_mem_clock": 6501, "GEMMK": 0, "MWG": 64, "NWG": 64, "KWG": 32, "MDIMC": 8, "NDIMC": 8, "MDIMA": 8, "NDIMB": 32, "KWI": 2, "VWM": 2, "VWN": 2, "STRM": 0, "STRN": 0, "SA": 0, "SB": 1, "KREG": 1, "PRECISION": 32, "core_freqs": [840.0, 840.0, 840.0, 840.0, 840.0, 840.0, 840.0], "core_freq": 840.0, "mem_freqs": [6501.0, 6501.0, 6501.0, 6501.0, 6501.0, 6501.0, 6501.0], "mem_freq": 6501.0, "temperatures": [58.0, 58.8068669527897, 59.0, 59.0, 59.11914893617021, 60.0, 60.0], "temperature": 59.13228798413713, "time": 23.782249142857143, "times": [23.757824, 23.79264, 23.798783999999998, 23.787488, 23.773184, 23.771136, 23.794687999999997], "compile_time": 87.31942996382713, "verification_time": 0, "benchmark_time": 169.97571289539337, "GFLOP/s": 5780.467065087872, "strategy_time": 0.013295561075210571, "framework_time": 1.193799078464508, "timestamp": "2024-07-09 09:52:28.721040+00:00"}, "total_framework_time": 225.88078118860722, "total_strategy_time": 1287.8817841410637, "total_compile_time": 31007.126811891794, "total_verification_time": 0, "total_benchmark_time": 36354.64055836201, "overhead_time": 3118.567878380418, "execution_time": 72.01016020774841}