{"device_name": "NVIDIA RTX A4000", "simulation": true, "simulated_time": 120274.72768025473, "best_config": {"nvml_gr_clock": 840, "nvml_mem_clock": 6501, "GEMMK": 0, "MWG": 64, "NWG": 128, "KWG": 32, "MDIMC": 16, "NDIMC": 8, "MDIMA": 16, "NDIMB": 16, "KWI": 2, "VWM": 4, "VWN": 2, "STRM": 1, "STRN": 1, "SA": 1, "SB": 1, "KREG": 1, "PRECISION": 32, "core_freqs": [840.0, 840.0, 840.0, 840.0, 840.0, 840.0, 840.0], "core_freq": 840.0, "mem_freqs": [6501.0, 6501.0, 6501.0, 6501.0, 6501.0, 6501.0, 6501.0], "mem_freq": 6501.0, "temperatures": [57.7112676056338, 58.273356401384085, 59.0, 59.0, 59.0, 59.13286713286713, 60.0], "temperature": 58.87392730569786, "time": 21.05517714285714, "times": [21.051392, 21.047296, 21.063616, 21.073919999999998, 21.0432, 21.050368, 21.056448], "compile_time": 477.9742539394647, "verification_time": 0, "benchmark_time": 150.76501504518092, "GFLOP/s": 6529.154657368287, "strategy_time": 0.001642853021621704, "framework_time": 0.038262223824858665, "timestamp": "2024-03-15 16:30:07.766856+00:00"}, "total_framework_time": 8.320315973833203, "total_strategy_time": 3820.8450896199793, "total_compile_time": 50080.94443613663, "total_verification_time": 0, "total_benchmark_time": 70193.7832441181, "overhead_time": 257.6827425509691, "execution_time": 4.150206089019775}