{"device_name": "NVIDIA RTX A4000", "simulation": true, "simulated_time": 122606.8154713139, "best_config": {"nvml_gr_clock": 840, "nvml_mem_clock": 6501, "GEMMK": 0, "MWG": 128, "NWG": 128, "KWG": 32, "MDIMC": 16, "NDIMC": 16, "MDIMA": 32, "NDIMB": 16, "KWI": 2, "VWM": 4, "VWN": 8, "STRM": 0, "STRN": 1, "SA": 1, "SB": 1, "KREG": 1, "PRECISION": 32, "core_freqs": [840.0, 840.0, 840.0, 840.0, 840.0, 840.0, 840.0, 840.0, 840.0, 840.0, 840.0, 840.0, 840.0, 840.0, 840.0, 840.0, 840.0, 840.0, 840.0, 840.0, 840.0, 840.0, 840.0, 840.0, 840.0, 840.0, 840.0, 840.0, 840.0, 840.0, 840.0, 840.0], "core_freq": 840.0, "mem_freqs": [6501.0, 6501.0, 6501.0, 6501.0, 6501.0, 6501.0, 6501.0, 6501.0, 6501.0, 6501.0, 6501.0, 6501.0, 6501.0, 6501.0, 6501.0, 6501.0, 6501.0, 6501.0, 6501.0, 6501.0, 6501.0, 6501.0, 6501.0, 6501.0, 6501.0, 6501.0, 6501.0, 6501.0, 6501.0, 6501.0, 6501.0, 6501.0], "mem_freq": 6501.0, "temperatures": [55.0, 55.17821782178218, 56.0, 56.0, 56.0, 56.0, 56.0, 56.0, 56.588235294117645, 57.0, 57.0, 57.0, 57.0, 57.0, 57.0, 57.0, 57.0, 57.0, 57.0, 57.0, 57.0, 57.0, 57.0, 57.0, 57.0, 57.0, 57.0, 57.0, 57.0, 57.0, 57.0, 57.0], "temperature": 56.68020165987187, "time": 22.116861, "times": [22.121472, 22.12352, 22.117376, 22.117376, 22.115327999999998, 22.112256, 22.121472, 22.109184, 22.120448, 22.117376, 22.119424, 22.118368, 22.118399999999998, 22.119424, 22.120448, 22.106112, 22.112256, 22.121472, 22.115327999999998, 22.116352, 22.117376, 22.119424, 22.116352, 22.111231999999998, 22.116352, 22.117376, 22.118399999999998, 22.11328, 22.118399999999998, 22.120383999999998, 22.112256, 22.115327999999998], "pwr_core_freqs": [840.0], "pwr_core_freq": 840.0, "pwr_mem_freqs": [6501.0], "pwr_mem_freq": 6501.0, "pwr_temperatures": [57.61731622306717], "pwr_temperature": 57.61731622306717, "nvml_energy": 2.010842885259, "compile_time": 192.08668358623981, "verification_time": 0, "benchmark_time": 2541.827332228422, "GFLOP/s": 6215.733231944623, "strategy_time": 0.001684064045548439, "framework_time": 0.042828964069485664, "timestamp": "2024-02-15 12:02:42.085756+00:00"}, "total_framework_time": 1.6135359182953835, "total_strategy_time": 7653.417356777936, "total_compile_time": 9216.859897598624, "total_verification_time": 0, "total_benchmark_time": 113389.95557371527, "overhead_time": 525.8049231488258, "execution_time": 8.781784772872925}