{"platform_name": "NVIDIA CUDA", "platform_version": "OpenCL 3.0 CUDA 12.3.68", "device_name": "NVIDIA RTX A4000", "device_version": "OpenCL 3.0 CUDA", "opencl_c_version": "OpenCL C 1.2 ", "driver_version": "545.23.06", "iterations": 7, "compiler_options": ["-I/home/fjwillem/Code/kernel_tuner_paper/kernels/gemm_cltune_opencl/"], "best_config": {"nvml_gr_clock": 840, "nvml_mem_clock": 6501, "GEMMK": 0, "MWG": 128, "NWG": 128, "KWG": 16, "MDIMC": 8, "NDIMC": 16, "MDIMA": 8, "NDIMB": 32, "KWI": 2, "VWM": 2, "VWN": 2, "STRM": 1, "STRN": 1, "SA": 1, "SB": 1, "KREG": 1, "PRECISION": 32, "core_freqs": [840.0, 840.0, 840.0, 840.0, 840.0, 840.0, 840.0], "core_freq": 840.0, "mem_freqs": [6501.0, 6501.0, 6501.0, 6501.0, 6501.0, 6501.0, 6501.0], "mem_freq": 6501.0, "temperatures": [42.0, 42.82641509433962, 43.39312977099237, 44.0, 44.0, 44.49624060150376, 45.0], "temperature": 43.67368363811939, "time": 20.51730285714286, "times": [20.511744, 20.533248, 20.570111999999998, 20.468736, 20.502527999999998, 20.503552, 20.5312], "compile_time": 530.0268679857254, "verification_time": 0, "benchmark_time": 145.87265439331532, "GFLOP/s": 6700.320644540301, "strategy_time": 0.007323920726776123, "framework_time": 0.841209664940834, "timestamp": "2024-07-09 10:26:42.021881+00:00"}, "total_framework_time": 208.0531381070614, "total_strategy_time": 858.277840539813, "total_compile_time": 29313.69123235345, "total_verification_time": 0, "total_benchmark_time": 31105.197114869952, "overhead_time": 3230.7562977075577, "execution_time": 64.730149269104}