{"platform_name": "NVIDIA CUDA", "platform_version": "OpenCL 3.0 CUDA 12.3.68", "device_name": "NVIDIA RTX A4000", "device_version": "OpenCL 3.0 CUDA", "opencl_c_version": "OpenCL C 1.2 ", "driver_version": "545.23.06", "iterations": 7, "compiler_options": ["-I/home/fjwillem/Code/kernel_tuner_paper/kernels/gemm_cltune_opencl/"], "best_config": {"nvml_gr_clock": 840, "nvml_mem_clock": 6501, "GEMMK": 0, "MWG": 64, "NWG": 128, "KWG": 16, "MDIMC": 8, "NDIMC": 16, "MDIMA": 16, "NDIMB": 32, "KWI": 2, "VWM": 4, "VWN": 4, "STRM": 1, "STRN": 1, "SA": 1, "SB": 1, "KREG": 1, "PRECISION": 32, "core_freqs": [840.0, 840.0, 840.0, 840.0, 840.0, 840.0, 840.0], "core_freq": 840.0, "mem_freqs": [6501.0, 6501.0, 6501.0, 6501.0, 6501.0, 6501.0, 6501.0], "mem_freq": 6501.0, "temperatures": [58.1871921182266, 59.0, 59.646766169154226, 60.0, 60.0, 60.0, 60.10945273631841], "temperature": 59.563344431957034, "time": 19.445321142857143, "times": [19.460096, 19.438592, 19.449856, 19.448832, 19.437568, 19.44064, 19.441664], "compile_time": 199.74560290575027, "verification_time": 0, "benchmark_time": 139.31658118963242, "GFLOP/s": 7069.695938372189, "strategy_time": 0.06893649697303772, "framework_time": 2.1874383091926575, "timestamp": "2024-07-09 10:40:58.688918+00:00"}, "total_framework_time": 210.59361845254898, "total_strategy_time": 801.0892365127802, "total_compile_time": 23697.126975283027, "total_verification_time": 0, "total_benchmark_time": 18430.371310561895, "overhead_time": 2753.470592200756, "execution_time": 45.90616202354431}