{"device_name": "NVIDIA RTX A4000", "simulation": true, "simulated_time": 58406.70741931535, "best_config": {"nvml_gr_clock": 840, "nvml_mem_clock": 6501, "GEMMK": 0, "MWG": 64, "NWG": 64, "KWG": 32, "MDIMC": 8, "NDIMC": 8, "MDIMA": 32, "NDIMB": 16, "KWI": 2, "VWM": 2, "VWN": 1, "STRM": 1, "STRN": 1, "SA": 0, "SB": 0, "KREG": 1, "PRECISION": 32, "core_freqs": [840.0, 840.0, 840.0, 840.0, 840.0, 840.0, 840.0], "core_freq": 840.0, "mem_freqs": [6501.0, 6501.0, 6501.0, 6501.0, 6501.0, 6501.0, 6501.0], "mem_freq": 6501.0, "temperatures": [60.04244031830239, 61.0, 61.0, 61.0, 61.86052631578947, 62.0, 62.0], "temperature": 61.27185237629884, "time": 27.45124571428571, "times": [27.45856, 27.45344, 27.50464, 27.456512, 27.418623999999998, 27.512832, 27.354111999999997], "compile_time": 227.81179519370198, "verification_time": 0, "benchmark_time": 197.69847998395562, "GFLOP/s": 5007.878670965335, "strategy_time": 0.01420825719833374, "framework_time": 0.10494701564311981, "timestamp": "2024-03-15 13:43:05.571848+00:00"}, "total_framework_time": 12.318499386310577, "total_strategy_time": 5098.003359511495, "total_compile_time": 23522.439336404204, "total_verification_time": 0, "total_benchmark_time": 34884.26808291115, "overhead_time": 274.897001683712, "execution_time": 5.503086090087891}