{"device_name": "NVIDIA RTX A4000", "simulation": true, "simulated_time": 120941.47203210741, "best_config": {"nvml_gr_clock": 840, "nvml_mem_clock": 6501, "GEMMK": 0, "MWG": 64, "NWG": 128, "KWG": 16, "MDIMC": 8, "NDIMC": 8, "MDIMA": 16, "NDIMB": 8, "KWI": 2, "VWM": 4, "VWN": 8, "STRM": 1, "STRN": 0, "SA": 1, "SB": 0, "KREG": 1, "PRECISION": 32, "core_freqs": [840.0, 840.0, 840.0, 840.0, 840.0, 840.0, 840.0, 840.0, 840.0, 840.0, 840.0, 840.0, 840.0, 840.0, 840.0, 840.0, 840.0, 840.0, 840.0, 840.0, 840.0, 840.0, 840.0, 840.0, 840.0, 840.0, 840.0, 840.0, 840.0, 840.0, 840.0, 840.0], "core_freq": 840.0, "mem_freqs": [6501.0, 6501.0, 6501.0, 6501.0, 6501.0, 6501.0, 6501.0, 6501.0, 6501.0, 6501.0, 6501.0, 6501.0, 6501.0, 6501.0, 6501.0, 6501.0, 6501.0, 6501.0, 6501.0, 6501.0, 6501.0, 6501.0, 6501.0, 6501.0, 6501.0, 6501.0, 6501.0, 6501.0, 6501.0, 6501.0, 6501.0, 6501.0], "mem_freq": 6501.0, "temperatures": [55.417624521072796, 56.0, 56.0, 56.75238095238095, 57.0, 57.0, 57.0, 57.0, 57.0, 57.0, 57.0, 57.0, 57.0, 57.0, 57.0, 57.009404388714735, 58.0, 57.9644128113879, 58.0, 58.0, 58.0, 58.0, 58.0, 58.0, 58.0, 58.0, 58.0, 58.0, 58.0, 58.0, 58.0, 58.0], "temperature": 57.379494458548635, "time": 23.086844, "times": [23.118848, 23.085055999999998, 23.140352, 23.121855999999998, 23.001023999999997, 23.083008, 23.073791999999997, 23.088127999999998, 22.894592, 23.148543999999998, 23.087104, 23.064576, 23.1424, 23.070719999999998, 23.392256, 23.085055999999998, 23.090176, 23.123967999999998, 23.126016, 23.052287999999997, 23.074816, 23.007232, 23.00928, 23.102463999999998, 23.156736, 23.051264, 23.061504, 23.145471999999998, 23.063551999999998, 22.988799999999998, 23.037952, 23.090176], "pwr_core_freqs": [840.0], "pwr_core_freq": 840.0, "pwr_mem_freqs": [6501.0], "pwr_mem_freq": 6501.0, "pwr_temperatures": [58.0], "pwr_temperature": 58.0, "nvml_energy": 1.933269229716, "compile_time": 325.44528041034937, "verification_time": 0, "benchmark_time": 2567.6960172131658, "GFLOP/s": 5954.582094633636, "strategy_time": 0.0016528647392988205, "framework_time": 0.05381111986935139, "timestamp": "2024-02-13 01:22:17.543516+00:00"}, "total_framework_time": 1.5481750015169382, "total_strategy_time": 9696.338548557833, "total_compile_time": 7963.298345915973, "total_verification_time": 0, "total_benchmark_time": 112978.17368619144, "overhead_time": 490.6472272705287, "execution_time": 10.747861862182617}