{"platform_name": "NVIDIA CUDA", "platform_version": "OpenCL 3.0 CUDA 12.3.68", "device_name": "NVIDIA RTX A4000", "device_version": "OpenCL 3.0 CUDA", "opencl_c_version": "OpenCL C 1.2 ", "driver_version": "545.23.06", "iterations": 7, "compiler_options": ["-I/home/fjwillem/Code/kernel_tuner_paper/kernels/gemm_cltune_opencl/"], "best_config": {"nvml_gr_clock": 840, "nvml_mem_clock": 6501, "GEMMK": 0, "MWG": 128, "NWG": 64, "KWG": 16, "MDIMC": 16, "NDIMC": 8, "MDIMA": 32, "NDIMB": 8, "KWI": 2, "VWM": 4, "VWN": 1, "STRM": 0, "STRN": 0, "SA": 1, "SB": 1, "KREG": 1, "PRECISION": 32, "core_freqs": [840.0, 840.0, 840.0, 840.0, 840.0, 840.0, 840.0], "core_freq": 840.0, "mem_freqs": [6501.0, 6501.0, 6501.0, 6501.0, 6501.0, 6501.0, 6501.0], "mem_freq": 6501.0, "temperatures": [57.36200716845878, 58.07954545454545, 59.0, 59.0, 59.0, 59.0, 59.13475177304964], "temperature": 58.653757770864836, "time": 23.677513142857144, "times": [23.689216, 23.675904, 23.676928, 23.672832, 23.678976, 23.677951999999998, 23.670783999999998], "compile_time": 284.27121229469776, "verification_time": 0, "benchmark_time": 168.3282982558012, "GFLOP/s": 5806.036599982701, "strategy_time": 0.07285736501216888, "framework_time": 1.7318688333034515, "timestamp": "2024-07-09 10:36:39.183750+00:00"}, "total_framework_time": 212.9670325666666, "total_strategy_time": 8195.095067843795, "total_compile_time": 32154.47766520083, "total_verification_time": 0, "total_benchmark_time": 27075.252912938595, "overhead_time": 2788.5180842131376, "execution_time": 70.43897986412048}