{"device_name": "NVIDIA RTX A4000", "simulation": true, "simulated_time": 120870.47232873738, "best_config": {"nvml_gr_clock": 840, "nvml_mem_clock": 6501, "GEMMK": 0, "MWG": 64, "NWG": 128, "KWG": 16, "MDIMC": 8, "NDIMC": 8, "MDIMA": 32, "NDIMB": 16, "KWI": 2, "VWM": 2, "VWN": 8, "STRM": 0, "STRN": 0, "SA": 1, "SB": 0, "KREG": 1, "PRECISION": 32, "core_freqs": [840.0, 840.0, 840.0, 840.0, 840.0, 840.0, 840.0, 840.0, 840.0, 840.0, 840.0, 840.0, 840.0, 840.0, 840.0, 840.0, 840.0, 840.0, 840.0, 840.0, 840.0, 840.0, 840.0, 840.0, 840.0, 840.0, 840.0, 840.0, 840.0, 840.0, 840.0, 840.0], "core_freq": 840.0, "mem_freqs": [6501.0, 6501.0, 6501.0, 6501.0, 6501.0, 6501.0, 6501.0, 6501.0, 6501.0, 6501.0, 6501.0, 6501.0, 6501.0, 6501.0, 6501.0, 6501.0, 6501.0, 6501.0, 6501.0, 6501.0, 6501.0, 6501.0, 6501.0, 6501.0, 6501.0, 6501.0, 6501.0, 6501.0, 6501.0, 6501.0, 6501.0, 6501.0], "mem_freq": 6501.0, "temperatures": [56.0, 56.0, 56.74763406940063, 57.0, 57.0, 57.0, 57.15890410958904, 58.0, 58.0, 57.97239263803681, 58.0, 58.0, 58.0, 58.0, 58.0, 58.0, 58.0, 58.0, 58.0, 58.0, 58.0, 58.0, 58.0, 58.0, 58.0, 58.0, 58.0, 58.0, 58.0, 58.0, 58.0, 58.0], "temperature": 57.71496658803208, "time": 26.63104, "times": [26.553344, 26.592256, 26.696704, 26.573824, 26.626047999999997, 26.642432, 26.508288, 26.651647999999998, 26.660864, 26.677248, 26.589184, 26.689536, 26.312704, 26.640383999999997, 26.582016, 26.697727999999998, 26.717184, 26.625024, 26.660864, 26.636288, 26.523647999999998, 26.519551999999997, 26.569727999999998, 26.647551999999997, 26.672127999999997, 26.776576, 26.642432, 26.694656, 26.591231999999998, 26.769408, 26.755072, 26.697727999999998], "pwr_core_freqs": [840.0], "pwr_core_freq": 840.0, "pwr_mem_freqs": [6501.0], "pwr_mem_freq": 6501.0, "pwr_temperatures": [58.0], "pwr_temperature": 58.0, "nvml_energy": 2.1421209644799997, "compile_time": 408.09834469109774, "verification_time": 0, "benchmark_time": 2650.458302348852, "GFLOP/s": 5162.115632885535, "strategy_time": 0.002764863893389702, "framework_time": 0.048732152208685875, "timestamp": "2024-02-13 01:54:05.431891+00:00"}, "total_framework_time": 1.564499456435442, "total_strategy_time": 7612.037892220542, "total_compile_time": 6938.831990584731, "total_verification_time": 0, "total_benchmark_time": 113931.64033815265, "overhead_time": 505.8579104952514, "execution_time": 8.707431077957153}