{"device_name": "NVIDIA RTX A4000", "simulation": true, "simulated_time": 51987.171441083774, "best_config": {"nvml_gr_clock": 840, "nvml_mem_clock": 6501, "GEMMK": 0, "MWG": 128, "NWG": 64, "KWG": 16, "MDIMC": 16, "NDIMC": 8, "MDIMA": 32, "NDIMB": 32, "KWI": 2, "VWM": 4, "VWN": 2, "STRM": 1, "STRN": 0, "SA": 1, "SB": 1, "KREG": 1, "PRECISION": 32, "core_freqs": [840.0, 840.0, 840.0, 840.0, 840.0, 840.0, 840.0], "core_freq": 840.0, "mem_freqs": [6501.0, 6501.0, 6501.0, 6501.0, 6501.0, 6501.0, 6501.0], "mem_freq": 6501.0, "temperatures": [59.0, 59.0, 59.710743801652896, 60.0, 60.0, 60.0, 60.15934065934066], "temperature": 59.69572635157051, "time": 19.022116571428572, "times": [19.023872, 19.024896, 19.039232, 19.01568, 19.014656, 19.01568, 19.020799999999998], "compile_time": 203.95510108210146, "verification_time": 0, "benchmark_time": 137.3362059239298, "GFLOP/s": 7226.982727594321, "strategy_time": 0.01364387571811676, "framework_time": 0.10438822209835052, "timestamp": "2024-03-15 20:57:47.192311+00:00"}, "total_framework_time": 12.836165726184845, "total_strategy_time": 5156.24207817018, "total_compile_time": 30887.436885619536, "total_verification_time": 0, "total_benchmark_time": 21099.734555464238, "overhead_time": 237.67796345055103, "execution_time": 5.477126598358154}