{"device_name": "NVIDIA RTX A4000", "simulation": true, "simulated_time": 120185.76539051719, "best_config": {"nvml_gr_clock": 840, "nvml_mem_clock": 6501, "GEMMK": 0, "MWG": 128, "NWG": 128, "KWG": 16, "MDIMC": 16, "NDIMC": 16, "MDIMA": 16, "NDIMB": 16, "KWI": 2, "VWM": 4, "VWN": 4, "STRM": 1, "STRN": 1, "SA": 1, "SB": 1, "KREG": 1, "PRECISION": 32, "core_freqs": [840.0, 840.0, 840.0, 840.0, 840.0, 840.0, 840.0], "core_freq": 840.0, "mem_freqs": [6501.0, 6501.0, 6501.0, 6501.0, 6501.0, 6501.0, 6501.0], "mem_freq": 6501.0, "temperatures": [55.24505928853755, 56.0, 56.0, 56.22727272727273, 57.0, 57.0, 57.0], "temperature": 56.35319028797289, "time": 19.096722285714286, "times": [19.098623999999997, 19.102719999999998, 19.089408, 19.095551999999998, 19.098623999999997, 19.093504, 19.098623999999997], "compile_time": 288.8935669325292, "verification_time": 0, "benchmark_time": 136.98020693846047, "GFLOP/s": 7198.748866282633, "strategy_time": 0.00169314444065094, "framework_time": 0.040304847061634064, "timestamp": "2024-03-15 23:36:47.124289+00:00"}, "total_framework_time": 8.008133620023727, "total_strategy_time": 4056.682442082092, "total_compile_time": 45210.02076053992, "total_verification_time": 0, "total_benchmark_time": 74975.74462997727, "overhead_time": 259.75027424283326, "execution_time": 4.387278318405151}