{"platform_name": "NVIDIA CUDA", "platform_version": "OpenCL 3.0 CUDA 12.3.68", "device_name": "NVIDIA RTX A4000", "device_version": "OpenCL 3.0 CUDA", "opencl_c_version": "OpenCL C 1.2 ", "driver_version": "545.23.06", "iterations": 7, "compiler_options": ["-I/home/fjwillem/Code/kernel_tuner_paper/kernels/gemm_cltune_opencl/"], "best_config": {"nvml_gr_clock": 840, "nvml_mem_clock": 6501, "GEMMK": 0, "MWG": 64, "NWG": 128, "KWG": 32, "MDIMC": 8, "NDIMC": 16, "MDIMA": 32, "NDIMB": 32, "KWI": 2, "VWM": 2, "VWN": 1, "STRM": 1, "STRN": 0, "SA": 1, "SB": 1, "KREG": 1, "PRECISION": 32, "core_freqs": [840.0, 840.0, 840.0, 840.0, 840.0, 840.0, 840.0], "core_freq": 840.0, "mem_freqs": [6501.0, 6501.0, 6501.0, 6501.0, 6501.0, 6501.0, 6501.0], "mem_freq": 6501.0, "temperatures": [47.0, 47.232394366197184, 48.0, 48.888489208633096, 49.0, 49.15384615384615, 50.0], "temperature": 48.46781853266806, "time": 21.984100571428566, "times": [21.991424, 21.979136, 21.980159999999998, 21.987327999999998, 21.979072, 21.98528, 21.986304], "compile_time": 391.86298102140427, "verification_time": 0, "benchmark_time": 156.0859177261591, "GFLOP/s": 6253.269605337635, "strategy_time": 6.935678422451019, "framework_time": 1.7393771559000015, "timestamp": "2024-07-09 10:01:47.513432+00:00"}, "total_framework_time": 200.617091730237, "total_strategy_time": 735.5035115033388, "total_compile_time": 38837.80712261796, "total_verification_time": 0, "total_benchmark_time": 32351.044138893485, "overhead_time": 3160.8001720160246, "execution_time": 75.2968180179596}