{"platform_name": "NVIDIA CUDA", "platform_version": "OpenCL 3.0 CUDA 12.3.68", "device_name": "NVIDIA RTX A4000", "device_version": "OpenCL 3.0 CUDA", "opencl_c_version": "OpenCL C 1.2 ", "driver_version": "545.23.06", "iterations": 7, "compiler_options": ["-I/home/fjwillem/Code/kernel_tuner_paper/kernels/gemm_cltune_opencl/"], "best_config": {"nvml_gr_clock": 840, "nvml_mem_clock": 6501, "GEMMK": 0, "MWG": 64, "NWG": 64, "KWG": 32, "MDIMC": 8, "NDIMC": 8, "MDIMA": 8, "NDIMB": 32, "KWI": 2, "VWM": 4, "VWN": 2, "STRM": 1, "STRN": 0, "SA": 0, "SB": 0, "KREG": 1, "PRECISION": 32, "core_freqs": [840.0, 840.0, 840.0, 840.0, 840.0, 840.0, 840.0], "core_freq": 840.0, "mem_freqs": [6501.0, 6501.0, 6501.0, 6501.0, 6501.0, 6501.0, 6501.0], "mem_freq": 6501.0, "temperatures": [62.0, 62.0, 62.0, 62.625, 63.0, 63.0, 63.0], "temperature": 62.517857142857146, "time": 22.70295771428571, "times": [23.015424, 22.521856, 22.605824, 22.791168, 22.701055999999998, 22.723584, 22.561792], "compile_time": 74.0127470344305, "verification_time": 0, "benchmark_time": 161.98335029184818, "GFLOP/s": 6055.268640944355, "strategy_time": 0.044543296098709106, "framework_time": 1.4667417854070663, "timestamp": "2024-07-11 11:57:51.535544+00:00"}, "total_framework_time": 166.0479363054037, "total_strategy_time": 687.841534614563, "total_compile_time": 8325.882827863097, "total_verification_time": 0, "total_benchmark_time": 23384.883666411042, "overhead_time": 2635.3771910071373, "execution_time": 35.21617293357849}