{"device_name": "NVIDIA RTX A4000", "simulation": true, "simulated_time": 121049.95799064636, "best_config": {"nvml_gr_clock": 840, "nvml_mem_clock": 6501, "GEMMK": 0, "MWG": 128, "NWG": 128, "KWG": 16, "MDIMC": 8, "NDIMC": 16, "MDIMA": 16, "NDIMB": 16, "KWI": 2, "VWM": 1, "VWN": 8, "STRM": 1, "STRN": 0, "SA": 1, "SB": 0, "KREG": 1, "PRECISION": 32, "core_freqs": [840.0, 840.0, 840.0, 840.0, 840.0, 840.0, 840.0, 840.0, 840.0, 840.0, 840.0, 840.0, 840.0, 840.0, 840.0, 840.0, 840.0, 840.0, 840.0, 840.0, 840.0, 840.0, 840.0, 840.0, 840.0, 840.0, 840.0, 840.0, 840.0, 840.0, 840.0, 840.0], "core_freq": 840.0, "mem_freqs": [6501.0, 6501.0, 6501.0, 6501.0, 6501.0, 6501.0, 6501.0, 6501.0, 6501.0, 6501.0, 6501.0, 6501.0, 6501.0, 6501.0, 6501.0, 6501.0, 6501.0, 6501.0, 6501.0, 6501.0, 6501.0, 6501.0, 6501.0, 6501.0, 6501.0, 6501.0, 6501.0, 6501.0, 6501.0, 6501.0, 6501.0, 6501.0], "mem_freq": 6501.0, "temperatures": [53.0, 53.76491228070176, 54.0, 54.0, 54.0, 54.58741258741259, 55.0, 55.0, 55.0, 55.0, 55.0, 55.0, 55.0, 55.170648464163826, 56.0, 55.96503496503497, 56.0, 56.0, 56.0, 56.0, 56.0, 56.0, 56.0, 56.0, 56.0, 56.0, 56.0, 56.0, 56.0, 56.0, 56.0, 56.0], "temperature": 55.35900025929104, "time": 21.011964, "times": [21.031872, 21.001216, 21.015552, 21.006335999999997, 21.004288, 21.011392, 21.014528, 21.00736, 21.020671999999998, 21.009408, 21.017599999999998, 21.004288, 21.017599999999998, 21.017599999999998, 21.00736, 21.016576, 21.018624, 21.00736, 21.011456, 21.010431999999998, 21.01248, 21.020671999999998, 21.00736, 21.013503999999998, 21.003263999999998, 21.00736, 21.003263999999998, 21.016576, 21.01248, 21.009408, 21.016576, 21.008384], "pwr_core_freqs": [840.0], "pwr_core_freq": 840.0, "pwr_mem_freqs": [6501.0], "pwr_mem_freq": 6501.0, "pwr_temperatures": [56.35227715064227], "pwr_temperature": 56.35227715064227, "nvml_energy": 2.0619040273199998, "compile_time": 1039.6312214434147, "verification_time": 0, "benchmark_time": 2477.987129241228, "GFLOP/s": 6542.5824974762, "strategy_time": 0.0018230639398097992, "framework_time": 0.044854823499917984, "timestamp": "2024-02-15 00:37:07.459233+00:00"}, "total_framework_time": 1.6876698937267065, "total_strategy_time": 7284.910871647298, "total_compile_time": 9050.250075757504, "total_verification_time": 0, "total_benchmark_time": 111999.70791488886, "overhead_time": 504.17190440930426, "execution_time": 8.38779878616333}