{"device_name": "NVIDIA RTX A4000", "simulation": true, "simulated_time": 45782.549833646044, "best_config": {"nvml_gr_clock": 840, "nvml_mem_clock": 6501, "GEMMK": 0, "MWG": 64, "NWG": 64, "KWG": 32, "MDIMC": 8, "NDIMC": 8, "MDIMA": 8, "NDIMB": 8, "KWI": 2, "VWM": 8, "VWN": 4, "STRM": 1, "STRN": 0, "SA": 0, "SB": 0, "KREG": 1, "PRECISION": 32, "core_freqs": [840.0, 840.0, 840.0, 840.0, 840.0, 840.0, 840.0], "core_freq": 840.0, "mem_freqs": [6501.0, 6501.0, 6501.0, 6501.0, 6501.0, 6501.0, 6501.0], "mem_freq": 6501.0, "temperatures": [60.0, 60.26047904191617, 61.0, 61.0, 61.0, 61.60778443113772, 62.0], "temperature": 60.98118049615055, "time": 24.02318171428571, "times": [23.998464, 24.039424, 23.916544, 24.065023999999998, 24.251392, 23.942144, 23.949279999999998], "compile_time": 169.04891096055508, "verification_time": 0, "benchmark_time": 171.86636407859623, "GFLOP/s": 5722.493778675875, "strategy_time": 0.0142659991979599, "framework_time": 0.10844506323337555, "timestamp": "2024-03-15 13:34:53.280058+00:00"}, "total_framework_time": 12.744752690196037, "total_strategy_time": 5343.741737306118, "total_compile_time": 23671.01483629085, "total_verification_time": 0, "total_benchmark_time": 22111.534997355193, "overhead_time": 326.9192539155483, "execution_time": 5.754031181335449}