{"device_name": "NVIDIA RTX A4000", "simulation": true, "simulated_time": 51753.73625289649, "best_config": {"nvml_gr_clock": 840, "nvml_mem_clock": 6501, "GEMMK": 0, "MWG": 128, "NWG": 128, "KWG": 32, "MDIMC": 32, "NDIMC": 8, "MDIMA": 8, "NDIMB": 16, "KWI": 2, "VWM": 4, "VWN": 2, "STRM": 1, "STRN": 1, "SA": 0, "SB": 1, "KREG": 1, "PRECISION": 32, "core_freqs": [840.0, 840.0, 840.0, 840.0, 840.0, 840.0, 840.0], "core_freq": 840.0, "mem_freqs": [6501.0, 6501.0, 6501.0, 6501.0, 6501.0, 6501.0, 6501.0], "mem_freq": 6501.0, "temperatures": [56.0, 56.0, 56.18279569892473, 57.0, 57.0, 57.24912280701754, 58.0], "temperature": 56.77598835799176, "time": 20.497984000000002, "times": [20.509632, 20.505599999999998, 20.497408, 20.488191999999998, 20.476927999999997, 20.506624, 20.501504], "compile_time": 460.009012138471, "verification_time": 0, "benchmark_time": 146.87030180357397, "GFLOP/s": 6706.635535670238, "strategy_time": 0.014757737517356873, "framework_time": 0.10254234075546265, "timestamp": "2024-03-16 01:17:27.154766+00:00"}, "total_framework_time": 12.654287740588188, "total_strategy_time": 5153.959318995476, "total_compile_time": 31580.417038174346, "total_verification_time": 0, "total_benchmark_time": 20173.31921472214, "overhead_time": 238.43508772552013, "execution_time": 5.472771883010864}