{"device_name": "NVIDIA RTX A4000", "simulation": true, "simulated_time": 50896.05178125203, "best_config": {"nvml_gr_clock": 840, "nvml_mem_clock": 6501, "GEMMK": 0, "MWG": 128, "NWG": 128, "KWG": 32, "MDIMC": 16, "NDIMC": 8, "MDIMA": 16, "NDIMB": 32, "KWI": 2, "VWM": 2, "VWN": 4, "STRM": 1, "STRN": 0, "SA": 1, "SB": 1, "KREG": 1, "PRECISION": 32, "core_freqs": [840.0, 840.0, 840.0, 840.0, 840.0, 840.0, 840.0], "core_freq": 840.0, "mem_freqs": [6501.0, 6501.0, 6501.0, 6501.0, 6501.0, 6501.0, 6501.0], "mem_freq": 6501.0, "temperatures": [53.104838709677416, 54.0, 54.0, 54.2593984962406, 55.0, 55.0, 55.0], "temperature": 54.337748172274004, "time": 19.26217142857143, "times": [19.267584, 19.255295999999998, 19.250176, 19.269631999999998, 19.270656, 19.24608, 19.275776], "compile_time": 409.85534712672234, "verification_time": 0, "benchmark_time": 141.94202213548124, "GFLOP/s": 7136.916438200114, "strategy_time": 0.015478581190109253, "framework_time": 0.10836496949195862, "timestamp": "2024-03-16 00:44:59.678895+00:00"}, "total_framework_time": 12.87120208144188, "total_strategy_time": 5093.305604532361, "total_compile_time": 30747.131503885612, "total_verification_time": 0, "total_benchmark_time": 20148.920277366415, "overhead_time": 244.57728676497936, "execution_time": 5.41495418548584}