{"platform_name": "NVIDIA CUDA", "platform_version": "OpenCL 3.0 CUDA 12.3.68", "device_name": "NVIDIA RTX A4000", "device_version": "OpenCL 3.0 CUDA", "opencl_c_version": "OpenCL C 1.2 ", "driver_version": "545.23.06", "iterations": 7, "compiler_options": ["-I/home/fjwillem/Code/kernel_tuner_paper/kernels/gemm_cltune_opencl/"], "best_config": {"nvml_gr_clock": 840, "nvml_mem_clock": 6501, "GEMMK": 0, "MWG": 128, "NWG": 128, "KWG": 16, "MDIMC": 32, "NDIMC": 8, "MDIMA": 32, "NDIMB": 32, "KWI": 2, "VWM": 4, "VWN": 4, "STRM": 0, "STRN": 1, "SA": 1, "SB": 1, "KREG": 1, "PRECISION": 32, "core_freqs": [840.0, 840.0, 840.0, 840.0, 840.0, 840.0, 840.0], "core_freq": 840.0, "mem_freqs": [6501.0, 6501.0, 6501.0, 6501.0, 6501.0, 6501.0, 6501.0], "mem_freq": 6501.0, "temperatures": [60.0, 60.82716049382716, 61.0, 61.0, 61.0, 61.0, 61.1900826446281], "temperature": 60.85960616263646, "time": 20.56673371428571, "times": [20.570111999999998, 20.563968, 20.557824, 20.564992, 20.554752, 20.588544, 20.566944], "compile_time": 406.86987806111574, "verification_time": 0, "benchmark_time": 148.6845789477229, "GFLOP/s": 6684.216843266231, "strategy_time": 0.00823591835796833, "framework_time": 1.5089120715856552, "timestamp": "2024-03-15 16:17:41.110014+00:00"}, "total_framework_time": 333.3794779609889, "total_strategy_time": 470.83998564630747, "total_compile_time": 40293.58150018379, "total_verification_time": 0, "total_benchmark_time": 78209.39992112108, "overhead_time": 2899.8071651440114, "execution_time": 122.22025990486145}