{"device_name": "NVIDIA RTX A4000", "simulation": true, "simulated_time": 120202.9851723928, "best_config": {"nvml_gr_clock": 840, "nvml_mem_clock": 6501, "GEMMK": 0, "MWG": 128, "NWG": 64, "KWG": 16, "MDIMC": 16, "NDIMC": 8, "MDIMA": 8, "NDIMB": 32, "KWI": 2, "VWM": 4, "VWN": 2, "STRM": 1, "STRN": 0, "SA": 0, "SB": 1, "KREG": 1, "PRECISION": 32, "core_freqs": [840.0, 840.0, 840.0, 840.0, 840.0, 840.0, 840.0], "core_freq": 840.0, "mem_freqs": [6501.0, 6501.0, 6501.0, 6501.0, 6501.0, 6501.0, 6501.0], "mem_freq": 6501.0, "temperatures": [60.291512915129154, 61.0, 61.0, 61.400763358778626, 62.0, 62.0, 62.0], "temperature": 61.384610896272534, "time": 20.21141942857143, "times": [20.240384, 20.216832, 20.215808, 20.18816, 20.20864, 20.20864, 20.201472], "compile_time": 314.76784008555114, "verification_time": 0, "benchmark_time": 147.1379161812365, "GFLOP/s": 6801.724559219478, "strategy_time": 0.0016831327229738235, "framework_time": 0.039724865928292274, "timestamp": "2024-03-15 20:49:02.793837+00:00"}, "total_framework_time": 7.907455787062645, "total_strategy_time": 3818.047270644456, "total_compile_time": 45246.79618445225, "total_verification_time": 0, "total_benchmark_time": 74956.18898794055, "overhead_time": 243.45829151570797, "execution_time": 4.132623195648193}