{"device_name": "NVIDIA RTX A4000", "simulation": true, "simulated_time": 121108.62539429218, "best_config": {"nvml_gr_clock": 840, "nvml_mem_clock": 6501, "GEMMK": 0, "MWG": 64, "NWG": 64, "KWG": 32, "MDIMC": 8, "NDIMC": 8, "MDIMA": 8, "NDIMB": 8, "KWI": 2, "VWM": 2, "VWN": 8, "STRM": 1, "STRN": 0, "SA": 0, "SB": 0, "KREG": 1, "PRECISION": 32, "core_freqs": [840.0, 840.0, 840.0, 840.0, 840.0, 840.0, 840.0, 840.0, 840.0, 840.0, 840.0, 840.0, 840.0, 840.0, 840.0, 840.0, 840.0, 840.0, 840.0, 840.0, 840.0, 840.0, 840.0, 840.0, 840.0, 840.0, 840.0, 840.0, 840.0, 840.0, 840.0, 840.0], "core_freq": 840.0, "mem_freqs": [6501.0, 6501.0, 6501.0, 6501.0, 6501.0, 6501.0, 6501.0, 6501.0, 6501.0, 6501.0, 6501.0, 6501.0, 6501.0, 6501.0, 6501.0, 6501.0, 6501.0, 6501.0, 6501.0, 6501.0, 6501.0, 6501.0, 6501.0, 6501.0, 6501.0, 6501.0, 6501.0, 6501.0, 6501.0, 6501.0, 6501.0, 6501.0], "mem_freq": 6501.0, "temperatures": [59.0, 59.76237623762376, 60.38741721854305, 61.0, 61.0, 61.0, 61.0, 61.0, 61.0, 61.0, 61.0, 61.17056856187291, 62.0, 62.0, 62.0, 62.0, 62.0, 62.0, 62.0, 62.0, 62.0, 62.0, 62.0, 62.0, 62.0, 62.0, 62.0, 62.0, 62.0, 62.0, 62.0, 62.0], "temperature": 61.51001131306374, "time": 22.130556999999996, "times": [21.987327999999998, 22.196223999999997, 22.243327999999998, 22.436864, 22.053888, 22.458368, 22.385664, 21.843936, 21.782528, 22.127616, 22.236159999999998, 21.859327999999998, 21.977088, 22.164479999999998, 22.081536, 22.306815999999998, 22.004735999999998, 22.254592, 22.511616, 21.878784, 22.36416, 22.045696, 21.988352, 22.255616, 22.204416, 21.919743999999998, 22.110208, 21.899264, 22.372352, 22.065088, 22.05696, 22.105088], "pwr_core_freqs": [840.0], "pwr_core_freq": 840.0, "pwr_mem_freqs": [6501.0], "pwr_mem_freq": 6501.0, "pwr_temperatures": [62.159332441155634], "pwr_temperature": 62.159332441155634, "nvml_energy": 2.2268651675679996, "compile_time": 278.0201695859432, "verification_time": 0, "benchmark_time": 2533.3709102123976, "GFLOP/s": 6211.886483652446, "strategy_time": 0.0016130506992340088, "framework_time": 0.043912092223763466, "timestamp": "2024-02-12 17:57:35.443046+00:00"}, "total_framework_time": 1.4455507043749094, "total_strategy_time": 7595.928096445277, "total_compile_time": 8907.391312532127, "total_verification_time": 0, "total_benchmark_time": 112201.23408176005, "overhead_time": 518.246301682666, "execution_time": 8.712589740753174}