{"platform_name": "NVIDIA CUDA", "platform_version": "OpenCL 3.0 CUDA 12.3.68", "device_name": "NVIDIA RTX A4000", "device_version": "OpenCL 3.0 CUDA", "opencl_c_version": "OpenCL C 1.2 ", "driver_version": "545.23.06", "iterations": 7, "compiler_options": ["-I/home/fjwillem/Code/kernel_tuner_paper/kernels/gemm_cltune_opencl/"], "best_config": {"nvml_gr_clock": 840, "nvml_mem_clock": 6501, "GEMMK": 0, "MWG": 128, "NWG": 128, "KWG": 16, "MDIMC": 8, "NDIMC": 16, "MDIMA": 8, "NDIMB": 32, "KWI": 2, "VWM": 2, "VWN": 2, "STRM": 1, "STRN": 1, "SA": 1, "SB": 1, "KREG": 1, "PRECISION": 32, "core_freqs": [840.0, 840.0, 840.0, 840.0, 840.0, 840.0, 840.0], "core_freq": 840.0, "mem_freqs": [6501.0, 6501.0, 6501.0, 6501.0, 6501.0, 6501.0, 6501.0], "mem_freq": 6501.0, "temperatures": [55.43153526970954, 56.0, 56.0, 56.5850622406639, 57.0, 57.0, 57.0], "temperature": 56.43094250148192, "time": 20.52227657142857, "times": [20.547584, 20.466687999999998, 20.513792, 20.553728, 20.52096, 20.51072, 20.542464], "compile_time": 407.4537195265293, "verification_time": 0, "benchmark_time": 146.04501612484455, "GFLOP/s": 6698.696775941094, "strategy_time": 0.0664442777633667, "framework_time": 1.8755998462438583, "timestamp": "2024-07-11 08:03:28.313701+00:00"}, "total_framework_time": 202.75343023240566, "total_strategy_time": 693.5458835214376, "total_compile_time": 30587.160954251885, "total_verification_time": 0, "total_benchmark_time": 21153.75622175634, "overhead_time": 2720.780611038208, "execution_time": 55.37054753303528}