{"platform_name": "NVIDIA CUDA", "platform_version": "OpenCL 3.0 CUDA 12.3.68", "device_name": "NVIDIA RTX A4000", "device_version": "OpenCL 3.0 CUDA", "opencl_c_version": "OpenCL C 1.2 ", "driver_version": "545.23.06", "iterations": 7, "compiler_options": ["-I/home/fjwillem/Code/kernel_tuner_paper/kernels/gemm_cltune_opencl/"], "best_config": {"nvml_gr_clock": 840, "nvml_mem_clock": 6501, "GEMMK": 0, "MWG": 128, "NWG": 128, "KWG": 32, "MDIMC": 8, "NDIMC": 16, "MDIMA": 16, "NDIMB": 32, "KWI": 2, "VWM": 4, "VWN": 1, "STRM": 1, "STRN": 1, "SA": 1, "SB": 1, "KREG": 1, "PRECISION": 32, "core_freqs": [840.0, 840.0, 840.0, 840.0, 840.0, 840.0, 840.0], "core_freq": 840.0, "mem_freqs": [6501.0, 6501.0, 6501.0, 6501.0, 6501.0, 6501.0, 6501.0], "mem_freq": 6501.0, "temperatures": [60.0, 60.092485549132945, 61.0, 61.0, 61.0, 61.0, 61.0], "temperature": 60.72749793559042, "time": 20.18917485714286, "times": [20.195263999999998, 20.185088, 20.186111999999998, 20.193279999999998, 20.191232, 20.185088, 20.18816], "compile_time": 141.96381717920303, "verification_time": 0, "benchmark_time": 144.55535635352135, "GFLOP/s": 6809.218746023327, "strategy_time": 0.028152018785476685, "framework_time": 0.9988155215978622, "timestamp": "2024-07-11 09:17:39.611068+00:00"}, "total_framework_time": 208.5940483957529, "total_strategy_time": 698.3137857168913, "total_compile_time": 34611.03640310466, "total_verification_time": 0, "total_benchmark_time": 27505.72575815022, "overhead_time": 2931.6491167992353, "execution_time": 65.96933221817017}