{"device_name": "NVIDIA RTX A4000", "simulation": true, "simulated_time": 122037.99558151513, "best_config": {"nvml_gr_clock": 840, "nvml_mem_clock": 6501, "GEMMK": 0, "MWG": 128, "NWG": 64, "KWG": 16, "MDIMC": 16, "NDIMC": 16, "MDIMA": 32, "NDIMB": 16, "KWI": 2, "VWM": 4, "VWN": 1, "STRM": 1, "STRN": 0, "SA": 1, "SB": 1, "KREG": 1, "PRECISION": 32, "core_freqs": [840.0, 840.0, 840.0, 840.0, 840.0, 840.0, 840.0, 840.0, 840.0, 840.0, 840.0, 840.0, 840.0, 840.0, 840.0, 840.0, 840.0, 840.0, 840.0, 840.0, 840.0, 840.0, 840.0, 840.0, 840.0, 840.0, 840.0, 840.0, 840.0, 840.0, 840.0, 840.0], "core_freq": 840.0, "mem_freqs": [6501.0, 6501.0, 6501.0, 6501.0, 6501.0, 6501.0, 6501.0, 6501.0, 6501.0, 6501.0, 6501.0, 6501.0, 6501.0, 6501.0, 6501.0, 6501.0, 6501.0, 6501.0, 6501.0, 6501.0, 6501.0, 6501.0, 6501.0, 6501.0, 6501.0, 6501.0, 6501.0, 6501.0, 6501.0, 6501.0, 6501.0, 6501.0], "mem_freq": 6501.0, "temperatures": [57.0, 57.68452380952381, 58.0, 58.23692307692308, 59.0, 59.0, 59.0, 59.0, 59.0, 59.0, 59.0, 59.0, 59.0, 59.82789317507418, 60.0, 60.0, 60.0, 60.0, 60.0, 60.0, 60.0, 60.0, 60.0, 60.0, 60.0, 60.0, 60.0, 60.0, 60.0, 60.0, 60.0, 60.0], "temperature": 59.42966687692253, "time": 24.26867, "times": [24.275968, 24.266752, 24.269824, 24.271839999999997, 24.271872, 24.266752, 24.275968, 24.263679999999997, 24.267775999999998, 24.274943999999998, 24.267775999999998, 24.260607999999998, 24.267775999999998, 24.266752, 24.266752, 24.2688, 24.266752, 24.262656, 24.261632, 24.266752, 24.272896, 24.269824, 24.262656, 24.269824, 24.276992, 24.266752, 24.272896, 24.270847999999997, 24.26672, 24.269824, 24.270847999999997, 24.265728], "pwr_core_freqs": [840.0], "pwr_core_freq": 840.0, "pwr_mem_freqs": [6501.0], "pwr_mem_freq": 6501.0, "pwr_temperatures": [60.149202276918146], "pwr_temperature": 60.149202276918146, "nvml_energy": 2.4815443135099997, "compile_time": 187.284043058753, "verification_time": 0, "benchmark_time": 2621.9626534730196, "GFLOP/s": 5664.608233743341, "strategy_time": 0.0016731210052967072, "framework_time": 0.04447298124432564, "timestamp": "2024-02-14 13:35:29.070577+00:00"}, "total_framework_time": 1.400599256157875, "total_strategy_time": 7717.2387258615345, "total_compile_time": 7234.715713188052, "total_verification_time": 0, "total_benchmark_time": 114803.27986832708, "overhead_time": 524.5150828268379, "execution_time": 8.842746257781982}