{"platform_name": "NVIDIA CUDA", "platform_version": "OpenCL 3.0 CUDA 12.3.68", "device_name": "NVIDIA RTX A4000", "device_version": "OpenCL 3.0 CUDA", "opencl_c_version": "OpenCL C 1.2 ", "driver_version": "545.23.06", "iterations": 7, "compiler_options": ["-I/home/fjwillem/Code/kernel_tuner_paper/kernels/gemm_cltune_opencl/"], "best_config": {"nvml_gr_clock": 840, "nvml_mem_clock": 6501, "GEMMK": 0, "MWG": 128, "NWG": 64, "KWG": 32, "MDIMC": 32, "NDIMC": 8, "MDIMA": 32, "NDIMB": 16, "KWI": 2, "VWM": 2, "VWN": 4, "STRM": 1, "STRN": 0, "SA": 1, "SB": 1, "KREG": 1, "PRECISION": 32, "core_freqs": [840.0, 840.0, 840.0, 840.0, 840.0, 840.0, 840.0], "core_freq": 840.0, "mem_freqs": [6501.0, 6501.0, 6501.0, 6501.0, 6501.0, 6501.0, 6501.0], "mem_freq": 6501.0, "temperatures": [60.0, 60.76288659793814, 61.0, 61.0, 61.996153846153845, 62.0, 62.0], "temperature": 61.25129149201314, "time": 21.34293942857143, "times": [21.340159999999997, 21.336064, 21.354495999999997, 21.358591999999998, 21.348352, 21.316608, 21.346304], "compile_time": 261.13934395834804, "verification_time": 0, "benchmark_time": 154.58000195212662, "GFLOP/s": 6441.123462121056, "strategy_time": 0.007053138688206673, "framework_time": 1.360895810648799, "timestamp": "2024-03-15 15:17:21.614298+00:00"}, "total_framework_time": 301.06672225520015, "total_strategy_time": 348.4069271944463, "total_compile_time": 39074.78621532209, "total_verification_time": 0, "total_benchmark_time": 78799.21920201741, "overhead_time": 3269.4542962126434, "execution_time": 121.80699110031128}