{"platform_name": "NVIDIA CUDA", "platform_version": "OpenCL 3.0 CUDA 12.3.68", "device_name": "NVIDIA RTX A4000", "device_version": "OpenCL 3.0 CUDA", "opencl_c_version": "OpenCL C 1.2 ", "driver_version": "545.23.06", "iterations": 7, "compiler_options": ["-I/home/fjwillem/Code/kernel_tuner_paper/kernels/gemm_cltune_opencl/"], "best_config": {"nvml_gr_clock": 840, "nvml_mem_clock": 6501, "GEMMK": 0, "MWG": 128, "NWG": 128, "KWG": 32, "MDIMC": 8, "NDIMC": 16, "MDIMA": 8, "NDIMB": 32, "KWI": 2, "VWM": 2, "VWN": 2, "STRM": 1, "STRN": 1, "SA": 1, "SB": 1, "KREG": 1, "PRECISION": 32, "core_freqs": [840.0, 840.0, 840.0, 840.0, 840.0, 840.0, 840.0], "core_freq": 840.0, "mem_freqs": [6501.0, 6501.0, 6501.0, 6501.0, 6501.0, 6501.0, 6501.0], "mem_freq": 6501.0, "temperatures": [61.00684931506849, 62.0, 62.0, 62.0, 62.0, 62.94117647058823, 63.0], "temperature": 62.13543225509382, "time": 21.496685714285714, "times": [21.502976, 21.507071999999997, 21.501952, 21.492736, 21.512192, 21.486591999999998, 21.47328], "compile_time": 416.61226004362106, "verification_time": 0, "benchmark_time": 153.82222086191177, "GFLOP/s": 6395.055951003742, "strategy_time": 0.007153954356908798, "framework_time": 1.372187165543437, "timestamp": "2024-03-15 15:37:27.579139+00:00"}, "total_framework_time": 321.7412778176367, "total_strategy_time": 342.108151409775, "total_compile_time": 39076.05451880954, "total_verification_time": 0, "total_benchmark_time": 79758.54081544094, "overhead_time": 2607.472490519285, "execution_time": 122.11756706237793}