{"platform_name": "NVIDIA CUDA", "platform_version": "OpenCL 3.0 CUDA 12.3.68", "device_name": "NVIDIA RTX A4000", "device_version": "OpenCL 3.0 CUDA", "opencl_c_version": "OpenCL C 1.2 ", "driver_version": "545.23.06", "iterations": 7, "compiler_options": ["-I/home/fjwillem/Code/kernel_tuner_paper/kernels/gemm_cltune_opencl/"], "best_config": {"nvml_gr_clock": 840, "nvml_mem_clock": 6501, "GEMMK": 0, "MWG": 64, "NWG": 128, "KWG": 16, "MDIMC": 8, "NDIMC": 8, "MDIMA": 8, "NDIMB": 16, "KWI": 2, "VWM": 8, "VWN": 8, "STRM": 1, "STRN": 1, "SA": 1, "SB": 1, "KREG": 1, "PRECISION": 32, "core_freqs": [840.0, 840.0, 840.0, 840.0, 840.0, 840.0, 840.0], "core_freq": 840.0, "mem_freqs": [6501.0, 6501.0, 6501.0, 6501.0, 6501.0, 6501.0, 6501.0], "mem_freq": 6501.0, "temperatures": [61.0, 61.53781512605042, 62.0, 62.0, 62.79770992366412, 63.0, 63.0], "temperature": 62.19078929281636, "time": 21.157010285714286, "times": [21.14048, 21.142528, 21.151744, 21.190656, 21.141503999999998, 21.178368, 21.153792], "compile_time": 156.2167031224817, "verification_time": 0, "benchmark_time": 152.44505601003766, "GFLOP/s": 6497.728461985231, "strategy_time": 0.007934169843792915, "framework_time": 1.6877567395567894, "timestamp": "2024-03-15 15:49:44.469195+00:00"}, "total_framework_time": 333.3248367998749, "total_strategy_time": 342.07076439633965, "total_compile_time": 40511.39900041744, "total_verification_time": 0, "total_benchmark_time": 78268.64091400057, "overhead_time": 3153.200392378494, "execution_time": 122.62028312683105}