{"platform_name": "NVIDIA CUDA", "platform_version": "OpenCL 3.0 CUDA 12.3.68", "device_name": "NVIDIA RTX A4000", "device_version": "OpenCL 3.0 CUDA", "opencl_c_version": "OpenCL C 1.2 ", "driver_version": "545.23.06", "iterations": 7, "compiler_options": ["-I/home/fjwillem/Code/kernel_tuner_paper/kernels/gemm_cltune_opencl/"], "best_config": {"nvml_gr_clock": 840, "nvml_mem_clock": 6501, "GEMMK": 0, "MWG": 128, "NWG": 128, "KWG": 32, "MDIMC": 8, "NDIMC": 16, "MDIMA": 32, "NDIMB": 32, "KWI": 2, "VWM": 4, "VWN": 1, "STRM": 1, "STRN": 1, "SA": 1, "SB": 1, "KREG": 1, "PRECISION": 32, "core_freqs": [840.0, 840.0, 840.0, 840.0, 840.0, 840.0, 840.0], "core_freq": 840.0, "mem_freqs": [6501.0, 6501.0, 6501.0, 6501.0, 6501.0, 6501.0, 6501.0], "mem_freq": 6501.0, "temperatures": [59.20100502512563, 60.0, 60.71782178217822, 61.0, 61.0, 61.0, 61.0], "temperature": 60.55983240104341, "time": 20.188013714285713, "times": [20.191232, 20.184064, 20.18816, 20.18816, 20.186111999999998, 20.192256, 20.186111999999998], "compile_time": 161.38015128672123, "verification_time": 0, "benchmark_time": 144.6871366351843, "GFLOP/s": 6809.610388104694, "strategy_time": 0.06916932761669159, "framework_time": 2.211824059486389, "timestamp": "2024-07-11 09:19:44.316042+00:00"}, "total_framework_time": 213.33868615329266, "total_strategy_time": 714.5363446325064, "total_compile_time": 26088.014513254166, "total_verification_time": 0, "total_benchmark_time": 26598.629077896476, "overhead_time": 3374.6923580765724, "execution_time": 57.00001311302185}