{"device_name": "NVIDIA RTX A4000", "simulation": true, "simulated_time": 47426.68319772929, "best_config": {"nvml_gr_clock": 840, "nvml_mem_clock": 6501, "GEMMK": 0, "MWG": 64, "NWG": 128, "KWG": 32, "MDIMC": 8, "NDIMC": 8, "MDIMA": 8, "NDIMB": 16, "KWI": 2, "VWM": 8, "VWN": 8, "STRM": 1, "STRN": 0, "SA": 1, "SB": 0, "KREG": 1, "PRECISION": 32, "core_freqs": [840.0, 840.0, 840.0, 840.0, 840.0, 840.0, 840.0], "core_freq": 840.0, "mem_freqs": [6501.0, 6501.0, 6501.0, 6501.0, 6501.0, 6501.0, 6501.0], "mem_freq": 6501.0, "temperatures": [55.0, 55.0, 55.43046357615894, 56.0, 56.0, 56.0, 56.0], "temperature": 55.63292336802271, "time": 22.081823999999994, "times": [22.151168, 21.961727999999997, 22.105088, 22.12144, 21.977088, 22.119424, 22.136832], "compile_time": 283.1279879901558, "verification_time": 0, "benchmark_time": 158.0186451319605, "GFLOP/s": 6225.595671082246, "strategy_time": 0.013966113328933716, "framework_time": 0.10763108730316162, "timestamp": "2024-03-15 15:47:03.654914+00:00"}, "total_framework_time": 12.382922694087029, "total_strategy_time": 4991.064168512821, "total_compile_time": 27755.66861522384, "total_verification_time": 0, "total_benchmark_time": 19671.01458250545, "overhead_time": 320.91969437897205, "execution_time": 5.389349937438965}