{"platform_name": "NVIDIA CUDA", "platform_version": "OpenCL 3.0 CUDA 12.3.68", "device_name": "NVIDIA RTX A4000", "device_version": "OpenCL 3.0 CUDA", "opencl_c_version": "OpenCL C 1.2 ", "driver_version": "545.23.06", "iterations": 7, "compiler_options": ["-I/home/fjwillem/Code/kernel_tuner_paper/kernels/gemm_cltune_opencl/"], "best_config": {"nvml_gr_clock": 840, "nvml_mem_clock": 6501, "GEMMK": 0, "MWG": 64, "NWG": 64, "KWG": 32, "MDIMC": 8, "NDIMC": 8, "MDIMA": 8, "NDIMB": 32, "KWI": 2, "VWM": 4, "VWN": 2, "STRM": 1, "STRN": 0, "SA": 0, "SB": 0, "KREG": 1, "PRECISION": 32, "core_freqs": [840.0, 840.0, 840.0, 840.0, 840.0, 840.0, 840.0], "core_freq": 840.0, "mem_freqs": [6501.0, 6501.0, 6501.0, 6501.0, 6501.0, 6501.0, 6501.0], "mem_freq": 6501.0, "temperatures": [60.00986842105263, 60.73856209150327, 61.0, 61.116129032258065, 62.0, 62.0, 62.0], "temperature": 61.266365649259136, "time": 22.751231999999998, "times": [22.788096, 22.769664, 22.805504, 22.718463999999997, 22.823936, 22.569983999999998, 22.782975999999998], "compile_time": 55.63705787062645, "verification_time": 0, "benchmark_time": 161.59986332058907, "GFLOP/s": 6042.4203798721755, "strategy_time": 0.012913718819618225, "framework_time": 0.5479678511619568, "timestamp": "2024-07-11 10:06:40.129817+00:00"}, "total_framework_time": 151.6513004899025, "total_strategy_time": 799.9507654458284, "total_compile_time": 7069.312911480665, "total_verification_time": 0, "total_benchmark_time": 22579.064041376114, "overhead_time": 2744.0381925553083, "execution_time": 33.35579776763916}