{"device_name": "NVIDIA RTX A4000", "simulation": true, "simulated_time": 120034.27934646606, "best_config": {"nvml_gr_clock": 840, "nvml_mem_clock": 6501, "GEMMK": 0, "MWG": 128, "NWG": 128, "KWG": 16, "MDIMC": 8, "NDIMC": 16, "MDIMA": 16, "NDIMB": 32, "KWI": 2, "VWM": 2, "VWN": 2, "STRM": 1, "STRN": 1, "SA": 1, "SB": 1, "KREG": 1, "PRECISION": 32, "core_freqs": [840.0, 840.0, 840.0, 840.0, 840.0, 840.0, 840.0, 840.0, 840.0, 840.0, 840.0, 840.0, 840.0, 840.0, 840.0, 840.0, 840.0, 840.0, 840.0, 840.0, 840.0, 840.0, 840.0, 840.0, 840.0, 840.0, 840.0, 840.0, 840.0, 840.0, 840.0, 840.0], "core_freq": 840.0, "mem_freqs": [6501.0, 6501.0, 6501.0, 6501.0, 6501.0, 6501.0, 6501.0, 6501.0, 6501.0, 6501.0, 6501.0, 6501.0, 6501.0, 6501.0, 6501.0, 6501.0, 6501.0, 6501.0, 6501.0, 6501.0, 6501.0, 6501.0, 6501.0, 6501.0, 6501.0, 6501.0, 6501.0, 6501.0, 6501.0, 6501.0, 6501.0, 6501.0], "mem_freq": 6501.0, "temperatures": [53.0, 53.0, 53.169611307420496, 54.0, 54.0, 54.0, 54.0, 54.92758620689655, 55.0, 55.0, 55.0, 55.0, 55.0, 55.0, 55.0, 55.0, 55.0, 55.0, 55.0, 55.0, 55.0, 55.0, 55.267361111111114, 56.0, 56.0, 56.0, 56.0, 56.0, 56.0, 56.0, 56.0, 56.0], "temperature": 54.98014245704463, "time": 20.67971, "times": [20.6592, 20.775935999999998, 20.717568, 20.597759999999997, 20.762624, 20.670464, 20.547584, 20.724736, 20.78208, 20.892671999999997, 20.66432, 20.756448, 20.461568, 20.673536, 20.433888, 20.758528, 20.64896, 20.737023999999998, 20.749312, 20.805632, 20.458496, 20.749312, 20.727808, 20.726784, 20.641792, 20.764671999999997, 20.594687999999998, 20.473855999999998, 20.716544, 20.777984, 20.634624, 20.66432], "pwr_core_freqs": [840.0], "pwr_core_freq": 840.0, "pwr_mem_freqs": [6501.0], "pwr_mem_freq": 6501.0, "pwr_temperatures": [56.0], "pwr_temperature": 56.0, "nvml_energy": 2.0605056246899998, "compile_time": 683.3914760500193, "verification_time": 0, "benchmark_time": 2474.54833984375, "GFLOP/s": 6647.69998728222, "strategy_time": 0.0023050233721733093, "framework_time": 0.0506439246237278, "timestamp": "2024-02-15 00:52:26.935574+00:00"}, "total_framework_time": 1.6260624397546053, "total_strategy_time": 8813.888148404658, "total_compile_time": 9567.722915671766, "total_verification_time": 0, "total_benchmark_time": 110466.5564307943, "overhead_time": 510.76254108920693, "execution_time": 9.913607120513916}