{"device_name": "NVIDIA RTX A4000", "simulation": true, "simulated_time": 49589.79544392787, "best_config": {"nvml_gr_clock": 840, "nvml_mem_clock": 6501, "GEMMK": 0, "MWG": 128, "NWG": 128, "KWG": 16, "MDIMC": 8, "NDIMC": 16, "MDIMA": 8, "NDIMB": 8, "KWI": 2, "VWM": 4, "VWN": 2, "STRM": 1, "STRN": 1, "SA": 1, "SB": 1, "KREG": 1, "PRECISION": 32, "core_freqs": [840.0, 840.0, 840.0, 840.0, 840.0, 840.0, 840.0], "core_freq": 840.0, "mem_freqs": [6501.0, 6501.0, 6501.0, 6501.0, 6501.0, 6501.0, 6501.0], "mem_freq": 6501.0, "temperatures": [54.0, 54.0, 54.74778761061947, 55.0, 55.0, 55.81782945736434, 56.0], "temperature": 54.93794529542625, "time": 20.165924571428572, "times": [20.166656, 20.151296, 20.154367999999998, 20.156416, 20.192256, 20.18304, 20.157439999999998], "compile_time": 394.37135704793036, "verification_time": 0, "benchmark_time": 145.34673490561545, "GFLOP/s": 6817.069429029473, "strategy_time": 0.00568293035030365, "framework_time": 0.1103430986404419, "timestamp": "2024-03-15 22:47:11.198840+00:00"}, "total_framework_time": 12.502234429121017, "total_strategy_time": 5064.139908179641, "total_compile_time": 29848.398549715057, "total_verification_time": 0, "total_benchmark_time": 19741.396894212812, "overhead_time": 274.13877844810486, "execution_time": 5.4162092208862305}