{"platform_name": "NVIDIA CUDA", "platform_version": "OpenCL 3.0 CUDA 12.3.68", "device_name": "NVIDIA RTX A4000", "device_version": "OpenCL 3.0 CUDA", "opencl_c_version": "OpenCL C 1.2 ", "driver_version": "545.23.06", "iterations": 7, "compiler_options": ["-I/home/fjwillem/Code/kernel_tuner_paper/kernels/gemm_cltune_opencl/"], "best_config": {"nvml_gr_clock": 840, "nvml_mem_clock": 6501, "GEMMK": 0, "MWG": 128, "NWG": 128, "KWG": 32, "MDIMC": 16, "NDIMC": 16, "MDIMA": 32, "NDIMB": 16, "KWI": 2, "VWM": 2, "VWN": 8, "STRM": 1, "STRN": 0, "SA": 1, "SB": 0, "KREG": 1, "PRECISION": 32, "core_freqs": [840.0, 840.0, 840.0, 840.0, 840.0, 840.0, 840.0], "core_freq": 840.0, "mem_freqs": [6501.0, 6501.0, 6501.0, 6501.0, 6501.0, 6501.0, 6501.0], "mem_freq": 6501.0, "temperatures": [58.0, 58.0, 58.0, 58.0, 58.924050632911396, 59.0, 59.0], "temperature": 58.41772151898734, "time": 20.882276571428573, "times": [20.86912, 20.91104, 20.803584, 20.89472, 20.899839999999998, 20.842496, 20.955136], "compile_time": 61.1083060503006, "verification_time": 0, "benchmark_time": 148.81017617881298, "GFLOP/s": 6583.214595102711, "strategy_time": 0.05061738193035126, "framework_time": 1.7981510609388351, "timestamp": "2024-07-11 08:39:08.238513+00:00"}, "total_framework_time": 199.87160712480545, "total_strategy_time": 745.0440973043442, "total_compile_time": 25568.41431558132, "total_verification_time": 0, "total_benchmark_time": 23312.297854572535, "overhead_time": 2871.407087892294, "execution_time": 52.70921730995178}