{"platform_name": "NVIDIA CUDA", "platform_version": "OpenCL 3.0 CUDA 12.3.68", "device_name": "NVIDIA RTX A4000", "device_version": "OpenCL 3.0 CUDA", "opencl_c_version": "OpenCL C 1.2 ", "driver_version": "545.23.06", "iterations": 7, "compiler_options": ["-I/home/fjwillem/Code/kernel_tuner_paper/kernels/gemm_cltune_opencl/"], "best_config": {"nvml_gr_clock": 840, "nvml_mem_clock": 6501, "GEMMK": 0, "MWG": 64, "NWG": 128, "KWG": 16, "MDIMC": 8, "NDIMC": 16, "MDIMA": 32, "NDIMB": 16, "KWI": 2, "VWM": 2, "VWN": 4, "STRM": 1, "STRN": 0, "SA": 1, "SB": 0, "KREG": 1, "PRECISION": 32, "core_freqs": [840.0, 840.0, 840.0, 840.0, 840.0, 840.0, 840.0], "core_freq": 840.0, "mem_freqs": [6501.0, 6501.0, 6501.0, 6501.0, 6501.0, 6501.0, 6501.0], "mem_freq": 6501.0, "temperatures": [41.0, 41.0, 41.54377880184332, 42.02336448598131, 43.0, 43.0, 43.0], "temperature": 42.08102046968923, "time": 20.06396342857143, "times": [20.113408, 20.081664, 19.940352, 20.004863999999998, 20.092928, 20.166656, 20.047871999999998], "compile_time": 429.6280536800623, "verification_time": 0, "benchmark_time": 143.58527213335037, "GFLOP/s": 6851.712444224095, "strategy_time": 0.08079223334789276, "framework_time": 2.0834803581237793, "timestamp": "2024-07-11 07:50:35.547521+00:00"}, "total_framework_time": 211.65063977241516, "total_strategy_time": 733.0655176192522, "total_compile_time": 22118.09685640037, "total_verification_time": 0, "total_benchmark_time": 20223.421467468143, "overhead_time": 2829.727863892913, "execution_time": 46.12968873977661}