{"device_name": "NVIDIA RTX A4000", "simulation": true, "simulated_time": 121173.39705582708, "best_config": {"nvml_gr_clock": 840, "nvml_mem_clock": 6501, "GEMMK": 0, "MWG": 128, "NWG": 128, "KWG": 32, "MDIMC": 32, "NDIMC": 8, "MDIMA": 16, "NDIMB": 16, "KWI": 2, "VWM": 2, "VWN": 8, "STRM": 1, "STRN": 1, "SA": 1, "SB": 1, "KREG": 1, "PRECISION": 32, "core_freqs": [840.0, 840.0, 840.0, 840.0, 840.0, 840.0, 840.0, 840.0, 840.0, 840.0, 840.0, 840.0, 840.0, 840.0, 840.0, 840.0, 840.0, 840.0, 840.0, 840.0, 840.0, 840.0, 840.0, 840.0, 840.0, 840.0, 840.0, 840.0, 840.0, 840.0, 840.0, 840.0], "core_freq": 840.0, "mem_freqs": [6501.0, 6501.0, 6501.0, 6501.0, 6501.0, 6501.0, 6501.0, 6501.0, 6501.0, 6501.0, 6501.0, 6501.0, 6501.0, 6501.0, 6501.0, 6501.0, 6501.0, 6501.0, 6501.0, 6501.0, 6501.0, 6501.0, 6501.0, 6501.0, 6501.0, 6501.0, 6501.0, 6501.0, 6501.0, 6501.0, 6501.0, 6501.0], "mem_freq": 6501.0, "temperatures": [55.0, 55.361022364217256, 56.0, 56.0, 56.0, 56.0, 56.30990415335463, 57.0, 57.0, 57.0, 57.0, 57.0, 57.0, 57.0, 57.0, 57.0, 57.0, 57.0, 57.0, 57.0, 57.0, 57.0, 57.0, 57.0, 57.0, 57.0, 57.0, 57.0, 57.33691756272401, 57.84394904458599, 57.0, 57.81269841269841], "temperature": 56.80201536054938, "time": 22.846939, "times": [22.852608, 22.849536, 22.84544, 22.850559999999998, 22.849536, 22.848512, 22.842368, 22.849536, 22.843391999999998, 22.846463999999997, 22.844416, 22.847488, 22.841344, 22.848512, 22.850559999999998, 22.851584, 22.842368, 22.847488, 22.850559999999998, 22.847424, 22.852608, 22.84544, 22.846463999999997, 22.843391999999998, 22.849504, 22.84032, 22.847488, 22.844352, 22.850559999999998, 22.846463999999997, 22.844416, 22.841344], "pwr_core_freqs": [840.0], "pwr_core_freq": 840.0, "pwr_mem_freqs": [6501.0], "pwr_mem_freq": 6501.0, "pwr_temperatures": [58.0], "pwr_temperature": 58.0, "nvml_energy": 2.156910970173, "compile_time": 259.0699754655361, "verification_time": 0, "benchmark_time": 2533.252573572099, "GFLOP/s": 6017.108370797506, "strategy_time": 0.0016728881746530533, "framework_time": 0.044454121962189674, "timestamp": "2024-02-15 13:35:59.110578+00:00"}, "total_framework_time": 1.6383689362555742, "total_strategy_time": 7552.225647494197, "total_compile_time": 9244.238090701401, "total_verification_time": 0, "total_benchmark_time": 111929.15896512568, "overhead_time": 509.9557435605675, "execution_time": 8.65723991394043}