{"platform_name": "NVIDIA CUDA", "platform_version": "OpenCL 3.0 CUDA 12.3.68", "device_name": "NVIDIA RTX A4000", "device_version": "OpenCL 3.0 CUDA", "opencl_c_version": "OpenCL C 1.2 ", "driver_version": "545.23.06", "iterations": 7, "compiler_options": ["-I/home/fjwillem/Code/kernel_tuner_paper/kernels/gemm_cltune_opencl/"], "best_config": {"nvml_gr_clock": 840, "nvml_mem_clock": 6501, "GEMMK": 0, "MWG": 64, "NWG": 128, "KWG": 32, "MDIMC": 8, "NDIMC": 8, "MDIMA": 8, "NDIMB": 32, "KWI": 2, "VWM": 2, "VWN": 2, "STRM": 0, "STRN": 0, "SA": 0, "SB": 0, "KREG": 1, "PRECISION": 32, "core_freqs": [840.0, 840.0, 840.0, 840.0, 840.0, 840.0, 840.0], "core_freq": 840.0, "mem_freqs": [6501.0, 6501.0, 6501.0, 6501.0, 6501.0, 6501.0, 6501.0], "mem_freq": 6501.0, "temperatures": [60.0, 60.40418118466899, 61.0, 61.0, 61.0, 61.90592334494774, 62.0], "temperature": 61.04430064708811, "time": 25.214098285714282, "times": [25.322495999999997, 25.213952, 25.159679999999998, 25.209856, 25.114624, 25.242624, 25.235456], "compile_time": 411.42566688358784, "verification_time": 0, "benchmark_time": 179.25825342535973, "GFLOP/s": 5452.207980877456, "strategy_time": 0.01975521445274353, "framework_time": 2.020120620727539, "timestamp": "2024-07-09 09:40:38.544698+00:00"}, "total_framework_time": 217.04578585922718, "total_strategy_time": 699.361989274621, "total_compile_time": 25387.891551479697, "total_verification_time": 0, "total_benchmark_time": 27514.068212360144, "overhead_time": 2818.2335570454597, "execution_time": 56.64840483665466}