{"platform_name": "NVIDIA CUDA", "platform_version": "OpenCL 3.0 CUDA 12.3.68", "device_name": "NVIDIA RTX A4000", "device_version": "OpenCL 3.0 CUDA", "opencl_c_version": "OpenCL C 1.2 ", "driver_version": "545.23.06", "iterations": 7, "compiler_options": ["-I/home/fjwillem/Code/kernel_tuner_paper/kernels/gemm_cltune_opencl/"], "best_config": {"nvml_gr_clock": 840, "nvml_mem_clock": 6501, "GEMMK": 0, "MWG": 128, "NWG": 64, "KWG": 16, "MDIMC": 16, "NDIMC": 8, "MDIMA": 32, "NDIMB": 32, "KWI": 2, "VWM": 4, "VWN": 2, "STRM": 1, "STRN": 0, "SA": 1, "SB": 1, "KREG": 1, "PRECISION": 32, "core_freqs": [840.0, 840.0, 840.0, 840.0, 840.0, 840.0, 840.0], "core_freq": 840.0, "mem_freqs": [6501.0, 6501.0, 6501.0, 6501.0, 6501.0, 6501.0, 6501.0], "mem_freq": 6501.0, "temperatures": [58.0, 58.3778801843318, 59.0, 59.0, 59.36199095022624, 60.0, 60.0], "temperature": 59.10569587636543, "time": 19.020361142857144, "times": [19.028992, 19.021824, 19.016704, 19.017727999999998, 19.028992, 19.023872, 19.004416], "compile_time": 157.9003557562828, "verification_time": 0, "benchmark_time": 137.40199990570545, "GFLOP/s": 7227.649720816476, "strategy_time": 0.07118470966815948, "framework_time": 1.9039716571569443, "timestamp": "2024-07-11 09:10:06.904350+00:00"}, "total_framework_time": 213.5523557662964, "total_strategy_time": 730.7928446680307, "total_compile_time": 29328.539472073317, "total_verification_time": 0, "total_benchmark_time": 23328.146459534764, "overhead_time": 3030.039196833968, "execution_time": 56.64140963554382}