{"device_name": "NVIDIA RTX A4000", "simulation": true, "simulated_time": 122323.2343075797, "best_config": {"nvml_gr_clock": 840, "nvml_mem_clock": 6501, "GEMMK": 0, "MWG": 64, "NWG": 128, "KWG": 16, "MDIMC": 8, "NDIMC": 16, "MDIMA": 8, "NDIMB": 16, "KWI": 2, "VWM": 4, "VWN": 2, "STRM": 1, "STRN": 1, "SA": 1, "SB": 1, "KREG": 1, "PRECISION": 32, "core_freqs": [840.0, 840.0, 840.0, 840.0, 840.0, 840.0, 840.0, 840.0, 840.0, 840.0, 840.0, 840.0, 840.0, 840.0, 840.0, 840.0, 840.0, 840.0, 840.0, 840.0, 840.0, 840.0, 840.0, 840.0, 840.0, 840.0, 840.0, 840.0, 840.0, 840.0, 840.0, 840.0], "core_freq": 840.0, "mem_freqs": [6501.0, 6501.0, 6501.0, 6501.0, 6501.0, 6501.0, 6501.0, 6501.0, 6501.0, 6501.0, 6501.0, 6501.0, 6501.0, 6501.0, 6501.0, 6501.0, 6501.0, 6501.0, 6501.0, 6501.0, 6501.0, 6501.0, 6501.0, 6501.0, 6501.0, 6501.0, 6501.0, 6501.0, 6501.0, 6501.0, 6501.0, 6501.0], "mem_freq": 6501.0, "temperatures": [60.578947368421055, 61.048507462686565, 62.0, 62.0, 62.0, 62.0, 62.0, 62.11764705882353, 63.0, 63.0, 63.0, 63.0, 63.0, 63.0, 63.0, 63.0, 63.0, 63.0, 63.0, 63.0, 63.0, 63.0, 63.0, 63.0, 63.0, 63.0, 63.0, 63.0, 63.4365671641791, 64.0, 64.0, 64.0], "temperature": 62.786927157940944, "time": 19.777918, "times": [19.801088, 19.775488, 19.774464, 19.78368, 19.784703999999998, 19.782656, 19.776512, 19.777535999999998, 19.779584, 19.781632, 19.787775999999997, 19.775456, 19.780608, 19.78368, 19.774464, 19.769344, 19.76832, 19.786752, 19.771392, 19.786752, 19.77856, 19.77344, 19.779584, 19.774464, 19.77344, 19.781632, 19.781632, 19.769344, 19.770336, 19.767295999999998, 19.77344, 19.76832], "pwr_core_freqs": [840.0], "pwr_core_freq": 840.0, "pwr_mem_freqs": [6501.0], "pwr_mem_freq": 6501.0, "pwr_temperatures": [64.0], "pwr_temperature": 64.0, "nvml_energy": 2.1751358658039996, "compile_time": 312.7744114026427, "verification_time": 0, "benchmark_time": 2402.9235588386655, "GFLOP/s": 6950.80786076674, "strategy_time": 0.0017830170691013336, "framework_time": 0.044703949242830276, "timestamp": "2024-02-13 02:21:01.237534+00:00"}, "total_framework_time": 1.5165316872298717, "total_strategy_time": 7749.326100572944, "total_compile_time": 9819.625739008188, "total_verification_time": 0, "total_benchmark_time": 112503.60856857151, "overhead_time": 530.8022028766572, "execution_time": 8.863710641860962}