{"device_name": "NVIDIA RTX A4000", "simulation": true, "simulated_time": 121494.1818350926, "best_config": {"nvml_gr_clock": 840, "nvml_mem_clock": 6501, "GEMMK": 0, "MWG": 128, "NWG": 128, "KWG": 32, "MDIMC": 16, "NDIMC": 16, "MDIMA": 32, "NDIMB": 32, "KWI": 2, "VWM": 4, "VWN": 4, "STRM": 0, "STRN": 0, "SA": 1, "SB": 1, "KREG": 1, "PRECISION": 32, "core_freqs": [840.0, 840.0, 840.0, 840.0, 840.0, 840.0, 840.0, 840.0, 840.0, 840.0, 840.0, 840.0, 840.0, 840.0, 840.0, 840.0, 840.0, 840.0, 840.0, 840.0, 840.0, 840.0, 840.0, 840.0, 840.0, 840.0, 840.0, 840.0, 840.0, 840.0, 840.0, 840.0], "core_freq": 840.0, "mem_freqs": [6501.0, 6501.0, 6501.0, 6501.0, 6501.0, 6501.0, 6501.0, 6501.0, 6501.0, 6501.0, 6501.0, 6501.0, 6501.0, 6501.0, 6501.0, 6501.0, 6501.0, 6501.0, 6501.0, 6501.0, 6501.0, 6501.0, 6501.0, 6501.0, 6501.0, 6501.0, 6501.0, 6501.0, 6501.0, 6501.0, 6501.0, 6501.0], "mem_freq": 6501.0, "temperatures": [55.0, 55.0, 55.91803278688525, 56.0, 56.0, 56.0, 56.0, 56.0, 56.0, 56.04290429042904, 57.0, 57.0, 57.0, 57.0, 57.0, 57.0, 57.0, 57.0, 57.0, 57.0, 57.0, 57.0, 57.0, 57.0, 57.0, 57.0, 57.0, 57.0, 57.0, 57.0, 57.0, 57.0], "temperature": 56.623779283666074, "time": 22.269311, "times": [22.280192, 22.278143999999998, 22.278143999999998, 22.280192, 22.265824, 22.264832, 22.262784, 22.258688, 22.264832, 22.27712, 22.279168, 22.273024, 22.264832, 22.26688, 22.263807999999997, 22.263807999999997, 22.267903999999998, 22.282239999999998, 22.275071999999998, 22.268928, 22.26176, 22.264832, 22.259712, 22.26688, 22.274048, 22.278143999999998, 22.279168, 22.267903999999998, 22.262784, 22.260735999999998, 22.263807999999997, 22.26176], "pwr_core_freqs": [840.0], "pwr_core_freq": 840.0, "pwr_mem_freqs": [6501.0], "pwr_mem_freq": 6501.0, "pwr_temperatures": [57.46554172583744], "pwr_temperature": 57.46554172583744, "nvml_energy": 2.020249624609, "compile_time": 197.03020248562098, "verification_time": 0, "benchmark_time": 2503.3098850399256, "GFLOP/s": 6173.181914069995, "strategy_time": 0.001692911610007286, "framework_time": 0.04457402974367142, "timestamp": "2024-02-15 12:09:59.119237+00:00"}, "total_framework_time": 1.431901240721345, "total_strategy_time": 7711.367325857282, "total_compile_time": 6347.110352478921, "total_verification_time": 0, "total_benchmark_time": 115147.07148261368, "overhead_time": 550.8423978462815, "execution_time": 8.851879596710205}