{"platform_name": "NVIDIA CUDA", "platform_version": "OpenCL 3.0 CUDA 12.3.68", "device_name": "NVIDIA RTX A4000", "device_version": "OpenCL 3.0 CUDA", "opencl_c_version": "OpenCL C 1.2 ", "driver_version": "545.23.06", "iterations": 7, "compiler_options": ["-I/home/fjwillem/Code/kernel_tuner_paper/kernels/gemm_cltune_opencl/"], "best_config": {"nvml_gr_clock": 840, "nvml_mem_clock": 6501, "GEMMK": 0, "MWG": 64, "NWG": 128, "KWG": 16, "MDIMC": 16, "NDIMC": 8, "MDIMA": 16, "NDIMB": 32, "KWI": 2, "VWM": 2, "VWN": 4, "STRM": 1, "STRN": 0, "SA": 1, "SB": 1, "KREG": 1, "PRECISION": 32, "core_freqs": [840.0, 840.0, 840.0, 840.0, 840.0, 840.0, 840.0], "core_freq": 840.0, "mem_freqs": [6501.0, 6501.0, 6501.0, 6501.0, 6501.0, 6501.0, 6501.0], "mem_freq": 6501.0, "temperatures": [59.0, 59.0, 59.96373056994819, 60.0, 60.0, 60.940298507462686, 61.0], "temperature": 59.98628986820155, "time": 19.160054857142857, "times": [19.175359999999998, 19.154944, 19.155967999999998, 19.166207999999997, 19.15392, 19.155967999999998, 19.158016], "compile_time": 216.69800579547882, "verification_time": 0, "benchmark_time": 137.32938468456268, "GFLOP/s": 7174.953773827549, "strategy_time": 0.07575191557407379, "framework_time": 2.1620970219373703, "timestamp": "2024-07-09 10:47:52.160543+00:00"}, "total_framework_time": 209.46724526584148, "total_strategy_time": 722.545649856329, "total_compile_time": 27838.59841711819, "total_verification_time": 0, "total_benchmark_time": 19322.597321122885, "overhead_time": 2773.2483819127083, "execution_time": 50.883867263793945}