{"platform_name": "NVIDIA CUDA", "platform_version": "OpenCL 3.0 CUDA 12.3.68", "device_name": "NVIDIA RTX A4000", "device_version": "OpenCL 3.0 CUDA", "opencl_c_version": "OpenCL C 1.2 ", "driver_version": "545.23.06", "iterations": 7, "compiler_options": ["-I/home/fjwillem/Code/kernel_tuner_paper/kernels/gemm_cltune_opencl/"], "best_config": {"nvml_gr_clock": 840, "nvml_mem_clock": 6501, "GEMMK": 0, "MWG": 64, "NWG": 128, "KWG": 16, "MDIMC": 16, "NDIMC": 8, "MDIMA": 32, "NDIMB": 32, "KWI": 2, "VWM": 2, "VWN": 4, "STRM": 1, "STRN": 0, "SA": 1, "SB": 1, "KREG": 1, "PRECISION": 32, "core_freqs": [840.0, 840.0, 840.0, 840.0, 840.0, 840.0, 840.0], "core_freq": 840.0, "mem_freqs": [6501.0, 6501.0, 6501.0, 6501.0, 6501.0, 6501.0, 6501.0], "mem_freq": 6501.0, "temperatures": [57.720588235294116, 58.143540669856456, 59.0, 59.0, 59.0, 59.0, 59.64356435643565], "temperature": 58.78681332308374, "time": 19.133147428571426, "times": [19.139584, 19.134463999999998, 19.139584, 19.124223999999998, 19.132416, 19.131391999999998, 19.130368], "compile_time": 213.92624825239182, "verification_time": 0, "benchmark_time": 138.3807398378849, "GFLOP/s": 7185.044092573761, "strategy_time": 0.0714026391506195, "framework_time": 2.1549146622419357, "timestamp": "2024-07-09 10:34:07.391099+00:00"}, "total_framework_time": 221.61943651735783, "total_strategy_time": 726.6028095036745, "total_compile_time": 25800.537057220936, "total_verification_time": 0, "total_benchmark_time": 21318.940669298172, "overhead_time": 2613.4758945554495, "execution_time": 50.69351935386658}