{"platform_name": "NVIDIA CUDA", "platform_version": "OpenCL 3.0 CUDA 12.3.68", "device_name": "NVIDIA RTX A4000", "device_version": "OpenCL 3.0 CUDA", "opencl_c_version": "OpenCL C 1.2 ", "driver_version": "545.23.06", "iterations": 7, "compiler_options": ["-I/home/fjwillem/Code/kernel_tuner_paper/kernels/gemm_cltune_opencl/"], "best_config": {"nvml_gr_clock": 840, "nvml_mem_clock": 6501, "GEMMK": 0, "MWG": 32, "NWG": 128, "KWG": 16, "MDIMC": 8, "NDIMC": 8, "MDIMA": 8, "NDIMB": 32, "KWI": 2, "VWM": 2, "VWN": 4, "STRM": 1, "STRN": 1, "SA": 1, "SB": 1, "KREG": 1, "PRECISION": 32, "core_freqs": [840.0, 840.0, 840.0, 840.0, 840.0, 840.0, 840.0], "core_freq": 840.0, "mem_freqs": [6501.0, 6501.0, 6501.0, 6501.0, 6501.0, 6501.0, 6501.0], "mem_freq": 6501.0, "temperatures": [61.0, 61.85551330798479, 62.40384615384615, 63.0, 63.0, 63.0, 63.12595419847328], "temperature": 62.48361623718632, "time": 20.578445714285717, "times": [20.5568, 20.593664, 20.579328, 20.5824, 20.554752, 20.601855999999998, 20.58032], "compile_time": 251.39033189043403, "verification_time": 0, "benchmark_time": 148.69774784892797, "GFLOP/s": 6680.4125934819995, "strategy_time": 0.009688083082437515, "framework_time": 1.6624401323497295, "timestamp": "2024-03-15 16:46:51.368349+00:00"}, "total_framework_time": 332.81186292879283, "total_strategy_time": 342.98145514912903, "total_compile_time": 42131.021465873346, "total_verification_time": 0, "total_benchmark_time": 76445.32223511487, "overhead_time": 3078.9658518042415, "execution_time": 122.34227061271667}