{"platform_name": "NVIDIA CUDA", "platform_version": "OpenCL 3.0 CUDA 12.3.68", "device_name": "NVIDIA RTX A4000", "device_version": "OpenCL 3.0 CUDA", "opencl_c_version": "OpenCL C 1.2 ", "driver_version": "545.23.06", "iterations": 7, "compiler_options": ["-I/home/fjwillem/Code/kernel_tuner_paper/kernels/gemm_cltune_opencl/"], "best_config": {"nvml_gr_clock": 840, "nvml_mem_clock": 6501, "GEMMK": 0, "MWG": 128, "NWG": 128, "KWG": 32, "MDIMC": 16, "NDIMC": 8, "MDIMA": 8, "NDIMB": 32, "KWI": 2, "VWM": 4, "VWN": 2, "STRM": 1, "STRN": 1, "SA": 1, "SB": 1, "KREG": 1, "PRECISION": 32, "core_freqs": [840.0, 840.0, 840.0, 840.0, 840.0, 840.0, 840.0], "core_freq": 840.0, "mem_freqs": [6501.0, 6501.0, 6501.0, 6501.0, 6501.0, 6501.0, 6501.0], "mem_freq": 6501.0, "temperatures": [56.0, 56.917098445595855, 57.319047619047616, 58.0, 58.0, 58.0, 58.0], "temperature": 57.462306580663345, "time": 19.25134171428571, "times": [19.25632, 19.255295999999998, 19.239936, 19.241984, 19.27984, 19.238912, 19.247104], "compile_time": 129.68669645488262, "verification_time": 0, "benchmark_time": 137.82409206032753, "GFLOP/s": 7140.931263091482, "strategy_time": 0.019436702132225037, "framework_time": 2.1439623087644577, "timestamp": "2024-07-09 10:41:55.262461+00:00"}, "total_framework_time": 210.6378860771656, "total_strategy_time": 716.4695132523775, "total_compile_time": 32973.27018715441, "total_verification_time": 0, "total_benchmark_time": 26575.82014799118, "overhead_time": 3114.704053848982, "execution_time": 63.60587024688721}