{"platform_name": "NVIDIA CUDA", "platform_version": "OpenCL 3.0 CUDA 12.3.68", "device_name": "NVIDIA RTX A4000", "device_version": "OpenCL 3.0 CUDA", "opencl_c_version": "OpenCL C 1.2 ", "driver_version": "545.23.06", "iterations": 7, "compiler_options": ["-I/home/fjwillem/Code/kernel_tuner_paper/kernels/gemm_cltune_opencl/"], "best_config": {"nvml_gr_clock": 840, "nvml_mem_clock": 6501, "GEMMK": 0, "MWG": 128, "NWG": 128, "KWG": 16, "MDIMC": 16, "NDIMC": 8, "MDIMA": 32, "NDIMB": 8, "KWI": 2, "VWM": 2, "VWN": 4, "STRM": 1, "STRN": 1, "SA": 1, "SB": 1, "KREG": 1, "PRECISION": 32, "core_freqs": [840.0, 840.0, 840.0, 840.0, 840.0, 840.0, 840.0], "core_freq": 840.0, "mem_freqs": [6501.0, 6501.0, 6501.0, 6501.0, 6501.0, 6501.0, 6501.0], "mem_freq": 6501.0, "temperatures": [60.0, 60.0, 60.0, 60.211155378486055, 61.0, 61.0, 61.0], "temperature": 60.458736482640866, "time": 19.649088, "times": [19.670976, 19.653631999999998, 19.636224, 19.64544, 19.632127999999998, 19.641344, 19.663871999999998], "compile_time": 548.3251940459013, "verification_time": 0, "benchmark_time": 141.65438688360155, "GFLOP/s": 6996.381099417948, "strategy_time": 0.009868992492556572, "framework_time": 1.6491750720888376, "timestamp": "2024-03-15 15:53:50.476746+00:00"}, "total_framework_time": 320.04212122410536, "total_strategy_time": 347.65286557376385, "total_compile_time": 42049.26895489916, "total_verification_time": 0, "total_benchmark_time": 76760.68725762889, "overhead_time": 2619.068999774754, "execution_time": 122.11187601089478}