{"device_name": "NVIDIA RTX A4000", "simulation": true, "simulated_time": 53628.75547260046, "best_config": {"nvml_gr_clock": 840, "nvml_mem_clock": 6501, "GEMMK": 0, "MWG": 32, "NWG": 128, "KWG": 32, "MDIMC": 8, "NDIMC": 16, "MDIMA": 32, "NDIMB": 8, "KWI": 2, "VWM": 1, "VWN": 4, "STRM": 1, "STRN": 1, "SA": 0, "SB": 1, "KREG": 1, "PRECISION": 32, "core_freqs": [840.0, 840.0, 840.0, 840.0, 840.0, 840.0, 840.0], "core_freq": 840.0, "mem_freqs": [6501.0, 6501.0, 6501.0, 6501.0, 6501.0, 6501.0, 6501.0], "mem_freq": 6501.0, "temperatures": [61.0, 61.75561797752809, 62.0, 62.0, 62.32389937106918, 63.0, 63.0], "temperature": 62.15421676408533, "time": 25.47565714285714, "times": [25.479167999999998, 25.480192, 25.470976, 25.474048, 25.474048, 25.47712, 25.474048], "compile_time": 305.28968502767384, "verification_time": 0, "benchmark_time": 181.75675091333687, "GFLOP/s": 5396.230100488086, "strategy_time": 0.015528872609138489, "framework_time": 0.10623782873153687, "timestamp": "2024-03-15 10:22:21.523453+00:00"}, "total_framework_time": 13.086758553981781, "total_strategy_time": 5449.263036251068, "total_compile_time": 26822.79243110679, "total_verification_time": 0, "total_benchmark_time": 26805.96304149367, "overhead_time": 305.25399558246136, "execution_time": 5.838779926300049}