{"platform_name": "NVIDIA CUDA", "platform_version": "OpenCL 3.0 CUDA 12.3.68", "device_name": "NVIDIA RTX A4000", "device_version": "OpenCL 3.0 CUDA", "opencl_c_version": "OpenCL C 1.2 ", "driver_version": "545.23.06", "iterations": 7, "compiler_options": ["-I/home/fjwillem/Code/kernel_tuner_paper/kernels/gemm_cltune_opencl/"], "best_config": {"nvml_gr_clock": 840, "nvml_mem_clock": 6501, "GEMMK": 0, "MWG": 64, "NWG": 128, "KWG": 16, "MDIMC": 8, "NDIMC": 16, "MDIMA": 16, "NDIMB": 32, "KWI": 2, "VWM": 4, "VWN": 4, "STRM": 1, "STRN": 1, "SA": 1, "SB": 1, "KREG": 1, "PRECISION": 32, "core_freqs": [840.0, 840.0, 840.0, 840.0, 840.0, 840.0, 840.0], "core_freq": 840.0, "mem_freqs": [6501.0, 6501.0, 6501.0, 6501.0, 6501.0, 6501.0, 6501.0], "mem_freq": 6501.0, "temperatures": [58.0, 58.602094240837694, 59.0, 59.0, 59.645502645502646, 60.0, 60.0], "temperature": 59.17822812662005, "time": 19.44093257142857, "times": [19.453951999999997, 19.433472, 19.442688, 19.439616, 19.438592, 19.439616, 19.438592], "compile_time": 282.5083089992404, "verification_time": 0, "benchmark_time": 141.06376189738512, "GFLOP/s": 7071.291842554761, "strategy_time": 0.011831987649202347, "framework_time": 2.0411862060427666, "timestamp": "2024-03-22 10:57:32.004758+00:00"}, "total_framework_time": 664.4889523740858, "total_strategy_time": 359.3553325626999, "total_compile_time": 36003.18965339102, "total_verification_time": 0, "total_benchmark_time": 82108.37322007865, "overhead_time": 2745.9621184971184, "execution_time": 121.89352297782898}