{"device_name": "NVIDIA RTX A4000", "simulation": true, "simulated_time": 120205.6416766718, "best_config": {"nvml_gr_clock": 840, "nvml_mem_clock": 6501, "GEMMK": 0, "MWG": 64, "NWG": 64, "KWG": 16, "MDIMC": 8, "NDIMC": 8, "MDIMA": 16, "NDIMB": 8, "KWI": 2, "VWM": 4, "VWN": 2, "STRM": 1, "STRN": 1, "SA": 1, "SB": 1, "KREG": 1, "PRECISION": 32, "core_freqs": [840.0, 840.0, 840.0, 840.0, 840.0, 840.0, 840.0], "core_freq": 840.0, "mem_freqs": [6501.0, 6501.0, 6501.0, 6501.0, 6501.0, 6501.0, 6501.0], "mem_freq": 6501.0, "temperatures": [60.0, 60.45392491467577, 61.0, 61.0, 61.0, 61.28621908127209, 62.0], "temperature": 60.96287771370684, "time": 20.923099428571426, "times": [20.92032, 20.921343999999998, 20.927488, 20.917248, 20.919296, 20.917248, 20.938751999999997], "compile_time": 316.70345505699515, "verification_time": 0, "benchmark_time": 150.50701308064163, "GFLOP/s": 6570.370148711101, "strategy_time": 0.001552049070596695, "framework_time": 0.04660896956920624, "timestamp": "2024-03-15 12:59:51.909133+00:00"}, "total_framework_time": 8.113699266687036, "total_strategy_time": 4069.449162343517, "total_compile_time": 47016.77791122347, "total_verification_time": 0, "total_benchmark_time": 73188.86376544833, "overhead_time": 261.34657743386924, "execution_time": 4.402327537536621}