{"device_name": "NVIDIA RTX A4000", "simulation": true, "simulated_time": 49217.42061851546, "best_config": {"nvml_gr_clock": 840, "nvml_mem_clock": 6501, "GEMMK": 0, "MWG": 64, "NWG": 128, "KWG": 16, "MDIMC": 8, "NDIMC": 16, "MDIMA": 32, "NDIMB": 8, "KWI": 2, "VWM": 2, "VWN": 4, "STRM": 0, "STRN": 1, "SA": 1, "SB": 0, "KREG": 1, "PRECISION": 32, "core_freqs": [840.0, 840.0, 840.0, 840.0, 840.0, 840.0, 840.0], "core_freq": 840.0, "mem_freqs": [6501.0, 6501.0, 6501.0, 6501.0, 6501.0, 6501.0, 6501.0], "mem_freq": 6501.0, "temperatures": [59.0, 59.2327868852459, 60.0, 60.0, 60.609271523178805, 61.0, 61.0], "temperature": 60.12029405834638, "time": 22.561792, "times": [22.604799999999997, 22.59968, 22.519807999999998, 22.56384, 22.529024, 22.514688, 22.600704], "compile_time": 349.532017018646, "verification_time": 0, "benchmark_time": 161.42686503008008, "GFLOP/s": 6093.155539418145, "strategy_time": 0.005291774868965149, "framework_time": 0.10518543422222137, "timestamp": "2024-03-15 15:12:22.597610+00:00"}, "total_framework_time": 12.555595487356186, "total_strategy_time": 5025.555029511452, "total_compile_time": 25764.59515467286, "total_verification_time": 0, "total_benchmark_time": 23452.8254638426, "overhead_time": 257.91265815496445, "execution_time": 5.365211009979248}