{"platform_name": "NVIDIA CUDA", "platform_version": "OpenCL 3.0 CUDA 12.3.68", "device_name": "NVIDIA RTX A4000", "device_version": "OpenCL 3.0 CUDA", "opencl_c_version": "OpenCL C 1.2 ", "driver_version": "545.23.06", "iterations": 7, "compiler_options": ["-I/home/fjwillem/Code/kernel_tuner_paper/kernels/gemm_cltune_opencl/"], "best_config": {"nvml_gr_clock": 840, "nvml_mem_clock": 6501, "GEMMK": 0, "MWG": 64, "NWG": 64, "KWG": 32, "MDIMC": 8, "NDIMC": 8, "MDIMA": 32, "NDIMB": 32, "KWI": 2, "VWM": 2, "VWN": 2, "STRM": 1, "STRN": 0, "SA": 1, "SB": 1, "KREG": 1, "PRECISION": 32, "core_freqs": [840.0, 840.0, 840.0, 840.0, 840.0, 840.0, 840.0], "core_freq": 840.0, "mem_freqs": [6501.0, 6501.0, 6501.0, 6501.0, 6501.0, 6501.0, 6501.0], "mem_freq": 6501.0, "temperatures": [57.0, 57.60888888888889, 58.200873362445414, 59.0, 59.0, 59.40758293838863, 60.0], "temperature": 58.60247788424613, "time": 20.84598857142857, "times": [20.850687999999998, 20.851712, 20.848575999999998, 20.842464, 20.844544, 20.837343999999998, 20.846591999999998], "compile_time": 358.90050046145916, "verification_time": 0, "benchmark_time": 149.059584364295, "GFLOP/s": 6594.674434985504, "strategy_time": 0.0703129917383194, "framework_time": 2.1638404577970505, "timestamp": "2024-07-09 09:52:58.069493+00:00"}, "total_framework_time": 217.24236197769642, "total_strategy_time": 700.3048174083233, "total_compile_time": 29108.69988426566, "total_verification_time": 0, "total_benchmark_time": 22098.674599081278, "overhead_time": 2724.679134786129, "execution_time": 54.86309456825256}