{"device_name": "NVIDIA RTX A4000", "simulation": true, "simulated_time": 122339.86250776798, "best_config": {"nvml_gr_clock": 840, "nvml_mem_clock": 6501, "GEMMK": 0, "MWG": 128, "NWG": 64, "KWG": 32, "MDIMC": 16, "NDIMC": 8, "MDIMA": 16, "NDIMB": 8, "KWI": 2, "VWM": 8, "VWN": 8, "STRM": 0, "STRN": 1, "SA": 1, "SB": 0, "KREG": 1, "PRECISION": 32, "core_freqs": [840.0, 840.0, 840.0, 840.0, 840.0, 840.0, 840.0, 840.0, 840.0, 840.0, 840.0, 840.0, 840.0, 840.0, 840.0, 840.0, 840.0, 840.0, 840.0, 840.0, 840.0, 840.0, 840.0, 840.0, 840.0, 840.0, 840.0, 840.0, 840.0, 840.0, 840.0, 840.0], "core_freq": 840.0, "mem_freqs": [6501.0, 6501.0, 6501.0, 6501.0, 6501.0, 6501.0, 6501.0, 6501.0, 6501.0, 6501.0, 6501.0, 6501.0, 6501.0, 6501.0, 6501.0, 6501.0, 6501.0, 6501.0, 6501.0, 6501.0, 6501.0, 6501.0, 6501.0, 6501.0, 6501.0, 6501.0, 6501.0, 6501.0, 6501.0, 6501.0, 6501.0, 6501.0], "mem_freq": 6501.0, "temperatures": [61.0, 61.0, 61.97922848664688, 62.0, 62.0, 62.448905109489054, 63.0, 63.0, 63.0, 63.0, 63.0, 63.0, 63.0, 63.0, 63.0, 63.0, 63.0, 63.0, 63.0, 63.0, 63.0, 63.0, 63.0, 63.0, 63.0, 63.0, 63.2507204610951, 64.0, 64.0, 63.09384164222874, 63.0, 63.53709198813056], "temperature": 62.8534308652372, "time": 24.896572999999997, "times": [24.914911999999998, 24.880095999999998, 24.938495999999997, 24.991744, 24.843263999999998, 24.830976, 24.869888, 24.957952, 24.875007999999998, 24.763392, 24.88832, 24.981503999999997, 24.830976, 24.911872, 24.932351999999998, 24.882175999999998, 24.909824, 24.884224, 24.906751999999997, 24.814591999999998, 24.859648, 24.969184, 24.871935999999998, 24.845312, 24.942591999999998, 24.887296, 24.92416, 24.899583999999997, 24.871935999999998, 24.986624, 24.920064, 24.903679999999998], "pwr_core_freqs": [840.0], "pwr_core_freq": 840.0, "pwr_mem_freqs": [6501.0], "pwr_mem_freq": 6501.0, "pwr_temperatures": [64.0], "pwr_temperature": 64.0, "nvml_energy": 2.6240987942, "compile_time": 231.00554756820202, "verification_time": 0, "benchmark_time": 2617.705352604389, "GFLOP/s": 5521.744213711662, "strategy_time": 0.001643085852265358, "framework_time": 0.04263990558683872, "timestamp": "2024-02-14 19:22:00.930418+00:00"}, "total_framework_time": 1.5113435219973326, "total_strategy_time": 7539.336192887276, "total_compile_time": 7513.1831131875515, "total_verification_time": 0, "total_benchmark_time": 114826.67939458042, "overhead_time": 533.2879365887493, "execution_time": 8.677588939666748}