{"device_name": "NVIDIA RTX A4000", "simulation": true, "simulated_time": 123215.40838573128, "best_config": {"nvml_gr_clock": 840, "nvml_mem_clock": 6501, "GEMMK": 0, "MWG": 64, "NWG": 128, "KWG": 16, "MDIMC": 16, "NDIMC": 8, "MDIMA": 8, "NDIMB": 16, "KWI": 2, "VWM": 4, "VWN": 2, "STRM": 0, "STRN": 1, "SA": 0, "SB": 1, "KREG": 1, "PRECISION": 32, "core_freqs": [840.0, 840.0, 840.0, 840.0, 840.0, 840.0, 840.0, 840.0, 840.0, 840.0, 840.0, 840.0, 840.0, 840.0, 840.0, 840.0, 840.0, 840.0, 840.0, 840.0, 840.0, 840.0, 840.0, 840.0, 840.0, 840.0, 840.0, 840.0, 840.0, 840.0, 840.0, 840.0], "core_freq": 840.0, "mem_freqs": [6501.0, 6501.0, 6501.0, 6501.0, 6501.0, 6501.0, 6501.0, 6501.0, 6501.0, 6501.0, 6501.0, 6501.0, 6501.0, 6501.0, 6501.0, 6501.0, 6501.0, 6501.0, 6501.0, 6501.0, 6501.0, 6501.0, 6501.0, 6501.0, 6501.0, 6501.0, 6501.0, 6501.0, 6501.0, 6501.0, 6501.0, 6501.0], "mem_freq": 6501.0, "temperatures": [59.0, 59.0, 59.278985507246375, 60.0, 60.0, 60.227450980392156, 61.0, 61.0, 61.0, 61.0, 61.0, 61.0, 61.0, 61.0, 61.0, 61.0, 61.0, 61.0, 61.0, 61.0, 61.986486486486484, 61.417582417582416, 61.06785714285714, 62.0, 62.0, 62.0, 62.0, 62.0, 62.0, 62.0, 62.0, 62.0], "temperature": 61.06182382920514, "time": 20.201145, "times": [20.21888, 20.196288, 20.194304, 20.200447999999998, 20.200384, 20.199424, 20.196351999999997, 20.206592, 20.207615999999998, 20.1984, 20.196351999999997, 20.20864, 20.202496, 20.201472, 20.204544, 20.196351999999997, 20.205568, 20.202496, 20.193279999999998, 20.202496, 20.201472, 20.205568, 20.193279999999998, 20.202496, 20.20864, 20.199392, 20.202496, 20.195328, 20.209664, 20.193279999999998, 20.196288, 20.196351999999997], "pwr_core_freqs": [840.0], "pwr_core_freq": 840.0, "pwr_mem_freqs": [6501.0], "pwr_mem_freq": 6501.0, "pwr_temperatures": [62.0], "pwr_temperature": 62.0, "nvml_energy": 2.182107481755, "compile_time": 337.41273917257786, "verification_time": 0, "benchmark_time": 2458.3696499466896, "GFLOP/s": 6805.183958830056, "strategy_time": 0.0016828998923301697, "framework_time": 0.049223192036151886, "timestamp": "2024-02-13 04:03:35.603037+00:00"}, "total_framework_time": 1.5743935946375132, "total_strategy_time": 7279.636523686349, "total_compile_time": 7944.8951771482825, "total_verification_time": 0, "total_benchmark_time": 115270.513208583, "overhead_time": 520.4015646595508, "execution_time": 8.405426502227783}