{"platform_name": "NVIDIA CUDA", "platform_version": "OpenCL 3.0 CUDA 12.3.68", "device_name": "NVIDIA RTX A4000", "device_version": "OpenCL 3.0 CUDA", "opencl_c_version": "OpenCL C 1.2 ", "driver_version": "545.23.06", "iterations": 7, "compiler_options": ["-I/home/fjwillem/Code/kernel_tuner_paper/kernels/gemm_cltune_opencl/"], "best_config": {"nvml_gr_clock": 840, "nvml_mem_clock": 6501, "GEMMK": 0, "MWG": 128, "NWG": 128, "KWG": 16, "MDIMC": 8, "NDIMC": 16, "MDIMA": 32, "NDIMB": 8, "KWI": 2, "VWM": 1, "VWN": 8, "STRM": 1, "STRN": 1, "SA": 1, "SB": 0, "KREG": 1, "PRECISION": 32, "core_freqs": [840.0, 840.0, 840.0, 840.0, 840.0, 840.0, 840.0], "core_freq": 840.0, "mem_freqs": [6501.0, 6501.0, 6501.0, 6501.0, 6501.0, 6501.0, 6501.0], "mem_freq": 6501.0, "temperatures": [57.08791208791209, 58.0, 58.0, 58.233183856502244, 59.0, 59.0, 59.0], "temperature": 58.33158513491633, "time": 20.777389714285714, "times": [20.783103999999998, 20.775904, 20.775935999999998, 20.777984, 20.777952, 20.777984, 20.772864], "compile_time": 537.3074077069759, "verification_time": 0, "benchmark_time": 148.16696755588055, "GFLOP/s": 6616.447484232311, "strategy_time": 0.07317773997783661, "framework_time": 2.0088590681552887, "timestamp": "2024-07-11 08:30:48.946873+00:00"}, "total_framework_time": 1799.5316367596388, "total_strategy_time": 709.2536613345146, "total_compile_time": 29534.273326396942, "total_verification_time": 0, "total_benchmark_time": 20684.90328080952, "overhead_time": 2524.588782340288, "execution_time": 55.26646041870117}