{"device_name": "NVIDIA RTX A4000", "simulation": true, "simulated_time": 72403.4513477236, "best_config": {"nvml_gr_clock": 840, "nvml_mem_clock": 6501, "GEMMK": 0, "MWG": 128, "NWG": 128, "KWG": 16, "MDIMC": 16, "NDIMC": 8, "MDIMA": 16, "NDIMB": 32, "KWI": 2, "VWM": 8, "VWN": 4, "STRM": 0, "STRN": 1, "SA": 0, "SB": 1, "KREG": 1, "PRECISION": 32, "core_freqs": [840.0, 840.0, 840.0, 840.0, 840.0, 840.0, 840.0], "core_freq": 840.0, "mem_freqs": [6501.0, 6501.0, 6501.0, 6501.0, 6501.0, 6501.0, 6501.0], "mem_freq": 6501.0, "temperatures": [53.21495327102804, 54.0, 54.0, 54.25448028673835, 55.0, 55.0, 55.0], "temperature": 54.352776222538054, "time": 20.103606857142857, "times": [20.23424, 20.179968, 19.927039999999998, 20.179968, 20.237312, 19.986432, 19.980287999999998], "compile_time": 288.38046407327056, "verification_time": 0, "benchmark_time": 144.07042297534645, "GFLOP/s": 6838.201168620431, "strategy_time": 0.02642720937728882, "framework_time": 0.10871700942516327, "timestamp": "2024-03-15 23:29:33.920506+00:00"}, "total_framework_time": 12.522639706730843, "total_strategy_time": 5156.62501193583, "total_compile_time": 37723.93416194245, "total_verification_time": 0, "total_benchmark_time": 34679.51718578115, "overhead_time": 266.5003854781389, "execution_time": 5.500877857208252}