{"device_name": "NVIDIA RTX A4000", "simulation": true, "simulated_time": 120018.92645237967, "best_config": {"nvml_gr_clock": 840, "nvml_mem_clock": 6501, "GEMMK": 0, "MWG": 64, "NWG": 128, "KWG": 16, "MDIMC": 16, "NDIMC": 8, "MDIMA": 32, "NDIMB": 32, "KWI": 2, "VWM": 2, "VWN": 2, "STRM": 1, "STRN": 1, "SA": 1, "SB": 1, "KREG": 1, "PRECISION": 32, "core_freqs": [840.0, 840.0, 840.0, 840.0, 840.0, 840.0, 840.0], "core_freq": 840.0, "mem_freqs": [6501.0, 6501.0, 6501.0, 6501.0, 6501.0, 6501.0, 6501.0], "mem_freq": 6501.0, "temperatures": [57.0, 58.0, 58.0, 58.0, 58.0, 58.97457627118644, 59.0], "temperature": 58.139225181598064, "time": 21.74288457142857, "times": [21.748735999999997, 21.740544, 21.740544, 21.743616, 21.742592, 21.745663999999998, 21.738495999999998], "compile_time": 405.4394909180701, "verification_time": 0, "benchmark_time": 155.7632500771433, "GFLOP/s": 6322.643504470744, "strategy_time": 0.0016230624169111252, "framework_time": 0.04188902676105499, "timestamp": "2024-03-15 15:31:31.062104+00:00"}, "total_framework_time": 7.904782658442855, "total_strategy_time": 4060.4217855725437, "total_compile_time": 44842.31508243829, "total_verification_time": 0, "total_benchmark_time": 75176.61136994138, "overhead_time": 232.46822669170797, "execution_time": 4.365217447280884}