{"platform_name": "NVIDIA CUDA", "platform_version": "OpenCL 3.0 CUDA 12.3.68", "device_name": "NVIDIA RTX A4000", "device_version": "OpenCL 3.0 CUDA", "opencl_c_version": "OpenCL C 1.2 ", "driver_version": "545.23.06", "iterations": 7, "compiler_options": ["-I/home/fjwillem/Code/kernel_tuner_paper/kernels/gemm_cltune_opencl/"], "best_config": {"nvml_gr_clock": 840, "nvml_mem_clock": 6501, "GEMMK": 0, "MWG": 32, "NWG": 128, "KWG": 16, "MDIMC": 8, "NDIMC": 8, "MDIMA": 8, "NDIMB": 32, "KWI": 2, "VWM": 4, "VWN": 4, "STRM": 0, "STRN": 1, "SA": 0, "SB": 1, "KREG": 1, "PRECISION": 32, "core_freqs": [840.0, 840.0, 840.0, 840.0, 840.0, 840.0, 840.0], "core_freq": 840.0, "mem_freqs": [6501.0, 6501.0, 6501.0, 6501.0, 6501.0, 6501.0, 6501.0], "mem_freq": 6501.0, "temperatures": [58.0, 58.93717277486911, 59.0, 59.093023255813954, 60.0, 60.0, 60.0], "temperature": 59.2900280043833, "time": 20.459510857142856, "times": [20.471808, 20.461568, 20.482048, 20.465664, 20.449279999999998, 20.447167999999998, 20.43904], "compile_time": 226.54996626079082, "verification_time": 0, "benchmark_time": 146.93002961575985, "GFLOP/s": 6719.24704671057, "strategy_time": 0.019747763872146606, "framework_time": 2.3269280791282654, "timestamp": "2024-07-11 08:57:40.419716+00:00"}, "total_framework_time": 207.9263348132372, "total_strategy_time": 743.4853278100491, "total_compile_time": 27988.147169351578, "total_verification_time": 0, "total_benchmark_time": 20940.240690484643, "overhead_time": 2615.5373007059097, "execution_time": 52.506248474121094}