{"platform_name": "NVIDIA CUDA", "platform_version": "OpenCL 3.0 CUDA 12.3.68", "device_name": "NVIDIA RTX A4000", "device_version": "OpenCL 3.0 CUDA", "opencl_c_version": "OpenCL C 1.2 ", "driver_version": "545.23.06", "iterations": 7, "compiler_options": ["-I/home/fjwillem/Code/kernel_tuner_paper/kernels/gemm_cltune_opencl/"], "best_config": {"nvml_gr_clock": 840, "nvml_mem_clock": 6501, "GEMMK": 0, "MWG": 64, "NWG": 128, "KWG": 32, "MDIMC": 16, "NDIMC": 16, "MDIMA": 8, "NDIMB": 16, "KWI": 2, "VWM": 4, "VWN": 4, "STRM": 1, "STRN": 1, "SA": 1, "SB": 1, "KREG": 1, "PRECISION": 32, "core_freqs": [840.0, 840.0, 840.0, 840.0, 840.0, 840.0, 840.0], "core_freq": 840.0, "mem_freqs": [6501.0, 6501.0, 6501.0, 6501.0, 6501.0, 6501.0, 6501.0], "mem_freq": 6501.0, "temperatures": [61.0, 61.16603773584906, 62.0, 62.0, 62.0, 62.0, 62.0], "temperature": 61.738005390835575, "time": 21.097472, "times": [21.10464, 21.105663999999997, 21.093376, 21.097472, 21.090304, 21.09952, 21.091328], "compile_time": 305.8536360040307, "verification_time": 0, "benchmark_time": 152.0036910660565, "GFLOP/s": 6516.065427364947, "strategy_time": 0.010229181498289108, "framework_time": 1.6956727486103773, "timestamp": "2024-03-15 16:35:44.446182+00:00"}, "total_framework_time": 337.3152061831206, "total_strategy_time": 348.8562887068838, "total_compile_time": 43736.37787299231, "total_verification_time": 0, "total_benchmark_time": 75949.32828657329, "overhead_time": 2494.465316645801, "execution_time": 122.87740755081177}