{"device_name": "NVIDIA RTX A4000", "simulation": true, "simulated_time": 120255.24173048325, "best_config": {"nvml_gr_clock": 840, "nvml_mem_clock": 6501, "GEMMK": 0, "MWG": 128, "NWG": 128, "KWG": 16, "MDIMC": 16, "NDIMC": 8, "MDIMA": 16, "NDIMB": 32, "KWI": 2, "VWM": 2, "VWN": 4, "STRM": 1, "STRN": 1, "SA": 1, "SB": 1, "KREG": 1, "PRECISION": 32, "core_freqs": [840.0, 840.0, 840.0, 840.0, 840.0, 840.0, 840.0], "core_freq": 840.0, "mem_freqs": [6501.0, 6501.0, 6501.0, 6501.0, 6501.0, 6501.0, 6501.0], "mem_freq": 6501.0, "temperatures": [53.0, 53.50570342205323, 54.0, 54.0, 54.475095785440615, 55.0, 55.0], "temperature": 54.14011417249912, "time": 19.423958857142853, "times": [19.429375999999998, 19.422176, 19.432448, 19.414016, 19.407871999999998, 19.431424, 19.4304], "compile_time": 421.62109911441803, "verification_time": 0, "benchmark_time": 139.25456209108233, "GFLOP/s": 7077.471122908945, "strategy_time": 0.0016530975699424744, "framework_time": 0.03948388621211052, "timestamp": "2024-03-15 23:28:47.043839+00:00"}, "total_framework_time": 8.344154804944992, "total_strategy_time": 12185.367719270289, "total_compile_time": 48839.62921006605, "total_verification_time": 0, "total_benchmark_time": 71415.6125204172, "overhead_time": 1289.7999708075076, "execution_time": 13.590023517608643}