{"platform_name": "NVIDIA CUDA", "platform_version": "OpenCL 3.0 CUDA 12.3.68", "device_name": "NVIDIA RTX A4000", "device_version": "OpenCL 3.0 CUDA", "opencl_c_version": "OpenCL C 1.2 ", "driver_version": "545.23.06", "iterations": 7, "compiler_options": ["-I/home/fjwillem/Code/kernel_tuner_paper/kernels/gemm_cltune_opencl/"], "best_config": {"nvml_gr_clock": 840, "nvml_mem_clock": 6501, "GEMMK": 0, "MWG": 128, "NWG": 128, "KWG": 32, "MDIMC": 16, "NDIMC": 8, "MDIMA": 32, "NDIMB": 32, "KWI": 2, "VWM": 4, "VWN": 2, "STRM": 1, "STRN": 0, "SA": 1, "SB": 1, "KREG": 1, "PRECISION": 32, "core_freqs": [840.0, 840.0, 840.0, 840.0, 840.0, 840.0, 840.0], "core_freq": 840.0, "mem_freqs": [6501.0, 6501.0, 6501.0, 6501.0, 6501.0, 6501.0, 6501.0], "mem_freq": 6501.0, "temperatures": [57.0, 57.02209944751381, 58.0, 58.0, 58.097297297297295, 59.0, 59.0], "temperature": 58.01705667783016, "time": 18.457161142857142, "times": [18.466815999999998, 18.461696, 18.464768, 18.440192, 18.446336, 18.458624, 18.461696], "compile_time": 157.6070748269558, "verification_time": 0, "benchmark_time": 137.18963973224163, "GFLOP/s": 7448.193513616333, "strategy_time": 0.08639134466648102, "framework_time": 2.2694673389196396, "timestamp": "2024-07-09 10:56:50.163234+00:00"}, "total_framework_time": 225.25689378380775, "total_strategy_time": 701.813792809844, "total_compile_time": 26258.12958367169, "total_verification_time": 0, "total_benchmark_time": 28450.55367052555, "overhead_time": 2745.891323313117, "execution_time": 58.397536754608154}