{"platform_name": "NVIDIA CUDA", "platform_version": "OpenCL 3.0 CUDA 12.3.68", "device_name": "NVIDIA RTX A4000", "device_version": "OpenCL 3.0 CUDA", "opencl_c_version": "OpenCL C 1.2 ", "driver_version": "545.23.06", "iterations": 7, "compiler_options": ["-I/home/fjwillem/Code/kernel_tuner_paper/kernels/gemm_cltune_opencl/"], "best_config": {"nvml_gr_clock": 840, "nvml_mem_clock": 6501, "GEMMK": 0, "MWG": 128, "NWG": 32, "KWG": 16, "MDIMC": 8, "NDIMC": 8, "MDIMA": 32, "NDIMB": 16, "KWI": 2, "VWM": 2, "VWN": 2, "STRM": 1, "STRN": 1, "SA": 1, "SB": 0, "KREG": 1, "PRECISION": 32, "core_freqs": [840.0, 840.0, 840.0, 840.0, 840.0, 840.0, 840.0], "core_freq": 840.0, "mem_freqs": [6501.0, 6501.0, 6501.0, 6501.0, 6501.0, 6501.0, 6501.0], "mem_freq": 6501.0, "temperatures": [59.0, 59.4140625, 60.0, 60.01980198019802, 61.0, 61.0, 61.0], "temperature": 60.204837782885434, "time": 24.022747428571424, "times": [24.088576, 24.055808, 23.994367999999998, 23.984128, 24.010752, 24.013824, 24.011775999999998], "compile_time": 492.01016314327717, "verification_time": 0, "benchmark_time": 172.62230603955686, "GFLOP/s": 5722.597230510663, "strategy_time": 0.008836854249238968, "framework_time": 1.7745480872690678, "timestamp": "2024-03-15 16:50:14.783002+00:00"}, "total_framework_time": 21.352703217417, "total_strategy_time": 336.34336781688035, "total_compile_time": 3868.444044375792, "total_verification_time": 0, "total_benchmark_time": 3795.2026138082147, "overhead_time": 6119189.884781837, "execution_time": 6127.223782539368}