{"platform_name": "NVIDIA CUDA", "platform_version": "OpenCL 3.0 CUDA 12.3.68", "device_name": "NVIDIA RTX A4000", "device_version": "OpenCL 3.0 CUDA", "opencl_c_version": "OpenCL C 1.2 ", "driver_version": "545.23.06", "iterations": 7, "compiler_options": ["-I/home/fjwillem/Code/kernel_tuner_paper/kernels/gemm_cltune_opencl/"], "best_config": {"nvml_gr_clock": 840, "nvml_mem_clock": 6501, "GEMMK": 0, "MWG": 64, "NWG": 128, "KWG": 16, "MDIMC": 16, "NDIMC": 8, "MDIMA": 16, "NDIMB": 32, "KWI": 2, "VWM": 2, "VWN": 4, "STRM": 1, "STRN": 0, "SA": 0, "SB": 1, "KREG": 1, "PRECISION": 32, "core_freqs": [840.0, 840.0, 840.0, 840.0, 840.0, 840.0, 840.0], "core_freq": 840.0, "mem_freqs": [6501.0, 6501.0, 6501.0, 6501.0, 6501.0, 6501.0, 6501.0], "mem_freq": 6501.0, "temperatures": [58.0, 58.56842105263158, 59.0, 59.0, 59.7029702970297, 60.0, 60.0], "temperature": 59.181627335665894, "time": 20.00339657142857, "times": [20.009984, 19.999744, 19.998687999999998, 20.018176, 19.98848, 20.009984, 19.99872], "compile_time": 231.88955895602703, "verification_time": 0, "benchmark_time": 143.54075491428375, "GFLOP/s": 6872.458255432278, "strategy_time": 0.07105618715286255, "framework_time": 2.28131003677845, "timestamp": "2024-07-11 08:17:49.339516+00:00"}, "total_framework_time": 224.17605109512806, "total_strategy_time": 687.7740267664194, "total_compile_time": 26924.553498625755, "total_verification_time": 0, "total_benchmark_time": 25109.761813655496, "overhead_time": 2981.334136798978, "execution_time": 55.94232368469238}