{"device_name": "NVIDIA RTX A4000", "simulation": true, "simulated_time": 49143.40266515501, "best_config": {"nvml_gr_clock": 840, "nvml_mem_clock": 6501, "GEMMK": 0, "MWG": 64, "NWG": 64, "KWG": 16, "MDIMC": 8, "NDIMC": 16, "MDIMA": 8, "NDIMB": 16, "KWI": 2, "VWM": 2, "VWN": 4, "STRM": 1, "STRN": 0, "SA": 0, "SB": 1, "KREG": 1, "PRECISION": 32, "core_freqs": [840.0, 840.0, 840.0, 840.0, 840.0, 840.0, 840.0], "core_freq": 840.0, "mem_freqs": [6501.0, 6501.0, 6501.0, 6501.0, 6501.0, 6501.0, 6501.0], "mem_freq": 6501.0, "temperatures": [62.14035087719298, 63.0, 63.89547038327526, 64.0, 64.0, 64.11742424242425, 65.0], "temperature": 63.736177928984645, "time": 23.386112, "times": [23.391232, 23.374848, 23.378944, 23.392256, 23.365631999999998, 23.395328, 23.404543999999998], "compile_time": 268.6490861233324, "verification_time": 0, "benchmark_time": 168.11182792298496, "GFLOP/s": 5878.382345214117, "strategy_time": 0.005539506673812866, "framework_time": 0.1050364226102829, "timestamp": "2024-03-15 13:07:13.457495+00:00"}, "total_framework_time": 13.010794296860695, "total_strategy_time": 5470.288330689073, "total_compile_time": 24936.43637513742, "total_verification_time": 0, "total_benchmark_time": 24206.96629001759, "overhead_time": 259.2210378497839, "execution_time": 5.813291311264038}