{"device_name": "NVIDIA RTX A4000", "simulation": true, "simulated_time": 61834.98496306129, "best_config": {"nvml_gr_clock": 840, "nvml_mem_clock": 6501, "GEMMK": 0, "MWG": 64, "NWG": 128, "KWG": 32, "MDIMC": 8, "NDIMC": 16, "MDIMA": 32, "NDIMB": 32, "KWI": 2, "VWM": 2, "VWN": 2, "STRM": 1, "STRN": 1, "SA": 1, "SB": 0, "KREG": 1, "PRECISION": 32, "core_freqs": [840.0, 840.0, 840.0, 840.0, 840.0, 840.0, 840.0], "core_freq": 840.0, "mem_freqs": [6501.0, 6501.0, 6501.0, 6501.0, 6501.0, 6501.0, 6501.0], "mem_freq": 6501.0, "temperatures": [59.46604938271605, 60.0, 60.0, 60.0, 60.77777777777778, 61.0, 61.0], "temperature": 60.320546737213405, "time": 23.360073142857143, "times": [23.430144, 23.389184, 23.497728, 23.252992, 23.209984, 23.452672, 23.287808], "compile_time": 238.29453787766397, "verification_time": 0, "benchmark_time": 167.01501002535224, "GFLOP/s": 5884.9348229046645, "strategy_time": 0.017059966921806335, "framework_time": 0.10481849312782288, "timestamp": "2024-03-15 16:11:16.936064+00:00"}, "total_framework_time": 11.988665908575058, "total_strategy_time": 5140.694782137871, "total_compile_time": 31187.950586434454, "total_verification_time": 0, "total_benchmark_time": 30647.034376626834, "overhead_time": 266.8232321739197, "execution_time": 5.488237619400024}