{"platform_name": "NVIDIA CUDA", "platform_version": "OpenCL 3.0 CUDA 12.3.68", "device_name": "NVIDIA RTX A4000", "device_version": "OpenCL 3.0 CUDA", "opencl_c_version": "OpenCL C 1.2 ", "driver_version": "545.23.06", "iterations": 7, "compiler_options": ["-I/home/fjwillem/Code/kernel_tuner_paper/kernels/gemm_cltune_opencl/"], "best_config": {"nvml_gr_clock": 840, "nvml_mem_clock": 6501, "GEMMK": 0, "MWG": 128, "NWG": 64, "KWG": 16, "MDIMC": 16, "NDIMC": 8, "MDIMA": 8, "NDIMB": 8, "KWI": 2, "VWM": 4, "VWN": 4, "STRM": 1, "STRN": 1, "SA": 1, "SB": 1, "KREG": 1, "PRECISION": 32, "core_freqs": [840.0, 840.0, 840.0, 840.0, 840.0, 840.0, 840.0], "core_freq": 840.0, "mem_freqs": [6501.0, 6501.0, 6501.0, 6501.0, 6501.0, 6501.0, 6501.0], "mem_freq": 6501.0, "temperatures": [58.15094339622642, 59.0, 59.48108108108108, 60.0, 60.0, 60.40845070422535, 61.0], "temperature": 59.72006788307612, "time": 18.787474285714286, "times": [18.798592, 18.803712, 18.784256, 18.784256, 18.779135999999998, 18.77504, 18.787328], "compile_time": 301.02174542844296, "verification_time": 0, "benchmark_time": 134.23852063715458, "GFLOP/s": 7317.242638012925, "strategy_time": 0.022292137145996094, "framework_time": 1.0036453604698181, "timestamp": "2024-07-11 08:20:24.774108+00:00"}, "total_framework_time": 197.51544669270515, "total_strategy_time": 718.9553808420897, "total_compile_time": 27942.02931597829, "total_verification_time": 0, "total_benchmark_time": 19058.60968492925, "overhead_time": 2734.870985150337, "execution_time": 50.66301703453064}