{"device_name": "NVIDIA RTX A4000", "simulation": true, "simulated_time": 120479.34121452272, "best_config": {"nvml_gr_clock": 840, "nvml_mem_clock": 6501, "GEMMK": 0, "MWG": 64, "NWG": 128, "KWG": 32, "MDIMC": 16, "NDIMC": 16, "MDIMA": 8, "NDIMB": 8, "KWI": 2, "VWM": 2, "VWN": 4, "STRM": 1, "STRN": 1, "SA": 1, "SB": 1, "KREG": 1, "PRECISION": 32, "core_freqs": [840.0, 840.0, 840.0, 840.0, 840.0, 840.0, 840.0, 840.0, 840.0, 840.0, 840.0, 840.0, 840.0, 840.0, 840.0, 840.0, 840.0, 840.0, 840.0, 840.0, 840.0, 840.0, 840.0, 840.0, 840.0, 840.0, 840.0, 840.0, 840.0, 840.0, 840.0, 840.0], "core_freq": 840.0, "mem_freqs": [6501.0, 6501.0, 6501.0, 6501.0, 6501.0, 6501.0, 6501.0, 6501.0, 6501.0, 6501.0, 6501.0, 6501.0, 6501.0, 6501.0, 6501.0, 6501.0, 6501.0, 6501.0, 6501.0, 6501.0, 6501.0, 6501.0, 6501.0, 6501.0, 6501.0, 6501.0, 6501.0, 6501.0, 6501.0, 6501.0, 6501.0, 6501.0], "mem_freq": 6501.0, "temperatures": [59.0, 59.87162162162162, 60.0, 60.168, 61.0, 61.0, 61.0, 61.0, 61.0, 61.0, 61.36577181208054, 62.0, 62.0, 62.0, 62.0, 62.0, 62.0, 62.0, 62.0, 62.0, 62.0, 62.0, 62.0, 62.0, 62.0, 62.0, 62.0, 62.0, 62.0, 62.0, 62.0, 62.0], "temperature": 61.51266854480319, "time": 21.688733999999997, "times": [21.669888, 21.6832, 21.697536, 21.725184, 21.656575999999998, 21.67904, 21.697536, 21.721087999999998, 21.697536, 21.65248, 21.679104, 21.690368, 21.727232, 21.688319999999997, 21.673983999999997, 21.67296, 21.707776, 21.715968, 21.682176, 21.665792, 21.668864, 21.711872, 21.69856, 21.682176, 21.664768, 21.682176, 21.727232, 21.685247999999998, 21.679104, 21.65248, 21.697536, 21.705728], "pwr_core_freqs": [840.0], "pwr_core_freq": 840.0, "pwr_mem_freqs": [6501.0], "pwr_mem_freq": 6501.0, "pwr_temperatures": [62.73720948679305], "pwr_temperature": 62.73720948679305, "nvml_energy": 2.493250105704, "compile_time": 329.0564799681306, "verification_time": 0, "benchmark_time": 2508.6025996133685, "GFLOP/s": 6338.429338660339, "strategy_time": 0.001642853021621704, "framework_time": 0.058028148487210274, "timestamp": "2024-02-13 11:20:43.365683+00:00"}, "total_framework_time": 1.4664782211184502, "total_strategy_time": 7282.4652784038335, "total_compile_time": 6504.068138077855, "total_verification_time": 0, "total_benchmark_time": 113975.27307644486, "overhead_time": 512.2979914303869, "execution_time": 8.396342277526855}