{"platform_name": "NVIDIA CUDA", "platform_version": "OpenCL 3.0 CUDA 12.3.68", "device_name": "NVIDIA RTX A4000", "device_version": "OpenCL 3.0 CUDA", "opencl_c_version": "OpenCL C 1.2 ", "driver_version": "545.23.06", "iterations": 7, "compiler_options": ["-I/home/fjwillem/Code/kernel_tuner_paper/kernels/gemm_cltune_opencl/"], "best_config": {"nvml_gr_clock": 840, "nvml_mem_clock": 6501, "GEMMK": 0, "MWG": 128, "NWG": 128, "KWG": 32, "MDIMC": 16, "NDIMC": 8, "MDIMA": 32, "NDIMB": 32, "KWI": 2, "VWM": 4, "VWN": 2, "STRM": 1, "STRN": 0, "SA": 1, "SB": 1, "KREG": 1, "PRECISION": 32, "core_freqs": [840.0, 840.0, 840.0, 840.0, 840.0, 840.0, 840.0], "core_freq": 840.0, "mem_freqs": [6501.0, 6501.0, 6501.0, 6501.0, 6501.0, 6501.0, 6501.0], "mem_freq": 6501.0, "temperatures": [57.0, 57.0, 57.50476190476191, 58.0, 58.0, 58.0, 58.0], "temperature": 57.643537414965984, "time": 18.45818514285714, "times": [18.461696, 18.47808, 18.427903999999998, 18.453504, 18.466815999999998, 18.463744, 18.455552], "compile_time": 111.83932609856129, "verification_time": 0, "benchmark_time": 131.79630413651466, "GFLOP/s": 7447.780312096308, "strategy_time": 0.06527267396450043, "framework_time": 1.897379755973816, "timestamp": "2024-07-09 10:49:39.910300+00:00"}, "total_framework_time": 205.24136535823345, "total_strategy_time": 701.0256946086884, "total_compile_time": 26819.84233483672, "total_verification_time": 0, "total_benchmark_time": 18428.988084197044, "overhead_time": 2961.769748479128, "execution_time": 49.13136696815491}