{"device_name": "NVIDIA RTX A4000", "simulation": true, "simulated_time": 57672.6143413689, "best_config": {"nvml_gr_clock": 840, "nvml_mem_clock": 6501, "GEMMK": 0, "MWG": 128, "NWG": 128, "KWG": 32, "MDIMC": 8, "NDIMC": 32, "MDIMA": 32, "NDIMB": 8, "KWI": 2, "VWM": 2, "VWN": 4, "STRM": 1, "STRN": 0, "SA": 1, "SB": 0, "KREG": 1, "PRECISION": 32, "core_freqs": [840.0, 840.0, 840.0, 840.0, 840.0, 840.0, 840.0], "core_freq": 840.0, "mem_freqs": [6501.0, 6501.0, 6501.0, 6501.0, 6501.0, 6501.0, 6501.0], "mem_freq": 6501.0, "temperatures": [53.56554307116105, 54.094545454545454, 55.0, 55.0, 55.0, 55.0, 55.0], "temperature": 54.665726932243786, "time": 21.181293714285715, "times": [21.189632, 21.1712, 21.190656, 21.178368, 21.183488, 21.179392, 21.17632], "compile_time": 605.1774849183857, "verification_time": 0, "benchmark_time": 159.41750211641192, "GFLOP/s": 6490.279099962706, "strategy_time": 0.00577978789806366, "framework_time": 0.10455586016178131, "timestamp": "2024-03-16 00:27:46.693921+00:00"}, "total_framework_time": 12.956278398633003, "total_strategy_time": 5127.847373485565, "total_compile_time": 36145.457746461034, "total_verification_time": 0, "total_benchmark_time": 21527.156594907865, "overhead_time": 329.669838771224, "execution_time": 5.537247657775879}