{"platform_name": "NVIDIA CUDA", "platform_version": "OpenCL 3.0 CUDA 12.3.68", "device_name": "NVIDIA RTX A4000", "device_version": "OpenCL 3.0 CUDA", "opencl_c_version": "OpenCL C 1.2 ", "driver_version": "545.23.06", "iterations": 7, "compiler_options": ["-I/home/fjwillem/Code/kernel_tuner_paper/kernels/gemm_cltune_opencl/"], "best_config": {"nvml_gr_clock": 840, "nvml_mem_clock": 6501, "GEMMK": 0, "MWG": 128, "NWG": 128, "KWG": 32, "MDIMC": 16, "NDIMC": 8, "MDIMA": 8, "NDIMB": 32, "KWI": 2, "VWM": 4, "VWN": 2, "STRM": 1, "STRN": 1, "SA": 1, "SB": 1, "KREG": 1, "PRECISION": 32, "core_freqs": [840.0, 840.0, 840.0, 840.0, 840.0, 840.0, 840.0], "core_freq": 840.0, "mem_freqs": [6501.0, 6501.0, 6501.0, 6501.0, 6501.0, 6501.0, 6501.0], "mem_freq": 6501.0, "temperatures": [57.0, 57.6968085106383, 58.0, 58.0, 58.0, 58.24223602484472, 59.0], "temperature": 57.99129207649758, "time": 19.244763428571428, "times": [19.269631999999998, 19.238912, 19.23584, 19.233791999999998, 19.257344, 19.223551999999998, 19.254272], "compile_time": 161.38055361807346, "verification_time": 0, "benchmark_time": 138.29015754163265, "GFLOP/s": 7143.372191310165, "strategy_time": 0.02374500036239624, "framework_time": 2.259768545627594, "timestamp": "2024-07-09 10:45:02.793467+00:00"}, "total_framework_time": 216.20281040668488, "total_strategy_time": 750.8447356522083, "total_compile_time": 29214.426025748253, "total_verification_time": 0, "total_benchmark_time": 21902.8725810349, "overhead_time": 3041.954383254051, "execution_time": 55.14013957977295}