{"device_name": "NVIDIA RTX A4000", "simulation": true, "simulated_time": 122235.47004722059, "best_config": {"nvml_gr_clock": 840, "nvml_mem_clock": 6501, "GEMMK": 0, "MWG": 128, "NWG": 128, "KWG": 32, "MDIMC": 16, "NDIMC": 8, "MDIMA": 32, "NDIMB": 8, "KWI": 2, "VWM": 4, "VWN": 8, "STRM": 1, "STRN": 0, "SA": 1, "SB": 1, "KREG": 1, "PRECISION": 32, "core_freqs": [840.0, 840.0, 840.0, 840.0, 840.0, 840.0, 840.0, 840.0, 840.0, 840.0, 840.0, 840.0, 840.0, 840.0, 840.0, 840.0, 840.0, 840.0, 840.0, 840.0, 840.0, 840.0, 840.0, 840.0, 840.0, 840.0, 840.0, 840.0, 840.0, 840.0, 840.0, 840.0], "core_freq": 840.0, "mem_freqs": [6501.0, 6501.0, 6501.0, 6501.0, 6501.0, 6501.0, 6501.0, 6501.0, 6501.0, 6501.0, 6501.0, 6501.0, 6501.0, 6501.0, 6501.0, 6501.0, 6501.0, 6501.0, 6501.0, 6501.0, 6501.0, 6501.0, 6501.0, 6501.0, 6501.0, 6501.0, 6501.0, 6501.0, 6501.0, 6501.0, 6501.0, 6501.0], "mem_freq": 6501.0, "temperatures": [51.78709677419355, 52.0, 52.0, 52.0, 52.0, 52.84615384615385, 53.0, 53.0, 53.0, 53.0, 53.0, 53.0, 53.0, 53.0, 53.0, 53.0, 53.0, 53.0, 53.0, 53.0, 53.0, 53.660493827160494, 54.0, 54.0, 54.0, 54.0, 54.0, 54.0, 54.0, 54.0, 54.0, 54.0], "temperature": 53.16542951398462, "time": 23.676668, "times": [23.706623999999998, 23.682047999999998, 23.680927999999998, 23.634943999999997, 23.682047999999998, 23.706623999999998, 23.699455999999998, 23.675904, 23.674879999999998, 23.663615999999998, 23.681023999999997, 23.648256, 23.653375999999998, 23.699455999999998, 23.707648, 23.665664, 23.688191999999997, 23.692287999999998, 23.685119999999998, 23.672832, 23.678943999999998, 23.661568, 23.660543999999998, 23.678976, 23.677951999999998, 23.69024, 23.668736, 23.647232, 23.677951999999998, 23.668736, 23.657472, 23.684096], "pwr_core_freqs": [840.0], "pwr_core_freq": 840.0, "pwr_mem_freqs": [6501.0], "pwr_mem_freq": 6501.0, "pwr_temperatures": [54.0], "pwr_temperature": 54.0, "nvml_energy": 1.8749553389199998, "compile_time": 335.87472327053547, "verification_time": 0, "benchmark_time": 2582.5225338339806, "GFLOP/s": 5806.243847487324, "strategy_time": 0.001742970198392868, "framework_time": 0.050906091928482056, "timestamp": "2024-02-15 10:12:57.094195+00:00"}, "total_framework_time": 1.619342714548111, "total_strategy_time": 7578.205122612417, "total_compile_time": 7310.766841284931, "total_verification_time": 0, "total_benchmark_time": 114924.70320593566, "overhead_time": 526.1744228191674, "execution_time": 8.708767890930176}