{"platform_name": "NVIDIA CUDA", "platform_version": "OpenCL 3.0 CUDA 12.3.68", "device_name": "NVIDIA RTX A4000", "device_version": "OpenCL 3.0 CUDA", "opencl_c_version": "OpenCL C 1.2 ", "driver_version": "545.23.06", "iterations": 7, "compiler_options": ["-I/home/fjwillem/Code/kernel_tuner_paper/kernels/gemm_cltune_opencl/"], "best_config": {"nvml_gr_clock": 840, "nvml_mem_clock": 6501, "GEMMK": 0, "MWG": 64, "NWG": 128, "KWG": 16, "MDIMC": 16, "NDIMC": 8, "MDIMA": 32, "NDIMB": 32, "KWI": 2, "VWM": 2, "VWN": 4, "STRM": 1, "STRN": 0, "SA": 1, "SB": 1, "KREG": 1, "PRECISION": 32, "core_freqs": [840.0, 840.0, 840.0, 840.0, 840.0, 840.0, 840.0], "core_freq": 840.0, "mem_freqs": [6501.0, 6501.0, 6501.0, 6501.0, 6501.0, 6501.0, 6501.0], "mem_freq": 6501.0, "temperatures": [58.0, 58.85279187817259, 59.308457711442784, 60.0, 60.0, 60.0, 60.0], "temperature": 59.451607084230766, "time": 19.134752, "times": [19.147776, 19.129312, 19.136512, 19.139584, 19.130368, 19.127295999999998, 19.132416], "compile_time": 215.76517634093761, "verification_time": 0, "benchmark_time": 141.2821114063263, "GFLOP/s": 7184.441580638203, "strategy_time": 0.0785384327173233, "framework_time": 2.126237377524376, "timestamp": "2024-07-09 09:34:14.097389+00:00"}, "total_framework_time": 215.34709073603153, "total_strategy_time": 724.8419020324945, "total_compile_time": 29902.678042650223, "total_verification_time": 0, "total_benchmark_time": 26509.47809033096, "overhead_time": 3043.6087548732758, "execution_time": 60.41055488586426}