{"platform_name": "NVIDIA CUDA", "platform_version": "OpenCL 3.0 CUDA 12.3.68", "device_name": "NVIDIA RTX A4000", "device_version": "OpenCL 3.0 CUDA", "opencl_c_version": "OpenCL C 1.2 ", "driver_version": "545.23.06", "iterations": 7, "compiler_options": ["-I/home/fjwillem/Code/kernel_tuner_paper/kernels/gemm_cltune_opencl/"], "best_config": {"nvml_gr_clock": 840, "nvml_mem_clock": 6501, "GEMMK": 0, "MWG": 128, "NWG": 128, "KWG": 16, "MDIMC": 8, "NDIMC": 16, "MDIMA": 32, "NDIMB": 32, "KWI": 2, "VWM": 2, "VWN": 2, "STRM": 1, "STRN": 1, "SA": 1, "SB": 1, "KREG": 1, "PRECISION": 32, "core_freqs": [840.0, 840.0, 840.0, 840.0, 840.0, 840.0, 840.0], "core_freq": 840.0, "mem_freqs": [6501.0, 6501.0, 6501.0, 6501.0, 6501.0, 6501.0, 6501.0], "mem_freq": 6501.0, "temperatures": [59.608695652173914, 60.15350877192982, 61.0, 61.0, 61.0, 61.0, 61.0], "temperature": 60.680314917729106, "time": 20.768182857142854, "times": [20.708351999999998, 20.800511999999998, 20.763648, 20.729855999999998, 20.774912, 20.885503999999997, 20.714496], "compile_time": 451.59090124070644, "verification_time": 0, "benchmark_time": 148.2529751956463, "GFLOP/s": 6619.38065788547, "strategy_time": 8.833039551973343, "framework_time": 1.9134283065795898, "timestamp": "2024-07-09 11:19:14.105226+00:00"}, "total_framework_time": 209.97521467506886, "total_strategy_time": 721.6627094894648, "total_compile_time": 22053.258126601577, "total_verification_time": 0, "total_benchmark_time": 19797.945434227586, "overhead_time": 2619.4006111472845, "execution_time": 45.41441011428833}