{"device_name": "NVIDIA RTX A4000", "simulation": true, "simulated_time": 63977.56203496829, "best_config": {"nvml_gr_clock": 840, "nvml_mem_clock": 6501, "GEMMK": 0, "MWG": 64, "NWG": 128, "KWG": 16, "MDIMC": 16, "NDIMC": 8, "MDIMA": 16, "NDIMB": 32, "KWI": 2, "VWM": 4, "VWN": 2, "STRM": 0, "STRN": 0, "SA": 0, "SB": 1, "KREG": 1, "PRECISION": 32, "core_freqs": [840.0, 840.0, 840.0, 840.0, 840.0, 840.0, 840.0], "core_freq": 840.0, "mem_freqs": [6501.0, 6501.0, 6501.0, 6501.0, 6501.0, 6501.0, 6501.0], "mem_freq": 6501.0, "temperatures": [58.0, 58.0, 58.96750902527076, 59.0, 59.10162601626016, 60.0, 60.0], "temperature": 59.00987643450442, "time": 21.41066514285714, "times": [21.423104, 21.400575999999997, 21.400575999999997, 21.421056, 21.407712, 21.415936, 21.405696], "compile_time": 426.3119699899107, "verification_time": 0, "benchmark_time": 155.38734500296414, "GFLOP/s": 6420.749051313919, "strategy_time": 0.019777566194534302, "framework_time": 0.10817311704158783, "timestamp": "2024-03-15 15:27:56.024708+00:00"}, "total_framework_time": 12.557707726955414, "total_strategy_time": 4994.499014690518, "total_compile_time": 33266.0753687378, "total_verification_time": 0, "total_benchmark_time": 30711.486666230485, "overhead_time": 267.5190754234791, "execution_time": 5.346376657485962}