{"platform_name": "NVIDIA CUDA", "platform_version": "OpenCL 3.0 CUDA 12.3.68", "device_name": "NVIDIA RTX A4000", "device_version": "OpenCL 3.0 CUDA", "opencl_c_version": "OpenCL C 1.2 ", "driver_version": "545.23.06", "iterations": 7, "compiler_options": ["-I/home/fjwillem/Code/kernel_tuner_paper/kernels/gemm_cltune_opencl/"], "best_config": {"nvml_gr_clock": 840, "nvml_mem_clock": 6501, "GEMMK": 0, "MWG": 64, "NWG": 128, "KWG": 16, "MDIMC": 8, "NDIMC": 8, "MDIMA": 16, "NDIMB": 8, "KWI": 2, "VWM": 4, "VWN": 4, "STRM": 0, "STRN": 1, "SA": 1, "SB": 1, "KREG": 1, "PRECISION": 32, "core_freqs": [840.0, 840.0, 840.0, 840.0, 840.0, 840.0, 840.0], "core_freq": 840.0, "mem_freqs": [6501.0, 6501.0, 6501.0, 6501.0, 6501.0, 6501.0, 6501.0], "mem_freq": 6501.0, "temperatures": [60.0, 60.0, 60.310344827586206, 61.0, 61.0, 61.0, 61.0], "temperature": 60.61576354679803, "time": 19.719460571428566, "times": [19.703808, 19.766272, 19.717119999999998, 19.710976, 19.706879999999998, 19.719168, 19.712], "compile_time": 331.8104725331068, "verification_time": 0, "benchmark_time": 140.37972688674927, "GFLOP/s": 6971.413209100825, "strategy_time": 0.061726197600364685, "framework_time": 1.8505267798900604, "timestamp": "2024-07-11 09:13:42.887586+00:00"}, "total_framework_time": 211.68360486626625, "total_strategy_time": 683.98118019104, "total_compile_time": 25369.309784844518, "total_verification_time": 0, "total_benchmark_time": 20297.24471271038, "overhead_time": 2602.9327623546124, "execution_time": 49.17502689361572}