{"platform_name": "NVIDIA CUDA", "platform_version": "OpenCL 3.0 CUDA 12.3.68", "device_name": "NVIDIA RTX A4000", "device_version": "OpenCL 3.0 CUDA", "opencl_c_version": "OpenCL C 1.2 ", "driver_version": "545.23.06", "iterations": 7, "compiler_options": ["-I/home/fjwillem/Code/kernel_tuner_paper/kernels/gemm_cltune_opencl/"], "best_config": {"nvml_gr_clock": 840, "nvml_mem_clock": 6501, "GEMMK": 0, "MWG": 64, "NWG": 128, "KWG": 16, "MDIMC": 8, "NDIMC": 16, "MDIMA": 32, "NDIMB": 32, "KWI": 2, "VWM": 2, "VWN": 4, "STRM": 1, "STRN": 0, "SA": 1, "SB": 0, "KREG": 1, "PRECISION": 32, "core_freqs": [840.0, 840.0, 840.0, 840.0, 840.0, 840.0, 840.0], "core_freq": 840.0, "mem_freqs": [6501.0, 6501.0, 6501.0, 6501.0, 6501.0, 6501.0, 6501.0], "mem_freq": 6501.0, "temperatures": [59.0, 59.74418604651163, 60.28378378378378, 61.0, 61.0, 61.25657894736842, 62.0], "temperature": 60.612078396809125, "time": 20.16065371428571, "times": [20.190208, 20.143103999999997, 20.14208, 20.202496, 20.13696, 20.158431999999998, 20.151296], "compile_time": 345.4345781356096, "verification_time": 0, "benchmark_time": 143.73036101460457, "GFLOP/s": 6818.851702541166, "strategy_time": 0.024575740098953247, "framework_time": 0.8584894239902496, "timestamp": "2024-07-09 11:18:20.142260+00:00"}, "total_framework_time": 183.9322540909052, "total_strategy_time": 631.3177105039358, "total_compile_time": 18385.32394170761, "total_verification_time": 0, "total_benchmark_time": 25340.969648212194, "overhead_time": 2835.1689632982016, "execution_time": 47.387627363204956}