{"platform_name": "NVIDIA CUDA", "platform_version": "OpenCL 3.0 CUDA 12.3.68", "device_name": "NVIDIA RTX A4000", "device_version": "OpenCL 3.0 CUDA", "opencl_c_version": "OpenCL C 1.2 ", "driver_version": "545.23.06", "iterations": 7, "compiler_options": ["-I/home/fjwillem/Code/kernel_tuner_paper/kernels/gemm_cltune_opencl/"], "best_config": {"nvml_gr_clock": 840, "nvml_mem_clock": 6501, "GEMMK": 0, "MWG": 64, "NWG": 64, "KWG": 16, "MDIMC": 8, "NDIMC": 8, "MDIMA": 16, "NDIMB": 32, "KWI": 2, "VWM": 4, "VWN": 2, "STRM": 1, "STRN": 0, "SA": 1, "SB": 0, "KREG": 1, "PRECISION": 32, "core_freqs": [840.0, 840.0, 840.0, 840.0, 840.0, 840.0, 840.0], "core_freq": 840.0, "mem_freqs": [6501.0, 6501.0, 6501.0, 6501.0, 6501.0, 6501.0, 6501.0], "mem_freq": 6501.0, "temperatures": [61.0, 61.0, 61.63157894736842, 62.0, 62.0, 62.0, 62.0], "temperature": 61.661654135338345, "time": 21.162857142857142, "times": [21.180415999999997, 21.21216, 21.202911999999998, 21.102591999999998, 21.148671999999998, 21.154816, 21.138431999999998], "compile_time": 59.21806022524834, "verification_time": 0, "benchmark_time": 152.82068774104118, "GFLOP/s": 6495.9332747941135, "strategy_time": 0.055905431509017944, "framework_time": 1.7823316156864166, "timestamp": "2024-07-09 09:36:34.363976+00:00"}, "total_framework_time": 850.9710878133774, "total_strategy_time": 681.3911199569702, "total_compile_time": 20574.63717646897, "total_verification_time": 0, "total_benchmark_time": 22991.94427765906, "overhead_time": 2814.497945830226, "execution_time": 47.92341923713684}