{"platform_name": "NVIDIA CUDA", "platform_version": "OpenCL 3.0 CUDA 12.3.68", "device_name": "NVIDIA RTX A4000", "device_version": "OpenCL 3.0 CUDA", "opencl_c_version": "OpenCL C 1.2 ", "driver_version": "545.23.06", "iterations": 7, "compiler_options": ["-I/home/fjwillem/Code/kernel_tuner_paper/kernels/gemm_cltune_opencl/"], "best_config": {"nvml_gr_clock": 840, "nvml_mem_clock": 6501, "GEMMK": 0, "MWG": 128, "NWG": 64, "KWG": 16, "MDIMC": 32, "NDIMC": 8, "MDIMA": 32, "NDIMB": 16, "KWI": 2, "VWM": 4, "VWN": 4, "STRM": 1, "STRN": 0, "SA": 1, "SB": 1, "KREG": 1, "PRECISION": 32, "core_freqs": [840.0, 840.0, 840.0, 840.0, 840.0, 840.0, 840.0], "core_freq": 840.0, "mem_freqs": [6501.0, 6501.0, 6501.0, 6501.0, 6501.0, 6501.0, 6501.0], "mem_freq": 6501.0, "temperatures": [60.0, 60.54255319148936, 61.0, 61.0, 61.0, 61.46236559139785, 62.0], "temperature": 61.000702683269594, "time": 21.670610285714286, "times": [21.678079999999998, 21.665792, 21.675008, 21.667839999999998, 21.664704, 21.676032, 21.666816], "compile_time": 236.2334590870887, "verification_time": 0, "benchmark_time": 156.09923587180674, "GFLOP/s": 6343.730337609583, "strategy_time": 0.007945112884044647, "framework_time": 1.7216710839420557, "timestamp": "2024-03-15 16:03:31.105191+00:00"}, "total_framework_time": 341.72240481711924, "total_strategy_time": 353.56714692898095, "total_compile_time": 40530.90159688145, "total_verification_time": 0, "total_benchmark_time": 78273.85770576075, "overhead_time": 2819.3635996431112, "execution_time": 122.33236646652222}