{"device_name": "NVIDIA RTX A4000", "simulation": true, "simulated_time": 120818.54649679735, "best_config": {"nvml_gr_clock": 840, "nvml_mem_clock": 6501, "GEMMK": 0, "MWG": 64, "NWG": 128, "KWG": 16, "MDIMC": 8, "NDIMC": 8, "MDIMA": 32, "NDIMB": 8, "KWI": 2, "VWM": 2, "VWN": 4, "STRM": 1, "STRN": 1, "SA": 1, "SB": 1, "KREG": 1, "PRECISION": 32, "core_freqs": [840.0, 840.0, 840.0, 840.0, 840.0, 840.0, 840.0], "core_freq": 840.0, "mem_freqs": [6501.0, 6501.0, 6501.0, 6501.0, 6501.0, 6501.0, 6501.0], "mem_freq": 6501.0, "temperatures": [53.553903345724905, 54.0, 54.0, 54.67615658362989, 55.0, 55.0, 55.0], "temperature": 54.46143713276497, "time": 20.103021714285713, "times": [20.128767999999997, 20.088832, 20.08064, 20.088832, 20.10624, 20.132863999999998, 20.094976], "compile_time": 422.07901598885655, "verification_time": 0, "benchmark_time": 143.86582211591303, "GFLOP/s": 6838.400209571906, "strategy_time": 0.0016230624169111252, "framework_time": 0.03892299719154835, "timestamp": "2024-03-15 14:50:24.479959+00:00"}, "total_framework_time": 7.826290093362331, "total_strategy_time": 4107.716270489618, "total_compile_time": 52639.90846578963, "total_verification_time": 0, "total_benchmark_time": 68178.63803100772, "overhead_time": 254.28081420250237, "execution_time": 4.433619976043701}