{"platform_name": "NVIDIA CUDA", "platform_version": "OpenCL 3.0 CUDA 12.3.68", "device_name": "NVIDIA RTX A4000", "device_version": "OpenCL 3.0 CUDA", "opencl_c_version": "OpenCL C 1.2 ", "driver_version": "545.23.06", "iterations": 7, "compiler_options": ["-I/home/fjwillem/Code/kernel_tuner_paper/kernels/gemm_cltune_opencl/"], "best_config": {"nvml_gr_clock": 840, "nvml_mem_clock": 6501, "GEMMK": 0, "MWG": 64, "NWG": 128, "KWG": 32, "MDIMC": 8, "NDIMC": 8, "MDIMA": 32, "NDIMB": 32, "KWI": 2, "VWM": 2, "VWN": 4, "STRM": 0, "STRN": 0, "SA": 1, "SB": 0, "KREG": 1, "PRECISION": 32, "core_freqs": [840.0, 840.0, 840.0, 840.0, 840.0, 840.0, 840.0], "core_freq": 840.0, "mem_freqs": [6501.0, 6501.0, 6501.0, 6501.0, 6501.0, 6501.0, 6501.0], "mem_freq": 6501.0, "temperatures": [59.0, 59.547008547008545, 60.0, 60.0, 60.0, 60.0, 60.597457627118644], "temperature": 59.877780882018165, "time": 23.745535999999998, "times": [23.716863999999998, 23.720959999999998, 23.764992, 23.7824, 23.745535999999998, 23.720959999999998, 23.767039999999998], "compile_time": 168.0925041437149, "verification_time": 0, "benchmark_time": 169.64209266006947, "GFLOP/s": 5789.404286515159, "strategy_time": 0.07133185863494873, "framework_time": 1.0605547577142715, "timestamp": "2024-07-11 08:33:47.095926+00:00"}, "total_framework_time": 218.8403569161892, "total_strategy_time": 710.3026900440454, "total_compile_time": 20267.014170065522, "total_verification_time": 0, "total_benchmark_time": 22975.25843605399, "overhead_time": 2749.2191959172487, "execution_time": 46.933452129364014}