{"platform_name": "NVIDIA CUDA", "platform_version": "OpenCL 3.0 CUDA 12.3.68", "device_name": "NVIDIA RTX A4000", "device_version": "OpenCL 3.0 CUDA", "opencl_c_version": "OpenCL C 1.2 ", "driver_version": "545.23.06", "iterations": 7, "compiler_options": ["-I/home/fjwillem/Code/kernel_tuner_paper/kernels/gemm_cltune_opencl/"], "best_config": {"nvml_gr_clock": 840, "nvml_mem_clock": 6501, "GEMMK": 0, "MWG": 128, "NWG": 64, "KWG": 32, "MDIMC": 16, "NDIMC": 8, "MDIMA": 32, "NDIMB": 32, "KWI": 2, "VWM": 2, "VWN": 2, "STRM": 1, "STRN": 0, "SA": 1, "SB": 1, "KREG": 1, "PRECISION": 32, "core_freqs": [840.0, 840.0, 840.0, 840.0, 840.0, 840.0, 840.0], "core_freq": 840.0, "mem_freqs": [6501.0, 6501.0, 6501.0, 6501.0, 6501.0, 6501.0, 6501.0], "mem_freq": 6501.0, "temperatures": [56.0, 56.6078431372549, 57.11196911196911, 58.0, 58.0, 58.0, 58.0], "temperature": 57.388544607031996, "time": 19.943419428571428, "times": [19.949568, 19.950592, 19.943424, 19.941375999999998, 19.937248, 19.939328, 19.9424], "compile_time": 355.45049980282784, "verification_time": 0, "benchmark_time": 141.8635919690132, "GFLOP/s": 6893.126246297239, "strategy_time": 0.0515766441822052, "framework_time": 1.6772598028182983, "timestamp": "2024-07-09 09:48:22.809124+00:00"}, "total_framework_time": 206.93043433129787, "total_strategy_time": 665.8503953367472, "total_compile_time": 30325.329162180424, "total_verification_time": 0, "total_benchmark_time": 19091.638389974833, "overhead_time": 2579.478994011879, "execution_time": 52.8825249671936}