{"platform_name": "NVIDIA CUDA", "platform_version": "OpenCL 3.0 CUDA 12.3.68", "device_name": "NVIDIA RTX A4000", "device_version": "OpenCL 3.0 CUDA", "opencl_c_version": "OpenCL C 1.2 ", "driver_version": "545.23.06", "iterations": 7, "compiler_options": ["-I/home/fjwillem/Code/kernel_tuner_paper/kernels/gemm_cltune_opencl/"], "best_config": {"nvml_gr_clock": 840, "nvml_mem_clock": 6501, "GEMMK": 0, "MWG": 64, "NWG": 64, "KWG": 32, "MDIMC": 8, "NDIMC": 8, "MDIMA": 8, "NDIMB": 8, "KWI": 2, "VWM": 8, "VWN": 4, "STRM": 0, "STRN": 1, "SA": 0, "SB": 0, "KREG": 1, "PRECISION": 32, "core_freqs": [840.0, 840.0, 840.0, 840.0, 840.0, 840.0, 840.0], "core_freq": 840.0, "mem_freqs": [6501.0, 6501.0, 6501.0, 6501.0, 6501.0, 6501.0, 6501.0], "mem_freq": 6501.0, "temperatures": [53.0, 53.63786008230453, 54.0, 54.0, 54.005181347150256, 55.0, 55.0], "temperature": 54.091863061350686, "time": 24.118271999999997, "times": [23.909375999999998, 24.312832, 24.2688, 24.09984, 24.218624, 23.975935999999997, 24.042496], "compile_time": 78.60797829926014, "verification_time": 0, "benchmark_time": 179.3040968477726, "GFLOP/s": 5699.931898271983, "strategy_time": 0.07457099854946136, "framework_time": 2.2950153797864914, "timestamp": "2024-07-11 08:54:10.731289+00:00"}, "total_framework_time": 214.94836173951626, "total_strategy_time": 726.2172419577837, "total_compile_time": 18333.439394831657, "total_verification_time": 0, "total_benchmark_time": 21689.317466691136, "overhead_time": 2799.160046502948, "execution_time": 43.777514696121216}