{"device_name": "NVIDIA RTX A4000", "simulation": true, "simulated_time": 124445.6229005009, "best_config": {"nvml_gr_clock": 840, "nvml_mem_clock": 6501, "GEMMK": 0, "MWG": 128, "NWG": 128, "KWG": 16, "MDIMC": 16, "NDIMC": 16, "MDIMA": 16, "NDIMB": 32, "KWI": 2, "VWM": 4, "VWN": 2, "STRM": 1, "STRN": 0, "SA": 1, "SB": 1, "KREG": 1, "PRECISION": 32, "core_freqs": [840.0, 840.0, 840.0, 840.0, 840.0, 840.0, 840.0, 840.0, 840.0, 840.0, 840.0, 840.0, 840.0, 840.0, 840.0, 840.0, 840.0, 840.0, 840.0, 840.0, 840.0, 840.0, 840.0, 840.0, 840.0, 840.0, 840.0, 840.0, 840.0, 840.0, 840.0, 840.0], "core_freq": 840.0, "mem_freqs": [6501.0, 6501.0, 6501.0, 6501.0, 6501.0, 6501.0, 6501.0, 6501.0, 6501.0, 6501.0, 6501.0, 6501.0, 6501.0, 6501.0, 6501.0, 6501.0, 6501.0, 6501.0, 6501.0, 6501.0, 6501.0, 6501.0, 6501.0, 6501.0, 6501.0, 6501.0, 6501.0, 6501.0, 6501.0, 6501.0, 6501.0, 6501.0], "mem_freq": 6501.0, "temperatures": [57.12931034482759, 58.0, 58.0, 58.0, 58.0, 58.744, 59.0, 59.0, 59.0, 59.0, 59.0, 59.0, 59.0, 59.0, 59.0, 59.56038647342995, 60.0, 60.0, 60.0, 60.0, 60.0, 60.0, 60.0, 60.0, 60.0, 60.0, 60.0, 60.0, 60.0, 60.0, 60.0, 60.0], "temperature": 59.326053025570545, "time": 19.923197, "times": [19.92192, 19.891199999999998, 19.905535999999998, 19.954624, 19.889152, 19.907584, 19.880959999999998, 19.924992, 19.959808, 19.869695999999998, 19.94752, 19.943424, 19.918848, 19.939328, 19.924992, 19.922943999999998, 19.949568, 19.91168, 19.949568, 19.922943999999998, 19.92192, 19.88608, 19.915775999999997, 19.981312, 19.917824, 19.935232, 19.973119999999998, 19.890176, 19.92192, 19.89632, 19.93216, 19.934176], "pwr_core_freqs": [840.0], "pwr_core_freq": 840.0, "pwr_mem_freqs": [6501.0], "pwr_mem_freq": 6501.0, "pwr_temperatures": [60.000717875089734], "pwr_temperature": 60.000717875089734, "nvml_energy": 1.9551031680039999, "compile_time": 292.49675292521715, "verification_time": 0, "benchmark_time": 2452.0189417526126, "GFLOP/s": 6900.122902162741, "strategy_time": 7733.051470015198, "framework_time": 0.13675610534846783, "timestamp": "2024-02-15 04:12:34.920659+00:00"}, "total_framework_time": 1.350991427898407, "total_strategy_time": 7733.110933564603, "total_compile_time": 6683.0845000222325, "total_verification_time": 0, "total_benchmark_time": 117762.53840047866, "overhead_time": 509.4529709313065, "execution_time": 8.82944107055664}