{"device_name": "NVIDIA RTX A4000", "simulation": true, "simulated_time": 123423.81714098155, "best_config": {"nvml_gr_clock": 840, "nvml_mem_clock": 6501, "GEMMK": 0, "MWG": 32, "NWG": 128, "KWG": 16, "MDIMC": 8, "NDIMC": 8, "MDIMA": 8, "NDIMB": 8, "KWI": 2, "VWM": 4, "VWN": 4, "STRM": 0, "STRN": 1, "SA": 1, "SB": 1, "KREG": 1, "PRECISION": 32, "core_freqs": [840.0, 840.0, 840.0, 840.0, 840.0, 840.0, 840.0, 840.0, 840.0, 840.0, 840.0, 840.0, 840.0, 840.0, 840.0, 840.0, 840.0, 840.0, 840.0, 840.0, 840.0, 840.0, 840.0, 840.0, 840.0, 840.0, 840.0, 840.0, 840.0, 840.0, 840.0, 840.0], "core_freq": 840.0, "mem_freqs": [6501.0, 6501.0, 6501.0, 6501.0, 6501.0, 6501.0, 6501.0, 6501.0, 6501.0, 6501.0, 6501.0, 6501.0, 6501.0, 6501.0, 6501.0, 6501.0, 6501.0, 6501.0, 6501.0, 6501.0, 6501.0, 6501.0, 6501.0, 6501.0, 6501.0, 6501.0, 6501.0, 6501.0, 6501.0, 6501.0, 6501.0, 6501.0], "mem_freq": 6501.0, "temperatures": [60.0, 60.52280701754386, 61.092150170648466, 62.0, 62.0, 62.0, 62.0, 62.0, 62.50689655172414, 63.0, 63.0, 63.0, 63.0, 63.0, 63.0, 63.0, 63.0, 63.0, 63.0, 63.0, 63.0, 63.0, 63.0, 63.0, 63.0, 63.0, 63.0, 63.0, 63.0, 63.0, 63.0, 63.0], "temperature": 62.597557929372385, "time": 20.982297, "times": [21.014528, 21.000192, 20.989952, 20.981759999999998, 20.975583999999998, 20.984832, 20.967423999999998, 20.990976, 20.979712, 20.983808, 20.972544, 20.98688, 20.975616, 20.978688, 20.975616, 20.972544, 20.979712, 20.988927999999998, 20.969472, 20.982751999999998, 20.999167999999997, 20.969472, 20.997056, 20.975616, 20.989952, 20.975616, 20.972544, 20.972512, 20.985792, 20.975616, 20.991999999999997, 20.97664], "pwr_core_freqs": [840.0], "pwr_core_freq": 840.0, "pwr_mem_freqs": [6501.0], "pwr_mem_freq": 6501.0, "pwr_temperatures": [64.0], "pwr_temperature": 64.0, "nvml_energy": 2.478240080967, "compile_time": 326.57083310186863, "verification_time": 0, "benchmark_time": 2473.1749007478356, "GFLOP/s": 6551.833095489974, "strategy_time": 0.0017129350453615189, "framework_time": 0.04257005639374256, "timestamp": "2024-02-11 01:59:55.784775+00:00"}, "total_framework_time": 1.5992410480976105, "total_strategy_time": 7753.127051750198, "total_compile_time": 8083.54311902076, "total_verification_time": 0, "total_benchmark_time": 115340.2740219608, "overhead_time": 520.6385583151132, "execution_time": 8.879454612731934}