{"platform_name": "NVIDIA CUDA", "platform_version": "OpenCL 3.0 CUDA 12.3.68", "device_name": "NVIDIA RTX A4000", "device_version": "OpenCL 3.0 CUDA", "opencl_c_version": "OpenCL C 1.2 ", "driver_version": "545.23.06", "iterations": 7, "compiler_options": ["-I/home/fjwillem/Code/kernel_tuner_paper/kernels/gemm_cltune_opencl/"], "best_config": {"nvml_gr_clock": 840, "nvml_mem_clock": 6501, "GEMMK": 0, "MWG": 64, "NWG": 128, "KWG": 16, "MDIMC": 8, "NDIMC": 16, "MDIMA": 16, "NDIMB": 16, "KWI": 2, "VWM": 4, "VWN": 4, "STRM": 1, "STRN": 1, "SA": 1, "SB": 1, "KREG": 1, "PRECISION": 32, "core_freqs": [840.0, 840.0, 840.0, 840.0, 840.0, 840.0, 840.0], "core_freq": 840.0, "mem_freqs": [6501.0, 6501.0, 6501.0, 6501.0, 6501.0, 6501.0, 6501.0], "mem_freq": 6501.0, "temperatures": [58.54794520547945, 59.08695652173913, 60.0, 60.0, 60.0, 60.0, 60.46448087431694], "temperature": 59.728483228790786, "time": 18.85226971428571, "times": [18.859008, 18.850816, 18.850816, 18.847744, 18.849728, 18.860032, 18.847744], "compile_time": 215.287571772933, "verification_time": 0, "benchmark_time": 135.57167164981365, "GFLOP/s": 7292.093206147335, "strategy_time": 0.060634687542915344, "framework_time": 2.161426469683647, "timestamp": "2024-07-09 10:08:40.994393+00:00"}, "total_framework_time": 199.37752187252045, "total_strategy_time": 710.2032378315926, "total_compile_time": 29244.313908740878, "total_verification_time": 0, "total_benchmark_time": 20067.240292206407, "overhead_time": 2609.6662916243076, "execution_time": 52.841466426849365}