{"platform_name": "NVIDIA CUDA", "platform_version": "OpenCL 3.0 CUDA 12.3.68", "device_name": "NVIDIA RTX A4000", "device_version": "OpenCL 3.0 CUDA", "opencl_c_version": "OpenCL C 1.2 ", "driver_version": "545.23.06", "iterations": 7, "compiler_options": ["-I/home/fjwillem/Code/kernel_tuner_paper/kernels/gemm_cltune_opencl/"], "best_config": {"nvml_gr_clock": 840, "nvml_mem_clock": 6501, "GEMMK": 0, "MWG": 64, "NWG": 128, "KWG": 16, "MDIMC": 16, "NDIMC": 8, "MDIMA": 32, "NDIMB": 32, "KWI": 2, "VWM": 2, "VWN": 2, "STRM": 1, "STRN": 0, "SA": 0, "SB": 1, "KREG": 1, "PRECISION": 32, "core_freqs": [840.0, 840.0, 840.0, 840.0, 840.0, 840.0, 840.0], "core_freq": 840.0, "mem_freqs": [6501.0, 6501.0, 6501.0, 6501.0, 6501.0, 6501.0, 6501.0], "mem_freq": 6501.0, "temperatures": [61.0, 61.43577981651376, 62.0, 62.0, 62.73271889400922, 63.0, 63.0], "temperature": 62.16692838721757, "time": 21.759542857142858, "times": [21.761983999999998, 21.74976, 21.75584, 21.75488, 21.767167999999998, 21.763071999999998, 21.764096], "compile_time": 239.76260796189308, "verification_time": 0, "benchmark_time": 156.237268820405, "GFLOP/s": 6317.803126956449, "strategy_time": 0.06805919110774994, "framework_time": 2.1392405033111572, "timestamp": "2024-07-11 08:07:42.285284+00:00"}, "total_framework_time": 222.81901724636555, "total_strategy_time": 752.8581041842699, "total_compile_time": 27320.0842179358, "total_verification_time": 0, "total_benchmark_time": 33396.06268890202, "overhead_time": 3242.201041430235, "execution_time": 64.94653272628784}