{"platform_name": "NVIDIA CUDA", "platform_version": "OpenCL 3.0 CUDA 12.3.68", "device_name": "NVIDIA RTX A4000", "device_version": "OpenCL 3.0 CUDA", "opencl_c_version": "OpenCL C 1.2 ", "driver_version": "545.23.06", "iterations": 7, "compiler_options": ["-I/home/fjwillem/Code/kernel_tuner_paper/kernels/gemm_cltune_opencl/"], "best_config": {"nvml_gr_clock": 840, "nvml_mem_clock": 6501, "GEMMK": 0, "MWG": 64, "NWG": 128, "KWG": 16, "MDIMC": 8, "NDIMC": 16, "MDIMA": 16, "NDIMB": 32, "KWI": 2, "VWM": 4, "VWN": 2, "STRM": 1, "STRN": 0, "SA": 1, "SB": 1, "KREG": 1, "PRECISION": 32, "core_freqs": [840.0, 840.0, 840.0, 840.0, 840.0, 840.0, 840.0], "core_freq": 840.0, "mem_freqs": [6501.0, 6501.0, 6501.0, 6501.0, 6501.0, 6501.0, 6501.0], "mem_freq": 6501.0, "temperatures": [60.0, 60.70967741935484, 61.0, 61.0, 61.0, 61.237154150197625, 62.0], "temperature": 60.99240450993607, "time": 19.493439999999996, "times": [19.509248, 19.496959999999998, 19.501056, 19.483648, 19.484672, 19.48672, 19.491775999999998], "compile_time": 214.28672201000154, "verification_time": 0, "benchmark_time": 140.81529690884054, "GFLOP/s": 7052.244647635308, "strategy_time": 0.009918119758367538, "framework_time": 1.6745419707149267, "timestamp": "2024-03-15 16:37:45.440423+00:00"}, "total_framework_time": 324.69124160706997, "total_strategy_time": 350.51298211328685, "total_compile_time": 37727.435902226716, "total_verification_time": 0, "total_benchmark_time": 81007.34064681455, "overhead_time": 2639.9857841897756, "execution_time": 122.06437158584595}