{"device_name": "NVIDIA RTX A4000", "simulation": true, "simulated_time": 120246.13158660941, "best_config": {"nvml_gr_clock": 840, "nvml_mem_clock": 6501, "GEMMK": 0, "MWG": 64, "NWG": 128, "KWG": 16, "MDIMC": 16, "NDIMC": 8, "MDIMA": 32, "NDIMB": 32, "KWI": 2, "VWM": 2, "VWN": 4, "STRM": 1, "STRN": 0, "SA": 0, "SB": 1, "KREG": 1, "PRECISION": 32, "core_freqs": [840.0, 840.0, 840.0, 840.0, 840.0, 840.0, 840.0], "core_freq": 840.0, "mem_freqs": [6501.0, 6501.0, 6501.0, 6501.0, 6501.0, 6501.0, 6501.0], "mem_freq": 6501.0, "temperatures": [57.0, 57.0, 57.69711538461539, 58.23616236162361, 59.0, 59.0, 59.0], "temperature": 58.13332539231986, "time": 20.008077714285715, "times": [20.017152, 20.005888, 20.016095999999997, 20.00896, 20.007936, 20.012031999999998, 19.98848], "compile_time": 387.36149203032255, "verification_time": 0, "benchmark_time": 143.53693393059075, "GFLOP/s": 6870.850356895854, "strategy_time": 0.002756016328930855, "framework_time": 0.04644598811864853, "timestamp": "2024-03-15 15:31:36.245261+00:00"}, "total_framework_time": 7.918845396488905, "total_strategy_time": 4030.418436275795, "total_compile_time": 49287.018874427304, "total_verification_time": 0, "total_benchmark_time": 70959.1127121821, "overhead_time": 248.08702641166747, "execution_time": 4.349908351898193}