{"platform_name": "NVIDIA CUDA", "platform_version": "OpenCL 3.0 CUDA 12.3.68", "device_name": "NVIDIA RTX A4000", "device_version": "OpenCL 3.0 CUDA", "opencl_c_version": "OpenCL C 1.2 ", "driver_version": "545.23.06", "iterations": 7, "compiler_options": ["-I/home/fjwillem/Code/kernel_tuner_paper/kernels/gemm_cltune_opencl/"], "best_config": {"nvml_gr_clock": 840, "nvml_mem_clock": 6501, "GEMMK": 0, "MWG": 64, "NWG": 64, "KWG": 32, "MDIMC": 8, "NDIMC": 8, "MDIMA": 8, "NDIMB": 32, "KWI": 2, "VWM": 4, "VWN": 2, "STRM": 1, "STRN": 0, "SA": 0, "SB": 0, "KREG": 1, "PRECISION": 32, "core_freqs": [840.0, 840.0, 840.0, 840.0, 840.0, 840.0, 840.0], "core_freq": 840.0, "mem_freqs": [6501.0, 6501.0, 6501.0, 6501.0, 6501.0, 6501.0, 6501.0], "mem_freq": 6501.0, "temperatures": [60.0, 60.18807339449541, 61.0, 61.0, 61.0, 61.34977578475336, 62.0], "temperature": 60.933978454178394, "time": 22.601869714285716, "times": [22.566912, 22.437887999999997, 22.920192, 22.530016, 22.621184, 22.595584, 22.541311999999998], "compile_time": 241.8131548911333, "verification_time": 0, "benchmark_time": 161.79857589304447, "GFLOP/s": 6082.351134743037, "strategy_time": 0.0684596598148346, "framework_time": 2.108214423060417, "timestamp": "2024-07-11 08:30:00.307564+00:00"}, "total_framework_time": 218.99093873798847, "total_strategy_time": 704.7417834401131, "total_compile_time": 20167.79430769384, "total_verification_time": 0, "total_benchmark_time": 23134.599773213267, "overhead_time": 2696.0583738982677, "execution_time": 46.932175636291504}