{"platform_name": "NVIDIA CUDA", "platform_version": "OpenCL 3.0 CUDA 12.3.68", "device_name": "NVIDIA RTX A4000", "device_version": "OpenCL 3.0 CUDA", "opencl_c_version": "OpenCL C 1.2 ", "driver_version": "545.23.06", "iterations": 7, "compiler_options": ["-I/home/fjwillem/Code/kernel_tuner_paper/kernels/gemm_cltune_opencl/"], "best_config": {"nvml_gr_clock": 840, "nvml_mem_clock": 6501, "GEMMK": 0, "MWG": 128, "NWG": 64, "KWG": 32, "MDIMC": 16, "NDIMC": 8, "MDIMA": 16, "NDIMB": 8, "KWI": 2, "VWM": 4, "VWN": 4, "STRM": 1, "STRN": 0, "SA": 1, "SB": 0, "KREG": 1, "PRECISION": 32, "core_freqs": [840.0, 840.0, 840.0, 840.0, 840.0, 840.0, 840.0], "core_freq": 840.0, "mem_freqs": [6501.0, 6501.0, 6501.0, 6501.0, 6501.0, 6501.0, 6501.0], "mem_freq": 6501.0, "temperatures": [58.0, 58.0, 58.91219512195122, 59.0, 59.0, 59.0, 59.71078431372549], "temperature": 58.803282776525236, "time": 21.016128, "times": [21.068735999999998, 20.82304, 20.854784, 21.270528, 20.722687999999998, 21.204992, 21.168128], "compile_time": 78.22875306010246, "verification_time": 0, "benchmark_time": 150.42837522923946, "GFLOP/s": 6541.286192394718, "strategy_time": 0.0719856470823288, "framework_time": 2.3458581417798996, "timestamp": "2024-07-09 11:11:25.432461+00:00"}, "total_framework_time": 219.95754539966583, "total_strategy_time": 751.809062436223, "total_compile_time": 21846.701441332698, "total_verification_time": 0, "total_benchmark_time": 22096.545139327645, "overhead_time": 2841.523189097643, "execution_time": 47.768993854522705}