{"platform_name": "NVIDIA CUDA", "platform_version": "OpenCL 3.0 CUDA 12.3.68", "device_name": "NVIDIA RTX A4000", "device_version": "OpenCL 3.0 CUDA", "opencl_c_version": "OpenCL C 1.2 ", "driver_version": "545.23.06", "iterations": 7, "compiler_options": ["-I/home/fjwillem/Code/kernel_tuner_paper/kernels/gemm_cltune_opencl/"], "best_config": {"nvml_gr_clock": 840, "nvml_mem_clock": 6501, "GEMMK": 0, "MWG": 64, "NWG": 128, "KWG": 32, "MDIMC": 8, "NDIMC": 16, "MDIMA": 8, "NDIMB": 8, "KWI": 2, "VWM": 4, "VWN": 2, "STRM": 1, "STRN": 0, "SA": 1, "SB": 0, "KREG": 1, "PRECISION": 32, "core_freqs": [840.0, 840.0, 840.0, 840.0, 840.0, 840.0, 840.0], "core_freq": 840.0, "mem_freqs": [6501.0, 6501.0, 6501.0, 6501.0, 6501.0, 6501.0, 6501.0], "mem_freq": 6501.0, "temperatures": [61.0, 61.0, 61.19047619047619, 62.0, 62.0, 62.0, 62.0], "temperature": 61.59863945578231, "time": 20.15012571428571, "times": [20.175872, 20.088832, 20.072447999999998, 20.173824, 20.147199999999998, 20.137984, 20.25472], "compile_time": 59.66080725193024, "verification_time": 0, "benchmark_time": 143.7638606876135, "GFLOP/s": 6822.414403426622, "strategy_time": 0.018013641238212585, "framework_time": 2.1106675267219543, "timestamp": "2024-07-11 08:06:18.937182+00:00"}, "total_framework_time": 198.45877029001713, "total_strategy_time": 691.3195755332708, "total_compile_time": 15170.832989737391, "total_verification_time": 0, "total_benchmark_time": 22380.40561042726, "overhead_time": 2587.233703583479, "execution_time": 41.040077447891235}