{"platform_name": "NVIDIA CUDA", "platform_version": "OpenCL 3.0 CUDA 12.3.68", "device_name": "NVIDIA RTX A4000", "device_version": "OpenCL 3.0 CUDA", "opencl_c_version": "OpenCL C 1.2 ", "driver_version": "545.23.06", "iterations": 7, "compiler_options": ["-I/home/fjwillem/Code/kernel_tuner_paper/kernels/gemm_cltune_opencl/"], "best_config": {"nvml_gr_clock": 840, "nvml_mem_clock": 6501, "GEMMK": 0, "MWG": 128, "NWG": 64, "KWG": 32, "MDIMC": 16, "NDIMC": 8, "MDIMA": 16, "NDIMB": 16, "KWI": 2, "VWM": 4, "VWN": 2, "STRM": 1, "STRN": 0, "SA": 0, "SB": 0, "KREG": 1, "PRECISION": 32, "core_freqs": [840.0, 840.0, 840.0, 840.0, 840.0, 840.0, 840.0], "core_freq": 840.0, "mem_freqs": [6501.0, 6501.0, 6501.0, 6501.0, 6501.0, 6501.0, 6501.0], "mem_freq": 6501.0, "temperatures": [58.0, 58.555045871559635, 59.0, 59.0, 60.0, 60.0, 60.0], "temperature": 59.222149410222805, "time": 23.06208914285714, "times": [23.236608, 22.950912, 23.12192, 23.140352, 23.128064, 22.867967999999998, 22.988799999999998], "compile_time": 75.08856430649757, "verification_time": 0, "benchmark_time": 165.13337194919586, "GFLOP/s": 5960.973745805609, "strategy_time": 0.07004477083683014, "framework_time": 2.2701378911733627, "timestamp": "2024-07-11 08:24:06.730781+00:00"}, "total_framework_time": 217.9745566099882, "total_strategy_time": 710.3232387453318, "total_compile_time": 12353.582564741373, "total_verification_time": 0, "total_benchmark_time": 23992.348765954375, "overhead_time": 2980.8530751615763, "execution_time": 40.269282579422}