{"device_name": "NVIDIA RTX A4000", "simulation": true, "simulated_time": 120216.44805185497, "best_config": {"nvml_gr_clock": 840, "nvml_mem_clock": 6501, "GEMMK": 0, "MWG": 128, "NWG": 128, "KWG": 32, "MDIMC": 16, "NDIMC": 8, "MDIMA": 16, "NDIMB": 8, "KWI": 2, "VWM": 8, "VWN": 8, "STRM": 1, "STRN": 1, "SA": 1, "SB": 1, "KREG": 1, "PRECISION": 32, "core_freqs": [840.0, 840.0, 840.0, 840.0, 840.0, 840.0, 840.0], "core_freq": 840.0, "mem_freqs": [6501.0, 6501.0, 6501.0, 6501.0, 6501.0, 6501.0, 6501.0], "mem_freq": 6501.0, "temperatures": [53.0, 53.41078838174274, 54.06415094339623, 55.0, 55.0, 55.0, 55.0], "temperature": 54.353562760734135, "time": 20.532662857142856, "times": [20.512767999999998, 20.527103999999998, 20.518912, 20.535296, 20.532224, 20.550656, 20.551679999999998], "compile_time": 339.04072386212647, "verification_time": 0, "benchmark_time": 148.52467505261302, "GFLOP/s": 6695.308292960957, "strategy_time": 0.0017238780856132507, "framework_time": 0.04461314529180527, "timestamp": "2024-03-16 00:41:25.615219+00:00"}, "total_framework_time": 7.940827403217554, "total_strategy_time": 4023.954064818099, "total_compile_time": 48244.61116618477, "total_verification_time": 0, "total_benchmark_time": 71971.8368856702, "overhead_time": 244.26405876874924, "execution_time": 4.3380677700042725}