{"device_name": "NVIDIA RTX A4000", "simulation": true, "simulated_time": 32335.933029651642, "best_config": {"nvml_gr_clock": 840, "nvml_mem_clock": 6501, "GEMMK": 0, "MWG": 64, "NWG": 64, "KWG": 16, "MDIMC": 8, "NDIMC": 8, "MDIMA": 16, "NDIMB": 16, "KWI": 2, "VWM": 4, "VWN": 2, "STRM": 1, "STRN": 0, "SA": 1, "SB": 0, "KREG": 1, "PRECISION": 32, "core_freqs": [840.0, 840.0, 840.0, 840.0, 840.0, 840.0, 840.0], "core_freq": 840.0, "mem_freqs": [6501.0, 6501.0, 6501.0, 6501.0, 6501.0, 6501.0, 6501.0], "mem_freq": 6501.0, "temperatures": [63.0, 63.818604651162794, 64.0, 64.10181818181819, 65.0, 65.0, 65.0], "temperature": 64.27434611899729, "time": 21.209522285714286, "times": [21.233663999999997, 21.243904, 21.21216, 21.202944, 21.201919999999998, 21.113856, 21.258208], "compile_time": 76.53076015412807, "verification_time": 0, "benchmark_time": 151.4235306531191, "GFLOP/s": 6481.640937127323, "strategy_time": 0.013455748558044434, "framework_time": 0.0641997903585434, "timestamp": "2024-07-11 11:58:35.318784+00:00"}, "total_framework_time": 7.815610617399216, "total_strategy_time": 795.7931626588106, "total_compile_time": 8864.378917962313, "total_verification_time": 0, "total_benchmark_time": 23471.55411168933, "overhead_time": 14.492431655526161, "execution_time": 0.828559160232544}