{"platform_name": "NVIDIA CUDA", "platform_version": "OpenCL 3.0 CUDA 12.3.68", "device_name": "NVIDIA RTX A4000", "device_version": "OpenCL 3.0 CUDA", "opencl_c_version": "OpenCL C 1.2 ", "driver_version": "545.23.06", "iterations": 7, "compiler_options": ["-I/home/fjwillem/Code/kernel_tuner_paper/kernels/gemm_cltune_opencl/"], "best_config": {"nvml_gr_clock": 840, "nvml_mem_clock": 6501, "GEMMK": 0, "MWG": 128, "NWG": 128, "KWG": 16, "MDIMC": 8, "NDIMC": 16, "MDIMA": 8, "NDIMB": 32, "KWI": 2, "VWM": 2, "VWN": 2, "STRM": 1, "STRN": 1, "SA": 1, "SB": 1, "KREG": 1, "PRECISION": 32, "core_freqs": [840.0, 840.0, 840.0, 840.0, 840.0, 840.0, 840.0], "core_freq": 840.0, "mem_freqs": [6501.0, 6501.0, 6501.0, 6501.0, 6501.0, 6501.0, 6501.0], "mem_freq": 6501.0, "temperatures": [55.0, 55.1875, 56.0, 56.731277533039645, 57.0, 57.0, 57.0], "temperature": 56.27411107614852, "time": 20.52534857142857, "times": [20.423679999999997, 20.562943999999998, 20.56192, 20.538368, 20.52608, 20.578304, 20.486144], "compile_time": 426.4659956097603, "verification_time": 0, "benchmark_time": 146.43105305731297, "GFLOP/s": 6697.694191433256, "strategy_time": 0.00984780490398407, "framework_time": 0.8729957044124603, "timestamp": "2024-07-09 10:30:11.681876+00:00"}, "total_framework_time": 192.29997880756855, "total_strategy_time": 727.7115378528833, "total_compile_time": 37281.639439985156, "total_verification_time": 0, "total_benchmark_time": 25611.886067315936, "overhead_time": 3145.876504480839, "execution_time": 66.97049450874329}