{"platform_name": "NVIDIA CUDA", "platform_version": "OpenCL 3.0 CUDA 12.3.68", "device_name": "NVIDIA RTX A4000", "device_version": "OpenCL 3.0 CUDA", "opencl_c_version": "OpenCL C 1.2 ", "driver_version": "545.23.06", "iterations": 7, "compiler_options": ["-I/home/fjwillem/Code/kernel_tuner_paper/kernels/gemm_cltune_opencl/"], "best_config": {"nvml_gr_clock": 840, "nvml_mem_clock": 6501, "GEMMK": 0, "MWG": 128, "NWG": 128, "KWG": 32, "MDIMC": 8, "NDIMC": 32, "MDIMA": 32, "NDIMB": 8, "KWI": 2, "VWM": 2, "VWN": 4, "STRM": 1, "STRN": 0, "SA": 1, "SB": 0, "KREG": 1, "PRECISION": 32, "core_freqs": [840.0, 840.0, 840.0, 840.0, 840.0, 840.0, 840.0], "core_freq": 840.0, "mem_freqs": [6501.0, 6501.0, 6501.0, 6501.0, 6501.0, 6501.0, 6501.0], "mem_freq": 6501.0, "temperatures": [55.0, 55.262172284644194, 56.0, 56.82592592592592, 57.0, 57.0, 57.0], "temperature": 56.298299744367164, "time": 21.179821714285712, "times": [21.185536, 21.186495999999998, 21.182464, 21.175296, 21.168128, 21.184511999999998, 21.17632], "compile_time": 375.65721198916435, "verification_time": 0, "benchmark_time": 150.51095746457577, "GFLOP/s": 6490.730175092801, "strategy_time": 0.008014962077140808, "framework_time": 0.8362513035535812, "timestamp": "2024-07-09 10:33:02.599338+00:00"}, "total_framework_time": 217.05513447523117, "total_strategy_time": 728.7026289850473, "total_compile_time": 27402.855267748237, "total_verification_time": 0, "total_benchmark_time": 23535.919634625316, "overhead_time": 2663.2281485944986, "execution_time": 54.560502767562866}