{"platform_name": "NVIDIA CUDA", "platform_version": "OpenCL 3.0 CUDA 12.3.68", "device_name": "NVIDIA RTX A4000", "device_version": "OpenCL 3.0 CUDA", "opencl_c_version": "OpenCL C 1.2 ", "driver_version": "545.23.06", "iterations": 32, "compiler_options": ["-I/home/fjwillem/Code/kernel_tuner_paper/kernels/gemm_cltune_opencl/"], "best_config": {"nvml_gr_clock": 840, "nvml_mem_clock": 6501, "GEMMK": 0, "MWG": 128, "NWG": 128, "KWG": 32, "MDIMC": 8, "NDIMC": 32, "MDIMA": 16, "NDIMB": 16, "KWI": 2, "VWM": 2, "VWN": 4, "STRM": 1, "STRN": 1, "SA": 1, "SB": 1, "KREG": 1, "PRECISION": 32, "core_freqs": [840.0, 840.0, 840.0, 840.0, 840.0, 840.0, 840.0, 840.0, 840.0, 840.0, 840.0, 840.0, 840.0, 840.0, 840.0, 840.0, 840.0, 840.0, 840.0, 840.0, 840.0, 840.0, 840.0, 840.0, 840.0, 840.0, 840.0, 840.0, 840.0, 840.0, 840.0, 840.0], "core_freq": 840.0, "mem_freqs": [6501.0, 6501.0, 6501.0, 6501.0, 6501.0, 6501.0, 6501.0, 6501.0, 6501.0, 6501.0, 6501.0, 6501.0, 6501.0, 6501.0, 6501.0, 6501.0, 6501.0, 6501.0, 6501.0, 6501.0, 6501.0, 6501.0, 6501.0, 6501.0, 6501.0, 6501.0, 6501.0, 6501.0, 6501.0, 6501.0, 6501.0, 6501.0], "mem_freq": 6501.0, "temperatures": [67.0, 67.38812785388127, 68.0, 68.0, 68.0, 68.01652892561984, 69.0, 69.0, 69.0, 69.0, 69.0, 69.0, 69.0, 69.0, 69.0, 69.0, 69.0, 69.0, 69.0, 69.0, 69.0, 69.0, 69.0, 69.0, 69.0, 69.0, 69.0, 69.0, 69.81226053639847, 69.52173913043478, 69.00378787878788, 70.0], "temperature": 68.83570138516006, "time": 20.877086, "times": [20.898816, 20.875263999999998, 20.873216, 20.873216, 20.876288, 20.876288, 20.881408, 20.882431999999998, 20.867072, 20.866048, 20.86912, 20.883456, 20.877312, 20.880352, 20.884448, 20.871168, 20.877312, 20.868095999999998, 20.873216, 20.876288, 20.883456, 20.891648, 20.886528, 20.870144, 20.875263999999998, 20.865024, 20.875263999999998, 20.876288, 20.87936, 20.882431999999998, 20.878335999999997, 20.872192], "pwr_core_freqs": [840.0], "pwr_core_freq": 840.0, "pwr_mem_freqs": [6501.0], "pwr_mem_freq": 6501.0, "pwr_temperatures": [70.0], "pwr_temperature": 70.0, "nvml_energy": 2.16933800626, "compile_time": 620.307310950011, "verification_time": 0, "benchmark_time": 1693.7428410165012, "GFLOP/s": 6584.85134869876, "strategy_time": 0.010689953342080116, "framework_time": 1.944463001564145, "timestamp": "2024-03-14 10:06:50.766741+00:00"}, "total_framework_time": 78.65030341781676, "total_strategy_time": 334.1592096257955, "total_compile_time": 11826.873653335497, "total_verification_time": 0, "total_benchmark_time": 108220.25107918307, "overhead_time": 4354.633046546951, "execution_time": 124.82561540603638}