{"device_name": "NVIDIA RTX A4000", "simulation": true, "simulated_time": 122415.42251314968, "best_config": {"nvml_gr_clock": 840, "nvml_mem_clock": 6501, "GEMMK": 0, "MWG": 32, "NWG": 128, "KWG": 16, "MDIMC": 8, "NDIMC": 8, "MDIMA": 8, "NDIMB": 8, "KWI": 2, "VWM": 4, "VWN": 8, "STRM": 1, "STRN": 1, "SA": 1, "SB": 1, "KREG": 1, "PRECISION": 32, "core_freqs": [840.0, 840.0, 840.0, 840.0, 840.0, 840.0, 840.0, 840.0, 840.0, 840.0, 840.0, 840.0, 840.0, 840.0, 840.0, 840.0, 840.0, 840.0, 840.0, 840.0, 840.0, 840.0, 840.0, 840.0, 840.0, 840.0, 840.0, 840.0, 840.0, 840.0, 840.0, 840.0], "core_freq": 840.0, "mem_freqs": [6501.0, 6501.0, 6501.0, 6501.0, 6501.0, 6501.0, 6501.0, 6501.0, 6501.0, 6501.0, 6501.0, 6501.0, 6501.0, 6501.0, 6501.0, 6501.0, 6501.0, 6501.0, 6501.0, 6501.0, 6501.0, 6501.0, 6501.0, 6501.0, 6501.0, 6501.0, 6501.0, 6501.0, 6501.0, 6501.0, 6501.0, 6501.0], "mem_freq": 6501.0, "temperatures": [60.0, 60.62057877813505, 61.30546623794212, 62.0, 62.0, 62.0, 62.0, 62.33587786259542, 63.0, 63.0, 63.0, 63.0, 63.0, 63.0, 63.0, 63.0, 63.0, 63.0, 63.0, 63.0, 63.0, 63.0, 63.0, 63.0, 63.0, 63.0, 63.0, 63.0, 63.0, 63.0, 63.51702786377709, 64.0], "temperature": 62.68059221070155, "time": 23.17923, "times": [23.153664, 23.209984, 23.187455999999997, 23.182336, 23.18848, 23.196672, 23.163904, 23.154688, 23.17824, 23.164928, 23.176192, 23.180287999999997, 23.185408, 23.165951999999997, 23.177215999999998, 23.173119999999997, 23.1864, 23.169024, 23.155711999999998, 23.175168, 23.194623999999997, 23.176192, 23.189504, 23.205887999999998, 23.18336, 23.173119999999997, 23.17824, 23.163871999999998, 23.160832, 23.208959999999998, 23.180287999999997, 23.195648], "pwr_core_freqs": [840.0], "pwr_core_freq": 840.0, "pwr_mem_freqs": [6501.0], "pwr_mem_freq": 6501.0, "pwr_temperatures": [63.969692211055275], "pwr_temperature": 63.969692211055275, "nvml_energy": 2.5965373446, "compile_time": 316.9421786442399, "verification_time": 0, "benchmark_time": 2556.7001197487116, "GFLOP/s": 5930.8487772889775, "strategy_time": 0.002003973349928856, "framework_time": 0.04148692823946476, "timestamp": "2024-02-11 02:01:06.159828+00:00"}, "total_framework_time": 1.6095135360956192, "total_strategy_time": 7440.774045418948, "total_compile_time": 8431.912086904049, "total_verification_time": 0, "total_benchmark_time": 113983.51042624563, "overhead_time": 507.66613497398794, "execution_time": 8.552474737167358}