{"platform_name": "NVIDIA CUDA", "platform_version": "OpenCL 3.0 CUDA 12.3.68", "device_name": "NVIDIA RTX A4000", "device_version": "OpenCL 3.0 CUDA", "opencl_c_version": "OpenCL C 1.2 ", "driver_version": "545.23.06", "iterations": 7, "compiler_options": ["-I/home/fjwillem/Code/kernel_tuner_paper/kernels/gemm_cltune_opencl/"], "best_config": {"nvml_gr_clock": 840, "nvml_mem_clock": 6501, "GEMMK": 0, "MWG": 64, "NWG": 128, "KWG": 16, "MDIMC": 16, "NDIMC": 8, "MDIMA": 16, "NDIMB": 16, "KWI": 2, "VWM": 2, "VWN": 4, "STRM": 1, "STRN": 0, "SA": 0, "SB": 1, "KREG": 1, "PRECISION": 32, "core_freqs": [840.0, 840.0, 840.0, 840.0, 840.0, 840.0, 840.0], "core_freq": 840.0, "mem_freqs": [6501.0, 6501.0, 6501.0, 6501.0, 6501.0, 6501.0, 6501.0], "mem_freq": 6501.0, "temperatures": [60.0, 60.60227272727273, 61.0, 61.0, 61.0, 61.362264150943396, 62.0], "temperature": 60.994933839745165, "time": 20.373796571428574, "times": [20.378624, 20.366336, 20.373504, 20.37248, 20.36224, 20.390912, 20.37248], "compile_time": 234.14853820577264, "verification_time": 0, "benchmark_time": 148.43488903716207, "GFLOP/s": 6747.51548745638, "strategy_time": 0.008866889402270317, "framework_time": 1.7344148363918066, "timestamp": "2024-03-15 15:46:10.114371+00:00"}, "total_framework_time": 309.38656092621386, "total_strategy_time": 345.42671078816056, "total_compile_time": 35733.28983108513, "total_verification_time": 0, "total_benchmark_time": 83022.57683151402, "overhead_time": 2586.4868767093867, "execution_time": 122.00856065750122}