{"device_name": "NVIDIA RTX A4000", "simulation": true, "simulated_time": 120776.40942391008, "best_config": {"nvml_gr_clock": 840, "nvml_mem_clock": 6501, "GEMMK": 0, "MWG": 128, "NWG": 128, "KWG": 32, "MDIMC": 16, "NDIMC": 8, "MDIMA": 8, "NDIMB": 16, "KWI": 2, "VWM": 8, "VWN": 4, "STRM": 0, "STRN": 0, "SA": 1, "SB": 1, "KREG": 1, "PRECISION": 32, "core_freqs": [840.0, 840.0, 840.0, 840.0, 840.0, 840.0, 840.0, 840.0, 840.0, 840.0, 840.0, 840.0, 840.0, 840.0, 840.0, 840.0, 840.0, 840.0, 840.0, 840.0, 840.0, 840.0, 840.0, 840.0, 840.0, 840.0, 840.0, 840.0, 840.0, 840.0, 840.0, 840.0], "core_freq": 840.0, "mem_freqs": [6501.0, 6501.0, 6501.0, 6501.0, 6501.0, 6501.0, 6501.0, 6501.0, 6501.0, 6501.0, 6501.0, 6501.0, 6501.0, 6501.0, 6501.0, 6501.0, 6501.0, 6501.0, 6501.0, 6501.0, 6501.0, 6501.0, 6501.0, 6501.0, 6501.0, 6501.0, 6501.0, 6501.0, 6501.0, 6501.0, 6501.0, 6501.0], "mem_freq": 6501.0, "temperatures": [53.0, 53.3474025974026, 54.0, 54.0, 54.66544117647059, 55.0, 55.0, 55.0, 55.0, 55.0, 55.0, 55.0, 55.0, 55.0, 55.0, 55.0, 55.89802631578947, 55.486988847583646, 55.29315960912052, 56.0, 56.0, 56.0, 56.0, 56.0, 56.0, 56.0, 56.0, 56.0, 56.0, 56.0, 56.0, 56.0], "temperature": 55.27159432957396, "time": 22.362591, "times": [22.342655999999998, 22.354944, 22.351872, 22.36928, 22.36416, 22.388704, 22.382592, 22.384639999999997, 22.393856, 22.407168, 22.385664, 22.358016, 22.354944, 22.365184, 22.336512, 22.339584, 22.362112, 22.34368, 22.336512, 22.338559999999998, 22.321151999999998, 22.322176, 22.340608, 22.340608, 22.346752, 22.366208, 22.366208, 22.367231999999998, 22.393856, 22.39488, 22.385664, 22.396928], "pwr_core_freqs": [840.0], "pwr_core_freq": 840.0, "pwr_mem_freqs": [6501.0], "pwr_mem_freq": 6501.0, "pwr_temperatures": [56.0], "pwr_temperature": 56.0, "nvml_energy": 2.113667376138, "compile_time": 290.90882558375597, "verification_time": 0, "benchmark_time": 2519.4897428154945, "GFLOP/s": 6147.432017336453, "strategy_time": 0.0017031561583280563, "framework_time": 0.04347087815403938, "timestamp": "2024-02-15 09:14:30.641620+00:00"}, "total_framework_time": 1.4681066386401653, "total_strategy_time": 7514.916204381734, "total_compile_time": 8048.591605387628, "total_verification_time": 0, "total_benchmark_time": 112727.81781852245, "overhead_time": 529.9036200158298, "execution_time": 8.629459619522095}