{"platform_name": "NVIDIA CUDA", "platform_version": "OpenCL 3.0 CUDA 12.3.68", "device_name": "NVIDIA RTX A4000", "device_version": "OpenCL 3.0 CUDA", "opencl_c_version": "OpenCL C 1.2 ", "driver_version": "545.23.06", "iterations": 7, "compiler_options": ["-I/home/fjwillem/Code/kernel_tuner_paper/kernels/gemm_cltune_opencl/"], "best_config": {"nvml_gr_clock": 840, "nvml_mem_clock": 6501, "GEMMK": 0, "MWG": 64, "NWG": 128, "KWG": 16, "MDIMC": 16, "NDIMC": 8, "MDIMA": 32, "NDIMB": 32, "KWI": 2, "VWM": 2, "VWN": 4, "STRM": 1, "STRN": 0, "SA": 1, "SB": 1, "KREG": 1, "PRECISION": 32, "core_freqs": [840.0, 840.0, 840.0, 840.0, 840.0, 840.0, 840.0], "core_freq": 840.0, "mem_freqs": [6501.0, 6501.0, 6501.0, 6501.0, 6501.0, 6501.0, 6501.0], "mem_freq": 6501.0, "temperatures": [58.0, 58.89, 59.0, 59.0, 59.84848484848485, 60.0, 60.0], "temperature": 59.24835497835498, "time": 19.131977142857142, "times": [19.134463999999998, 19.1232, 19.125248, 19.139584, 19.13344, 19.135488, 19.132416], "compile_time": 210.86452156305313, "verification_time": 0, "benchmark_time": 137.03910447657108, "GFLOP/s": 7185.483595213519, "strategy_time": 0.06178766489028931, "framework_time": 2.1456629037857056, "timestamp": "2024-07-09 09:46:24.518039+00:00"}, "total_framework_time": 663.7864261865616, "total_strategy_time": 729.9228850752115, "total_compile_time": 24070.485420525074, "total_verification_time": 0, "total_benchmark_time": 23425.563041120768, "overhead_time": 2912.3166259378195, "execution_time": 51.81308579444885}