{"device_name": "NVIDIA RTX A4000", "simulation": true, "simulated_time": 42614.477548981085, "best_config": {"nvml_gr_clock": 840, "nvml_mem_clock": 6501, "GEMMK": 0, "MWG": 128, "NWG": 128, "KWG": 32, "MDIMC": 16, "NDIMC": 16, "MDIMA": 16, "NDIMB": 16, "KWI": 2, "VWM": 2, "VWN": 8, "STRM": 1, "STRN": 1, "SA": 1, "SB": 0, "KREG": 1, "PRECISION": 32, "core_freqs": [840.0, 840.0, 840.0, 840.0, 840.0, 840.0, 840.0], "core_freq": 840.0, "mem_freqs": [6501.0, 6501.0, 6501.0, 6501.0, 6501.0, 6501.0, 6501.0], "mem_freq": 6501.0, "temperatures": [56.478873239436616, 57.0, 57.0, 57.722972972972975, 58.0, 58.0, 58.0], "temperature": 57.457406601772796, "time": 21.36546742857143, "times": [20.935679999999998, 21.124095999999998, 21.899264, 21.839872, 21.23264, 21.323776, 21.202944], "compile_time": 224.50048592872918, "verification_time": 0, "benchmark_time": 153.08633004315197, "GFLOP/s": 6434.331865829527, "strategy_time": 0.014977529644966125, "framework_time": 0.10829418897628784, "timestamp": "2024-03-16 01:00:29.801620+00:00"}, "total_framework_time": 12.696301564574242, "total_strategy_time": 4981.087597087026, "total_compile_time": 20672.954322071746, "total_verification_time": 0, "total_benchmark_time": 21941.52322690934, "overhead_time": 247.36052565276623, "execution_time": 5.3111937046051025}