{"platform_name": "NVIDIA CUDA", "platform_version": "OpenCL 3.0 CUDA 12.3.68", "device_name": "NVIDIA RTX A4000", "device_version": "OpenCL 3.0 CUDA", "opencl_c_version": "OpenCL C 1.2 ", "driver_version": "545.23.06", "iterations": 7, "compiler_options": ["-I/home/fjwillem/Code/kernel_tuner_paper/kernels/gemm_cltune_opencl/"], "best_config": {"nvml_gr_clock": 840, "nvml_mem_clock": 6501, "GEMMK": 0, "MWG": 128, "NWG": 128, "KWG": 16, "MDIMC": 8, "NDIMC": 16, "MDIMA": 8, "NDIMB": 32, "KWI": 2, "VWM": 2, "VWN": 2, "STRM": 1, "STRN": 1, "SA": 1, "SB": 1, "KREG": 1, "PRECISION": 32, "core_freqs": [840.0, 840.0, 840.0, 840.0, 840.0, 840.0, 840.0], "core_freq": 840.0, "mem_freqs": [6501.0, 6501.0, 6501.0, 6501.0, 6501.0, 6501.0, 6501.0], "mem_freq": 6501.0, "temperatures": [56.44155844155844, 57.0, 57.0, 57.63513513513514, 58.0, 58.0, 58.80701754385965], "temperature": 57.55481587436475, "time": 20.552827428571426, "times": [20.512767999999998, 20.544416, 20.548607999999998, 20.627392, 20.56192, 20.541439999999998, 20.533248], "compile_time": 502.4655517190695, "verification_time": 0, "benchmark_time": 148.8934401422739, "GFLOP/s": 6688.73946330582, "strategy_time": 0.011570751667022705, "framework_time": 1.0783225297927856, "timestamp": "2024-07-11 07:57:21.619881+00:00"}, "total_framework_time": 211.0228482633829, "total_strategy_time": 754.4240895658731, "total_compile_time": 29197.55494594574, "total_verification_time": 0, "total_benchmark_time": 24375.012516975403, "overhead_time": 2982.4787713587284, "execution_time": 57.53544592857361}