{"platform_name": "NVIDIA CUDA", "platform_version": "OpenCL 3.0 CUDA 12.3.68", "device_name": "NVIDIA RTX A4000", "device_version": "OpenCL 3.0 CUDA", "opencl_c_version": "OpenCL C 1.2 ", "driver_version": "545.23.06", "iterations": 7, "compiler_options": ["-I/home/fjwillem/Code/kernel_tuner_paper/kernels/gemm_cltune_opencl/"], "best_config": {"nvml_gr_clock": 840, "nvml_mem_clock": 6501, "GEMMK": 0, "MWG": 64, "NWG": 128, "KWG": 32, "MDIMC": 8, "NDIMC": 16, "MDIMA": 16, "NDIMB": 8, "KWI": 2, "VWM": 4, "VWN": 2, "STRM": 1, "STRN": 0, "SA": 1, "SB": 0, "KREG": 1, "PRECISION": 32, "core_freqs": [840.0, 840.0, 840.0, 840.0, 840.0, 840.0, 840.0], "core_freq": 840.0, "mem_freqs": [6501.0, 6501.0, 6501.0, 6501.0, 6501.0, 6501.0, 6501.0], "mem_freq": 6501.0, "temperatures": [56.0, 56.0, 56.90865384615385, 57.0, 57.0, 57.0, 57.517073170731706], "temperature": 56.775103859555074, "time": 20.120283428571422, "times": [20.17792, 20.061184, 20.101119999999998, 20.154367999999998, 20.093951999999998, 20.026367999999998, 20.227072], "compile_time": 68.29593889415264, "verification_time": 0, "benchmark_time": 143.89667101204395, "GFLOP/s": 6832.53336823202, "strategy_time": 0.061804428696632385, "framework_time": 1.8879175186157227, "timestamp": "2024-07-09 11:09:39.766471+00:00"}, "total_framework_time": 210.9251730144024, "total_strategy_time": 704.0102798491716, "total_compile_time": 25829.064060002565, "total_verification_time": 0, "total_benchmark_time": 21041.680498048663, "overhead_time": 2567.6970835775137, "execution_time": 50.36484169960022}