{"device_name": "NVIDIA RTX A4000", "simulation": true, "simulated_time": 122466.63797087967, "best_config": {"nvml_gr_clock": 840, "nvml_mem_clock": 6501, "GEMMK": 0, "MWG": 64, "NWG": 64, "KWG": 32, "MDIMC": 8, "NDIMC": 8, "MDIMA": 16, "NDIMB": 8, "KWI": 2, "VWM": 2, "VWN": 8, "STRM": 1, "STRN": 0, "SA": 1, "SB": 1, "KREG": 1, "PRECISION": 32, "core_freqs": [840.0, 840.0, 840.0, 840.0, 840.0, 840.0, 840.0, 840.0, 840.0, 840.0, 840.0, 840.0, 840.0, 840.0, 840.0, 840.0, 840.0, 840.0, 840.0, 840.0, 840.0, 840.0, 840.0, 840.0, 840.0, 840.0, 840.0, 840.0, 840.0, 840.0, 840.0, 840.0], "core_freq": 840.0, "mem_freqs": [6501.0, 6501.0, 6501.0, 6501.0, 6501.0, 6501.0, 6501.0, 6501.0, 6501.0, 6501.0, 6501.0, 6501.0, 6501.0, 6501.0, 6501.0, 6501.0, 6501.0, 6501.0, 6501.0, 6501.0, 6501.0, 6501.0, 6501.0, 6501.0, 6501.0, 6501.0, 6501.0, 6501.0, 6501.0, 6501.0, 6501.0, 6501.0], "mem_freq": 6501.0, "temperatures": [60.0, 60.0, 61.0, 61.0, 61.0, 61.19620253164557, 62.0, 62.0, 62.0, 62.0, 62.0, 62.0, 62.0, 62.0, 62.0, 62.0, 62.0, 62.0, 62.0, 62.0, 62.0, 62.966777408637874, 63.0, 63.0, 63.0, 63.0, 63.0, 63.0, 63.0, 63.0, 63.0, 63.0], "temperature": 62.09884312313386, "time": 23.184638, "times": [23.180287999999997, 23.182336, 23.181312, 23.184383999999998, 23.172096, 23.198719999999998, 23.189504, 23.173119999999997, 23.189504, 23.199744, 23.173119999999997, 23.175136, 23.18336, 23.18336, 23.186432, 23.1936, 23.179264, 23.191551999999998, 23.195615999999998, 23.175168, 23.17824, 23.174144, 23.20384, 23.179264, 23.174144, 23.165951999999997, 23.191551999999998, 23.196672, 23.192576, 23.185408, 23.18336, 23.195648], "pwr_core_freqs": [840.0], "pwr_core_freq": 840.0, "pwr_mem_freqs": [6501.0], "pwr_mem_freq": 6501.0, "pwr_temperatures": [63.0], "pwr_temperature": 63.0, "nvml_energy": 2.590906481138, "compile_time": 250.02150516957045, "verification_time": 0, "benchmark_time": 2561.095843091607, "GFLOP/s": 5929.465359950843, "strategy_time": 0.0017539132386446, "framework_time": 0.03999494947493076, "timestamp": "2024-02-12 18:26:51.982266+00:00"}, "total_framework_time": 1.5488227363675833, "total_strategy_time": 8625.353546114638, "total_compile_time": 8943.893163464963, "total_verification_time": 0, "total_benchmark_time": 113522.74480741471, "overhead_time": 516.6392840910703, "execution_time": 9.728280782699585}