{"device_name": "NVIDIA RTX A4000", "simulation": true, "simulated_time": 120703.11504416168, "best_config": {"nvml_gr_clock": 840, "nvml_mem_clock": 6501, "GEMMK": 0, "MWG": 64, "NWG": 64, "KWG": 16, "MDIMC": 16, "NDIMC": 8, "MDIMA": 8, "NDIMB": 8, "KWI": 2, "VWM": 4, "VWN": 8, "STRM": 0, "STRN": 0, "SA": 0, "SB": 1, "KREG": 1, "PRECISION": 32, "core_freqs": [840.0, 840.0, 840.0, 840.0, 840.0, 840.0, 840.0], "core_freq": 840.0, "mem_freqs": [6501.0, 6501.0, 6501.0, 6501.0, 6501.0, 6501.0, 6501.0], "mem_freq": 6501.0, "temperatures": [64.0, 64.0, 64.81786941580756, 65.0, 65.09183673469387, 66.0, 66.0], "temperature": 64.98710087864306, "time": 21.407881142857143, "times": [21.417984, 21.405696, 21.403648, 21.406688, 21.398495999999998, 21.414911999999998, 21.407743999999997], "compile_time": 185.56110095232725, "verification_time": 0, "benchmark_time": 153.13971205614507, "GFLOP/s": 6421.584041252418, "strategy_time": 0.0016828998923301697, "framework_time": 0.038702040910720825, "timestamp": "2024-03-15 13:18:27.227755+00:00"}, "total_framework_time": 7.760300533846021, "total_strategy_time": 4024.5829578489065, "total_compile_time": 43988.079224014655, "total_verification_time": 0, "total_benchmark_time": 76715.03582014702, "overhead_time": 250.1710804644972, "execution_time": 4.346529960632324}