{"platform_name": "NVIDIA CUDA", "platform_version": "OpenCL 3.0 CUDA 12.3.68", "device_name": "NVIDIA RTX A4000", "device_version": "OpenCL 3.0 CUDA", "opencl_c_version": "OpenCL C 1.2 ", "driver_version": "545.23.06", "iterations": 7, "compiler_options": ["-I/home/fjwillem/Code/kernel_tuner_paper/kernels/gemm_cltune_opencl/"], "best_config": {"nvml_gr_clock": 840, "nvml_mem_clock": 6501, "GEMMK": 0, "MWG": 64, "NWG": 64, "KWG": 32, "MDIMC": 8, "NDIMC": 8, "MDIMA": 16, "NDIMB": 16, "KWI": 2, "VWM": 4, "VWN": 2, "STRM": 0, "STRN": 1, "SA": 0, "SB": 0, "KREG": 1, "PRECISION": 32, "core_freqs": [840.0, 840.0, 840.0, 840.0, 840.0, 840.0, 840.0], "core_freq": 840.0, "mem_freqs": [6501.0, 6501.0, 6501.0, 6501.0, 6501.0, 6501.0, 6501.0], "mem_freq": 6501.0, "temperatures": [61.353191489361706, 62.09252669039146, 63.0, 63.0, 63.0, 63.0, 63.443636363636365], "temperature": 62.69847922048422, "time": 25.25432685714285, "times": [25.251839999999998, 25.443327999999998, 25.249792, 25.240575999999997, 25.218048, 25.235456, 25.141247999999997], "compile_time": 192.28868559002876, "verification_time": 0, "benchmark_time": 179.6011347323656, "GFLOP/s": 5443.522952785325, "strategy_time": 0.05508400499820709, "framework_time": 1.8623247742652893, "timestamp": "2024-07-09 09:30:49.387161+00:00"}, "total_framework_time": 190.59391506016254, "total_strategy_time": 674.5859123766422, "total_compile_time": 22444.015188142657, "total_verification_time": 0, "total_benchmark_time": 30543.69061999023, "overhead_time": 2801.8345404416323, "execution_time": 56.665401220321655}