{"platform_name": "NVIDIA CUDA", "platform_version": "OpenCL 3.0 CUDA 12.3.68", "device_name": "NVIDIA RTX A4000", "device_version": "OpenCL 3.0 CUDA", "opencl_c_version": "OpenCL C 1.2 ", "driver_version": "545.23.06", "iterations": 7, "compiler_options": ["-I/home/fjwillem/Code/kernel_tuner_paper/kernels/gemm_cltune_opencl/"], "best_config": {"nvml_gr_clock": 840, "nvml_mem_clock": 6501, "GEMMK": 0, "MWG": 64, "NWG": 128, "KWG": 16, "MDIMC": 8, "NDIMC": 16, "MDIMA": 8, "NDIMB": 16, "KWI": 2, "VWM": 4, "VWN": 4, "STRM": 0, "STRN": 1, "SA": 1, "SB": 1, "KREG": 1, "PRECISION": 32, "core_freqs": [840.0, 840.0, 840.0, 840.0, 840.0, 840.0, 840.0], "core_freq": 840.0, "mem_freqs": [6501.0, 6501.0, 6501.0, 6501.0, 6501.0, 6501.0, 6501.0], "mem_freq": 6501.0, "temperatures": [60.0, 60.13703703703704, 61.0, 61.0, 61.360594795539036, 62.0, 62.0], "temperature": 61.071090261796584, "time": 21.207917714285713, "times": [21.215232, 21.208064, 21.203968, 21.20704, 21.209087999999998, 21.202944, 21.209087999999998], "compile_time": 218.24332396499813, "verification_time": 0, "benchmark_time": 152.7656081598252, "GFLOP/s": 6482.131332082552, "strategy_time": 0.009287847205996513, "framework_time": 1.6342171002179384, "timestamp": "2024-03-15 16:41:54.170800+00:00"}, "total_framework_time": 326.3179196510464, "total_strategy_time": 329.09555290825665, "total_compile_time": 39266.57180511393, "total_verification_time": 0, "total_benchmark_time": 79590.7281623222, "overhead_time": 2573.9456829614937, "execution_time": 122.09760618209839}