{"device_name": "NVIDIA RTX A4000", "simulation": true, "simulated_time": 120248.78056463785, "best_config": {"nvml_gr_clock": 840, "nvml_mem_clock": 6501, "GEMMK": 0, "MWG": 128, "NWG": 128, "KWG": 32, "MDIMC": 8, "NDIMC": 16, "MDIMA": 16, "NDIMB": 8, "KWI": 2, "VWM": 4, "VWN": 8, "STRM": 1, "STRN": 1, "SA": 1, "SB": 1, "KREG": 1, "PRECISION": 32, "core_freqs": [840.0, 840.0, 840.0, 840.0, 840.0, 840.0, 840.0], "core_freq": 840.0, "mem_freqs": [6501.0, 6501.0, 6501.0, 6501.0, 6501.0, 6501.0, 6501.0], "mem_freq": 6501.0, "temperatures": [52.0, 52.84375, 53.35361216730038, 54.0, 54.0, 54.0, 54.0], "temperature": 53.45676602390006, "time": 20.166509714285713, "times": [20.166656, 20.165632, 20.184064, 20.155392, 20.158464, 20.165632, 20.169728], "compile_time": 375.4828341770917, "verification_time": 0, "benchmark_time": 145.0753710232675, "GFLOP/s": 6816.871627846247, "strategy_time": 0.0016628764569759369, "framework_time": 0.04090624861419201, "timestamp": "2024-03-16 00:01:31.098825+00:00"}, "total_framework_time": 8.292585611343384, "total_strategy_time": 3765.776242595166, "total_compile_time": 47935.81864936277, "total_verification_time": 0, "total_benchmark_time": 72312.96191527508, "overhead_time": 265.2274596039206, "execution_time": 4.103250026702881}