{"platform_name": "NVIDIA CUDA", "platform_version": "OpenCL 3.0 CUDA 12.3.68", "device_name": "NVIDIA RTX A4000", "device_version": "OpenCL 3.0 CUDA", "opencl_c_version": "OpenCL C 1.2 ", "driver_version": "545.23.06", "iterations": 7, "compiler_options": ["-I/home/fjwillem/Code/kernel_tuner_paper/kernels/gemm_cltune_opencl/"], "best_config": {"nvml_gr_clock": 840, "nvml_mem_clock": 6501, "GEMMK": 0, "MWG": 64, "NWG": 64, "KWG": 16, "MDIMC": 8, "NDIMC": 8, "MDIMA": 16, "NDIMB": 32, "KWI": 2, "VWM": 4, "VWN": 1, "STRM": 1, "STRN": 0, "SA": 1, "SB": 1, "KREG": 1, "PRECISION": 32, "core_freqs": [840.0, 840.0, 840.0, 840.0, 840.0, 840.0, 840.0], "core_freq": 840.0, "mem_freqs": [6501.0, 6501.0, 6501.0, 6501.0, 6501.0, 6501.0, 6501.0], "mem_freq": 6501.0, "temperatures": [55.0, 56.13502109704641, 57.0, 57.0, 57.515151515151516, 58.0, 58.0], "temperature": 56.95002465888542, "time": 19.372466285714285, "times": [19.377152, 19.371008, 19.366912, 19.371008, 19.376127999999998, 19.372, 19.373056], "compile_time": 280.6387823075056, "verification_time": 0, "benchmark_time": 137.93099485337734, "GFLOP/s": 7096.2832442958215, "strategy_time": 0.057930126786231995, "framework_time": 1.7973016947507858, "timestamp": "2024-07-08 14:35:35.764622+00:00"}, "total_framework_time": 210.37893742322922, "total_strategy_time": 697.1403155475855, "total_compile_time": 29013.548258692026, "total_verification_time": 0, "total_benchmark_time": 24063.86605463922, "overhead_time": 2579.2355369776487, "execution_time": 56.5777382850647}