{"platform_name": "NVIDIA CUDA", "platform_version": "OpenCL 3.0 CUDA 12.3.68", "device_name": "NVIDIA RTX A4000", "device_version": "OpenCL 3.0 CUDA", "opencl_c_version": "OpenCL C 1.2 ", "driver_version": "545.23.06", "iterations": 7, "compiler_options": ["-I/home/fjwillem/Code/kernel_tuner_paper/kernels/gemm_cltune_opencl/"], "best_config": {"nvml_gr_clock": 840, "nvml_mem_clock": 6501, "GEMMK": 0, "MWG": 128, "NWG": 128, "KWG": 16, "MDIMC": 8, "NDIMC": 16, "MDIMA": 32, "NDIMB": 8, "KWI": 2, "VWM": 1, "VWN": 8, "STRM": 1, "STRN": 0, "SA": 1, "SB": 0, "KREG": 1, "PRECISION": 32, "core_freqs": [840.0, 840.0, 840.0, 840.0, 840.0, 840.0, 840.0], "core_freq": 840.0, "mem_freqs": [6501.0, 6501.0, 6501.0, 6501.0, 6501.0, 6501.0, 6501.0], "mem_freq": 6501.0, "temperatures": [56.0, 56.0, 56.711711711711715, 57.0, 57.0, 57.878787878787875, 58.0], "temperature": 56.94149994149994, "time": 20.779885714285715, "times": [20.7872, 20.781056, 20.780032, 20.774912, 20.779007999999997, 20.77696, 20.780032], "compile_time": 566.8010488152504, "verification_time": 0, "benchmark_time": 147.64252863824368, "GFLOP/s": 6615.652741992256, "strategy_time": 0.05375035107135773, "framework_time": 1.6152095049619675, "timestamp": "2024-07-09 11:14:22.969734+00:00"}, "total_framework_time": 193.94833222031593, "total_strategy_time": 691.5556881576777, "total_compile_time": 34006.36739470065, "total_verification_time": 0, "total_benchmark_time": 21636.778343468904, "overhead_time": 2736.837662756443, "execution_time": 59.279685974121094}