{"device_name": "NVIDIA RTX A4000", "simulation": true, "simulated_time": 50833.70306226425, "best_config": {"nvml_gr_clock": 840, "nvml_mem_clock": 6501, "GEMMK": 0, "MWG": 32, "NWG": 128, "KWG": 16, "MDIMC": 8, "NDIMC": 8, "MDIMA": 8, "NDIMB": 32, "KWI": 2, "VWM": 4, "VWN": 4, "STRM": 1, "STRN": 0, "SA": 0, "SB": 1, "KREG": 1, "PRECISION": 32, "core_freqs": [840.0, 840.0, 840.0, 840.0, 840.0, 840.0, 840.0], "core_freq": 840.0, "mem_freqs": [6501.0, 6501.0, 6501.0, 6501.0, 6501.0, 6501.0, 6501.0], "mem_freq": 6501.0, "temperatures": [58.76888888888889, 59.0, 59.0, 60.0, 60.0, 60.11914893617021, 61.0], "temperature": 59.698291117865594, "time": 20.469467428571427, "times": [20.475904, 20.470784, 20.467712, 20.458496, 20.467712, 20.489216, 20.456447999999998], "compile_time": 317.2964579425752, "verification_time": 0, "benchmark_time": 146.68713510036469, "GFLOP/s": 6715.978731919274, "strategy_time": 0.005258247256278992, "framework_time": 0.10148249566555023, "timestamp": "2024-03-15 09:31:08.649835+00:00"}, "total_framework_time": 12.903714552521706, "total_strategy_time": 4976.458851248026, "total_compile_time": 28889.88338597119, "total_verification_time": 0, "total_benchmark_time": 21943.81967629306, "overhead_time": 265.7800726592541, "execution_time": 5.3274757862091064}