{"device_name": "NVIDIA RTX A4000", "simulation": true, "simulated_time": 120050.52424687892, "best_config": {"nvml_gr_clock": 840, "nvml_mem_clock": 6501, "GEMMK": 0, "MWG": 128, "NWG": 128, "KWG": 32, "MDIMC": 16, "NDIMC": 8, "MDIMA": 8, "NDIMB": 16, "KWI": 2, "VWM": 8, "VWN": 2, "STRM": 1, "STRN": 1, "SA": 1, "SB": 1, "KREG": 1, "PRECISION": 32, "core_freqs": [840.0, 840.0, 840.0, 840.0, 840.0, 840.0, 840.0], "core_freq": 840.0, "mem_freqs": [6501.0, 6501.0, 6501.0, 6501.0, 6501.0, 6501.0, 6501.0], "mem_freq": 6501.0, "temperatures": [54.0, 54.0, 54.312, 55.0, 55.0, 55.0, 55.0], "temperature": 54.616, "time": 19.77840457142857, "times": [19.779584, 19.781599999999997, 19.77856, 19.781632, 19.77344, 19.777504, 19.776512], "compile_time": 391.208962071687, "verification_time": 0, "benchmark_time": 142.4302679952234, "GFLOP/s": 6950.636862924203, "strategy_time": 0.0016230624169111252, "framework_time": 0.03979494795203209, "timestamp": "2024-03-16 00:36:28.251826+00:00"}, "total_framework_time": 8.034692145884037, "total_strategy_time": 4041.251031216234, "total_compile_time": 47179.675958817825, "total_verification_time": 0, "total_benchmark_time": 72870.8482880611, "overhead_time": 240.92599749565125, "execution_time": 4.352616310119629}