{"platform_name": "NVIDIA CUDA", "platform_version": "OpenCL 3.0 CUDA 12.3.68", "device_name": "NVIDIA RTX A4000", "device_version": "OpenCL 3.0 CUDA", "opencl_c_version": "OpenCL C 1.2 ", "driver_version": "545.23.06", "iterations": 7, "compiler_options": ["-I/home/fjwillem/Code/kernel_tuner_paper/kernels/gemm_cltune_opencl/"], "best_config": {"nvml_gr_clock": 840, "nvml_mem_clock": 6501, "GEMMK": 0, "MWG": 64, "NWG": 128, "KWG": 16, "MDIMC": 16, "NDIMC": 8, "MDIMA": 8, "NDIMB": 16, "KWI": 2, "VWM": 4, "VWN": 4, "STRM": 0, "STRN": 0, "SA": 0, "SB": 1, "KREG": 1, "PRECISION": 32, "core_freqs": [840.0, 840.0, 840.0, 840.0, 840.0, 840.0, 840.0], "core_freq": 840.0, "mem_freqs": [6501.0, 6501.0, 6501.0, 6501.0, 6501.0, 6501.0, 6501.0], "mem_freq": 6501.0, "temperatures": [58.0, 58.92070484581498, 59.0, 59.085585585585584, 60.0, 60.0, 60.0], "temperature": 59.2866129187715, "time": 20.64822857142857, "times": [20.665343999999997, 20.646912, 20.653056, 20.643839999999997, 20.645888, 20.626431999999998, 20.656128], "compile_time": 194.40164603292942, "verification_time": 0, "benchmark_time": 147.3606899380684, "GFLOP/s": 6657.83543747786, "strategy_time": 0.027552247047424316, "framework_time": 1.03822723031044, "timestamp": "2024-07-11 08:12:09.773117+00:00"}, "total_framework_time": 231.14797286689281, "total_strategy_time": 775.8206147700548, "total_compile_time": 25044.620361179113, "total_verification_time": 0, "total_benchmark_time": 28776.94329805672, "overhead_time": 3960.535869002342, "execution_time": 58.804100036621094}