{"platform_name": "NVIDIA CUDA", "platform_version": "OpenCL 3.0 CUDA 12.3.68", "device_name": "NVIDIA RTX A4000", "device_version": "OpenCL 3.0 CUDA", "opencl_c_version": "OpenCL C 1.2 ", "driver_version": "545.23.06", "iterations": 7, "compiler_options": ["-I/home/fjwillem/Code/kernel_tuner_paper/kernels/gemm_cltune_opencl/"], "best_config": {"nvml_gr_clock": 840, "nvml_mem_clock": 6501, "GEMMK": 0, "MWG": 64, "NWG": 128, "KWG": 32, "MDIMC": 8, "NDIMC": 16, "MDIMA": 16, "NDIMB": 16, "KWI": 2, "VWM": 4, "VWN": 2, "STRM": 0, "STRN": 1, "SA": 0, "SB": 0, "KREG": 1, "PRECISION": 32, "core_freqs": [840.0, 840.0, 840.0, 840.0, 840.0, 840.0, 840.0], "core_freq": 840.0, "mem_freqs": [6501.0, 6501.0, 6501.0, 6501.0, 6501.0, 6501.0, 6501.0], "mem_freq": 6501.0, "temperatures": [56.090196078431376, 57.0, 57.0, 57.78656126482213, 58.0, 58.0, 58.0], "temperature": 57.41096533475051, "time": 25.325567999999997, "times": [25.327616, 25.464831999999998, 25.250816, 25.501696, 25.146368, 25.32352, 25.264128], "compile_time": 247.86920472979546, "verification_time": 0, "benchmark_time": 180.80827593803406, "GFLOP/s": 5428.210253922045, "strategy_time": 0.03513693809509277, "framework_time": 1.077212393283844, "timestamp": "2024-07-09 10:29:09.721029+00:00"}, "total_framework_time": 225.2101507037878, "total_strategy_time": 724.6876154094934, "total_compile_time": 23556.744880974293, "total_verification_time": 0, "total_benchmark_time": 30701.442619785666, "overhead_time": 2918.6214301735163, "execution_time": 58.14156460762024}