{"device_name": "NVIDIA RTX A4000", "simulation": true, "simulated_time": 120178.023586981, "best_config": {"nvml_gr_clock": 840, "nvml_mem_clock": 6501, "GEMMK": 0, "MWG": 64, "NWG": 128, "KWG": 16, "MDIMC": 8, "NDIMC": 16, "MDIMA": 16, "NDIMB": 8, "KWI": 2, "VWM": 2, "VWN": 4, "STRM": 1, "STRN": 1, "SA": 1, "SB": 1, "KREG": 1, "PRECISION": 32, "core_freqs": [840.0, 840.0, 840.0, 840.0, 840.0, 840.0, 840.0], "core_freq": 840.0, "mem_freqs": [6501.0, 6501.0, 6501.0, 6501.0, 6501.0, 6501.0, 6501.0], "mem_freq": 6501.0, "temperatures": [58.0, 59.0, 59.52452830188679, 60.0, 60.0, 60.0, 60.06037735849057], "temperature": 59.512129380053906, "time": 19.99316114285714, "times": [20.011008, 19.987455999999998, 19.995648, 19.9936, 19.977216, 19.992576, 19.994623999999998], "compile_time": 343.46291702240705, "verification_time": 0, "benchmark_time": 143.73322809115052, "GFLOP/s": 6875.97658627956, "strategy_time": 0.001742970198392868, "framework_time": 0.045354943722486496, "timestamp": "2024-03-15 15:08:02.555607+00:00"}, "total_framework_time": 8.364657871425152, "total_strategy_time": 3842.7532422356308, "total_compile_time": 46121.31256936118, "total_verification_time": 0, "total_benchmark_time": 74056.71101761982, "overhead_time": 236.56902182847261, "execution_time": 4.149937152862549}