{"device_name": "NVIDIA RTX A4000", "simulation": true, "simulated_time": 56327.32472103089, "best_config": {"nvml_gr_clock": 840, "nvml_mem_clock": 6501, "GEMMK": 0, "MWG": 32, "NWG": 128, "KWG": 16, "MDIMC": 8, "NDIMC": 8, "MDIMA": 8, "NDIMB": 16, "KWI": 2, "VWM": 4, "VWN": 4, "STRM": 1, "STRN": 1, "SA": 0, "SB": 1, "KREG": 1, "PRECISION": 32, "core_freqs": [840.0, 840.0, 840.0, 840.0, 840.0, 840.0, 840.0], "core_freq": 840.0, "mem_freqs": [6501.0, 6501.0, 6501.0, 6501.0, 6501.0, 6501.0, 6501.0], "mem_freq": 6501.0, "temperatures": [58.0, 58.50222222222222, 59.0, 59.96830985915493, 60.0, 60.0, 60.0], "temperature": 59.35293315448245, "time": 20.90773942857143, "times": [20.92544, 20.89472, 20.891648, 20.905984, 20.922368, 20.909056, 20.90496], "compile_time": 324.3610761128366, "verification_time": 0, "benchmark_time": 150.08449484594166, "GFLOP/s": 6575.1971117517, "strategy_time": 0.005491077899932861, "framework_time": 0.10635517537593842, "timestamp": "2024-03-15 09:29:42.640762+00:00"}, "total_framework_time": 13.01683858036995, "total_strategy_time": 4895.465407520533, "total_compile_time": 31697.864409303293, "total_verification_time": 0, "total_benchmark_time": 24629.4603117276, "overhead_time": 267.5514295697212, "execution_time": 5.242472171783447}