{"platform_name": "NVIDIA CUDA", "platform_version": "OpenCL 3.0 CUDA 12.3.68", "device_name": "NVIDIA RTX A4000", "device_version": "OpenCL 3.0 CUDA", "opencl_c_version": "OpenCL C 1.2 ", "driver_version": "545.23.06", "iterations": 7, "compiler_options": ["-I/home/fjwillem/Code/kernel_tuner_paper/kernels/gemm_cltune_opencl/"], "best_config": {"nvml_gr_clock": 840, "nvml_mem_clock": 6501, "GEMMK": 0, "MWG": 128, "NWG": 128, "KWG": 16, "MDIMC": 16, "NDIMC": 8, "MDIMA": 16, "NDIMB": 32, "KWI": 2, "VWM": 2, "VWN": 1, "STRM": 1, "STRN": 1, "SA": 0, "SB": 1, "KREG": 1, "PRECISION": 32, "core_freqs": [840.0, 840.0, 840.0, 840.0, 840.0, 840.0, 840.0], "core_freq": 840.0, "mem_freqs": [6501.0, 6501.0, 6501.0, 6501.0, 6501.0, 6501.0, 6501.0], "mem_freq": 6501.0, "temperatures": [57.01015228426396, 58.0, 58.0, 58.333333333333336, 59.0, 59.0, 59.0], "temperature": 58.33478365965676, "time": 21.964059428571428, "times": [21.97296, 21.95456, 21.970912, 21.957632, 21.966848, 21.963776, 21.961727999999997], "compile_time": 421.7786192893982, "verification_time": 0, "benchmark_time": 158.4277842193842, "GFLOP/s": 6258.975411675136, "strategy_time": 0.05504488945007324, "framework_time": 1.781471073627472, "timestamp": "2024-07-09 10:37:37.219149+00:00"}, "total_framework_time": 192.70898401737213, "total_strategy_time": 710.9316065907478, "total_compile_time": 32513.761742040515, "total_verification_time": 0, "total_benchmark_time": 28690.17076306045, "overhead_time": 3453.825743868947, "execution_time": 65.57326817512512}