{"device_name": "NVIDIA RTX A4000", "simulation": true, "simulated_time": 120809.3549227342, "best_config": {"nvml_gr_clock": 840, "nvml_mem_clock": 6501, "GEMMK": 0, "MWG": 64, "NWG": 128, "KWG": 16, "MDIMC": 8, "NDIMC": 16, "MDIMA": 16, "NDIMB": 16, "KWI": 2, "VWM": 4, "VWN": 2, "STRM": 1, "STRN": 1, "SA": 1, "SB": 1, "KREG": 1, "PRECISION": 32, "core_freqs": [840.0, 840.0, 840.0, 840.0, 840.0, 840.0, 840.0, 840.0, 840.0, 840.0, 840.0, 840.0, 840.0, 840.0, 840.0, 840.0, 840.0, 840.0, 840.0, 840.0, 840.0, 840.0, 840.0, 840.0, 840.0, 840.0, 840.0, 840.0, 840.0, 840.0, 840.0, 840.0], "core_freq": 840.0, "mem_freqs": [6501.0, 6501.0, 6501.0, 6501.0, 6501.0, 6501.0, 6501.0, 6501.0, 6501.0, 6501.0, 6501.0, 6501.0, 6501.0, 6501.0, 6501.0, 6501.0, 6501.0, 6501.0, 6501.0, 6501.0, 6501.0, 6501.0, 6501.0, 6501.0, 6501.0, 6501.0, 6501.0, 6501.0, 6501.0, 6501.0, 6501.0, 6501.0], "mem_freq": 6501.0, "temperatures": [61.0, 61.0, 61.63235294117647, 62.0, 62.0, 62.0, 62.17153284671533, 63.0, 63.0, 63.0, 63.0, 63.0, 63.0, 63.0, 63.0, 63.0, 63.0, 63.0, 63.0, 63.0, 63.0, 63.0, 63.0, 63.0, 63.343396226415095, 64.0, 64.0, 64.0, 64.0, 64.0, 64.0, 64.0], "temperature": 62.94210256294709, "time": 19.740416, "times": [19.759104, 19.733504, 19.74784, 19.728384, 19.736576, 19.749888, 19.7376, 19.744768, 19.743744, 19.736576, 19.728384, 19.741695999999997, 19.729408, 19.741695999999997, 19.746816, 19.740672, 19.738623999999998, 19.731455999999998, 19.74784, 19.739648, 19.745791999999998, 19.735552, 19.738623999999998, 19.74784, 19.739648, 19.74784, 19.735552, 19.735552, 19.739648, 19.73248, 19.74272, 19.74784], "pwr_core_freqs": [840.0], "pwr_core_freq": 840.0, "pwr_mem_freqs": [6501.0], "pwr_mem_freq": 6501.0, "pwr_temperatures": [64.0], "pwr_temperature": 64.0, "nvml_energy": 2.153857049344, "compile_time": 310.73683872818947, "verification_time": 0, "benchmark_time": 2436.010959558189, "GFLOP/s": 6964.01270895203, "strategy_time": 0.0018940772861242294, "framework_time": 0.0431800726801157, "timestamp": "2024-02-13 02:53:02.368757+00:00"}, "total_framework_time": 1.569641288369894, "total_strategy_time": 8397.055370733142, "total_compile_time": 8529.715461656451, "total_verification_time": 0, "total_benchmark_time": 112279.63946107775, "overhead_time": 521.5841541066766, "execution_time": 9.51910138130188}