{"device_name": "NVIDIA RTX A4000", "simulation": true, "simulated_time": 80726.9983633887, "best_config": {"nvml_gr_clock": 840, "nvml_mem_clock": 6501, "GEMMK": 0, "MWG": 64, "NWG": 128, "KWG": 16, "MDIMC": 8, "NDIMC": 8, "MDIMA": 32, "NDIMB": 32, "KWI": 2, "VWM": 2, "VWN": 1, "STRM": 0, "STRN": 0, "SA": 0, "SB": 1, "KREG": 1, "PRECISION": 32, "core_freqs": [840.0, 840.0, 840.0, 840.0, 840.0, 840.0, 840.0], "core_freq": 840.0, "mem_freqs": [6501.0, 6501.0, 6501.0, 6501.0, 6501.0, 6501.0, 6501.0], "mem_freq": 6501.0, "temperatures": [53.0, 53.77157360406091, 54.0, 54.81018518518518, 55.0, 55.0, 55.0], "temperature": 54.36882268417802, "time": 29.68692571428571, "times": [29.68064, 29.692928, 29.686784, 29.68064, 29.688831999999998, 29.691872, 29.686784], "compile_time": 581.2839211430401, "verification_time": 0, "benchmark_time": 211.0305610112846, "GFLOP/s": 4630.74247657266, "strategy_time": 0.014236196875572205, "framework_time": 0.10966695845127106, "timestamp": "2024-03-15 14:52:33.971433+00:00"}, "total_framework_time": 12.888951227068901, "total_strategy_time": 5178.687423467636, "total_compile_time": 33372.73796531372, "total_verification_time": 0, "total_benchmark_time": 47354.260398074985, "overhead_time": 260.52446104586124, "execution_time": 5.518651723861694}