{"device_name": "NVIDIA RTX A4000", "simulation": true, "simulated_time": 52935.87965797633, "best_config": {"nvml_gr_clock": 840, "nvml_mem_clock": 6501, "GEMMK": 0, "MWG": 64, "NWG": 128, "KWG": 32, "MDIMC": 8, "NDIMC": 8, "MDIMA": 8, "NDIMB": 8, "KWI": 2, "VWM": 8, "VWN": 4, "STRM": 0, "STRN": 1, "SA": 0, "SB": 1, "KREG": 1, "PRECISION": 32, "core_freqs": [840.0, 840.0, 840.0, 840.0, 840.0, 840.0, 840.0], "core_freq": 840.0, "mem_freqs": [6501.0, 6501.0, 6501.0, 6501.0, 6501.0, 6501.0, 6501.0], "mem_freq": 6501.0, "temperatures": [55.50191570881226, 56.01683501683502, 57.0, 57.0, 57.0, 57.0, 57.0], "temperature": 56.645535817949614, "time": 21.66272, "times": [21.572608, 21.724159999999998, 21.669888, 21.630976, 21.737472, 21.633024, 21.670911999999998], "compile_time": 309.4288380816579, "verification_time": 0, "benchmark_time": 155.14859301038086, "GFLOP/s": 6346.040935948949, "strategy_time": 0.0051800161600112915, "framework_time": 0.10285153985023499, "timestamp": "2024-03-15 15:44:17.494302+00:00"}, "total_framework_time": 12.658366933465004, "total_strategy_time": 4908.356076106429, "total_compile_time": 28196.58629805781, "total_verification_time": 0, "total_benchmark_time": 24739.29335991852, "overhead_time": 278.30035239458084, "execution_time": 5.264330863952637}