{"device_name": "NVIDIA RTX A4000", "simulation": true, "simulated_time": 120185.18937542103, "best_config": {"nvml_gr_clock": 840, "nvml_mem_clock": 6501, "GEMMK": 0, "MWG": 64, "NWG": 64, "KWG": 16, "MDIMC": 16, "NDIMC": 8, "MDIMA": 8, "NDIMB": 8, "KWI": 2, "VWM": 4, "VWN": 4, "STRM": 0, "STRN": 1, "SA": 0, "SB": 1, "KREG": 1, "PRECISION": 32, "core_freqs": [840.0, 840.0, 840.0, 840.0, 840.0, 840.0, 840.0], "core_freq": 840.0, "mem_freqs": [6501.0, 6501.0, 6501.0, 6501.0, 6501.0, 6501.0, 6501.0], "mem_freq": 6501.0, "temperatures": [64.0, 64.0, 64.42756183745583, 65.0, 65.97872340425532, 66.0, 66.0], "temperature": 65.05804074881588, "time": 20.951917714285713, "times": [20.95616, 20.952064, 20.943872, 20.959232, 20.957183999999998, 20.95104, 20.943872], "compile_time": 184.00410190224648, "verification_time": 0, "benchmark_time": 152.5582019239664, "GFLOP/s": 6561.33294234287, "strategy_time": 0.0017629936337471008, "framework_time": 0.04188902676105499, "timestamp": "2024-03-15 13:18:23.018904+00:00"}, "total_framework_time": 8.0978584010154, "total_strategy_time": 4048.587028635666, "total_compile_time": 46713.977730832994, "total_verification_time": 0, "total_benchmark_time": 73471.21164458804, "overhead_time": 243.42310917563736, "execution_time": 4.3664891719818115}