{"platform_name": "NVIDIA CUDA", "platform_version": "OpenCL 3.0 CUDA 12.3.68", "device_name": "NVIDIA RTX A4000", "device_version": "OpenCL 3.0 CUDA", "opencl_c_version": "OpenCL C 1.2 ", "driver_version": "545.23.06", "iterations": 7, "compiler_options": ["-I/home/fjwillem/Code/kernel_tuner_paper/kernels/gemm_cltune_opencl/"], "best_config": {"nvml_gr_clock": 840, "nvml_mem_clock": 6501, "GEMMK": 0, "MWG": 128, "NWG": 128, "KWG": 32, "MDIMC": 16, "NDIMC": 8, "MDIMA": 8, "NDIMB": 32, "KWI": 2, "VWM": 2, "VWN": 4, "STRM": 1, "STRN": 0, "SA": 1, "SB": 1, "KREG": 1, "PRECISION": 32, "core_freqs": [840.0, 840.0, 840.0, 840.0, 840.0, 840.0, 840.0], "core_freq": 840.0, "mem_freqs": [6501.0, 6501.0, 6501.0, 6501.0, 6501.0, 6501.0, 6501.0], "mem_freq": 6501.0, "temperatures": [55.0, 55.0, 55.578947368421055, 56.0, 56.0, 56.0, 56.237037037037034], "temperature": 55.6879977722083, "time": 19.373344, "times": [19.383295999999998, 19.373023999999997, 19.36384, 19.369984, 19.359744, 19.388416, 19.375104], "compile_time": 419.5113501045853, "verification_time": 0, "benchmark_time": 142.99101708456874, "GFLOP/s": 7095.961745375501, "strategy_time": 0.006692949682474136, "framework_time": 1.339305890724063, "timestamp": "2024-03-15 15:07:01.711470+00:00"}, "total_framework_time": 310.682138428092, "total_strategy_time": 354.62303133681417, "total_compile_time": 40864.95691072196, "total_verification_time": 0, "total_benchmark_time": 77209.66063532978, "overhead_time": 3464.107452193275, "execution_time": 122.21422362327576}