{"platform_name": "NVIDIA CUDA", "platform_version": "OpenCL 3.0 CUDA 12.3.68", "device_name": "NVIDIA RTX A4000", "device_version": "OpenCL 3.0 CUDA", "opencl_c_version": "OpenCL C 1.2 ", "driver_version": "545.23.06", "iterations": 7, "compiler_options": ["-I/home/fjwillem/Code/kernel_tuner_paper/kernels/gemm_cltune_opencl/"], "best_config": {"nvml_gr_clock": 840, "nvml_mem_clock": 6501, "GEMMK": 0, "MWG": 64, "NWG": 64, "KWG": 16, "MDIMC": 8, "NDIMC": 8, "MDIMA": 16, "NDIMB": 8, "KWI": 2, "VWM": 4, "VWN": 2, "STRM": 1, "STRN": 0, "SA": 1, "SB": 0, "KREG": 1, "PRECISION": 32, "core_freqs": [840.0, 840.0, 840.0, 840.0, 840.0, 840.0, 840.0], "core_freq": 840.0, "mem_freqs": [6501.0, 6501.0, 6501.0, 6501.0, 6501.0, 6501.0, 6501.0], "mem_freq": 6501.0, "temperatures": [61.0, 61.95220588235294, 62.0, 62.0, 62.0, 62.76923076923077, 63.0], "temperature": 62.103062378797674, "time": 21.191972571428572, "times": [21.241856, 21.329919999999998, 21.138431999999998, 21.203968, 21.228544, 21.095423999999998, 21.105663999999997], "compile_time": 76.55719667673111, "verification_time": 0, "benchmark_time": 151.58548764884472, "GFLOP/s": 6487.008580283985, "strategy_time": 0.048182904720306396, "framework_time": 1.6119815409183502, "timestamp": "2024-07-11 09:44:39.027918+00:00"}, "total_framework_time": 164.68974202871323, "total_strategy_time": 775.3883861005306, "total_compile_time": 9937.762392684817, "total_verification_time": 0, "total_benchmark_time": 22471.640322357416, "overhead_time": 2768.7227688729763, "execution_time": 36.132630348205566}