{"device_name": "NVIDIA RTX A4000", "simulation": true, "simulated_time": 53821.780315367505, "best_config": {"nvml_gr_clock": 840, "nvml_mem_clock": 6501, "GEMMK": 0, "MWG": 128, "NWG": 128, "KWG": 16, "MDIMC": 8, "NDIMC": 16, "MDIMA": 16, "NDIMB": 16, "KWI": 2, "VWM": 4, "VWN": 8, "STRM": 1, "STRN": 0, "SA": 1, "SB": 1, "KREG": 1, "PRECISION": 32, "core_freqs": [840.0, 840.0, 840.0, 840.0, 840.0, 840.0, 840.0], "core_freq": 840.0, "mem_freqs": [6501.0, 6501.0, 6501.0, 6501.0, 6501.0, 6501.0, 6501.0], "mem_freq": 6501.0, "temperatures": [54.0, 54.72761194029851, 55.0, 55.0, 55.0, 55.302919708029194, 56.0], "temperature": 55.00436166404682, "time": 19.624959999999994, "times": [19.628031999999997, 19.624959999999998, 19.620863999999997, 19.618816, 19.61472, 19.624959999999998, 19.642367999999998], "compile_time": 298.6405200790614, "verification_time": 0, "benchmark_time": 140.77670918777585, "GFLOP/s": 7004.982833289853, "strategy_time": 0.022040680050849915, "framework_time": 0.1133643090724945, "timestamp": "2024-03-15 22:57:49.687211+00:00"}, "total_framework_time": 13.165557757019997, "total_strategy_time": 5184.419374912977, "total_compile_time": 26810.61084056273, "total_verification_time": 0, "total_benchmark_time": 27011.169474804774, "overhead_time": 350.1029647886753, "execution_time": 5.613630533218384}