{"platform_name": "NVIDIA CUDA", "platform_version": "OpenCL 3.0 CUDA 12.3.68", "device_name": "NVIDIA RTX A4000", "device_version": "OpenCL 3.0 CUDA", "opencl_c_version": "OpenCL C 1.2 ", "driver_version": "545.23.06", "iterations": 7, "compiler_options": ["-I/home/fjwillem/Code/kernel_tuner_paper/kernels/gemm_cltune_opencl/"], "best_config": {"nvml_gr_clock": 840, "nvml_mem_clock": 6501, "GEMMK": 0, "MWG": 128, "NWG": 128, "KWG": 32, "MDIMC": 16, "NDIMC": 16, "MDIMA": 32, "NDIMB": 8, "KWI": 2, "VWM": 2, "VWN": 8, "STRM": 1, "STRN": 1, "SA": 1, "SB": 0, "KREG": 1, "PRECISION": 32, "core_freqs": [840.0, 840.0, 840.0, 840.0, 840.0, 840.0, 840.0], "core_freq": 840.0, "mem_freqs": [6501.0, 6501.0, 6501.0, 6501.0, 6501.0, 6501.0, 6501.0], "mem_freq": 6501.0, "temperatures": [57.278538812785385, 58.0, 58.0, 58.465753424657535, 59.0, 59.0, 59.0], "temperature": 58.392041748206125, "time": 20.87936, "times": [20.82304, 20.783103999999998, 20.814847999999998, 20.953087999999997, 20.994048, 20.861952, 20.92544], "compile_time": 264.3216047435999, "verification_time": 0, "benchmark_time": 149.8765368014574, "GFLOP/s": 6584.134183423247, "strategy_time": 0.02088025212287903, "framework_time": 2.1493174135684967, "timestamp": "2024-07-09 09:42:37.283861+00:00"}, "total_framework_time": 214.93164263665676, "total_strategy_time": 706.7076005041599, "total_compile_time": 28961.087906733155, "total_verification_time": 0, "total_benchmark_time": 26692.571509629488, "overhead_time": 2733.3538327366114, "execution_time": 59.320327043533325}