{"device_name": "NVIDIA RTX A4000", "simulation": true, "simulated_time": 49197.490551741794, "best_config": {"nvml_gr_clock": 840, "nvml_mem_clock": 6501, "GEMMK": 0, "MWG": 64, "NWG": 64, "KWG": 32, "MDIMC": 8, "NDIMC": 8, "MDIMA": 8, "NDIMB": 16, "KWI": 2, "VWM": 4, "VWN": 2, "STRM": 0, "STRN": 0, "SA": 0, "SB": 0, "KREG": 1, "PRECISION": 32, "core_freqs": [840.0, 840.0, 840.0, 840.0, 840.0, 840.0, 840.0], "core_freq": 840.0, "mem_freqs": [6501.0, 6501.0, 6501.0, 6501.0, 6501.0, 6501.0, 6501.0], "mem_freq": 6501.0, "temperatures": [60.0, 60.0, 60.324074074074076, 61.0, 61.0, 61.0, 61.0], "temperature": 60.61772486772487, "time": 23.476946285714288, "times": [23.473152, 23.476224, 23.487488, 23.475199999999997, 23.457791999999998, 23.44032, 23.528447999999997], "compile_time": 186.11405906267464, "verification_time": 0, "benchmark_time": 167.76802809908986, "GFLOP/s": 5855.638388015223, "strategy_time": 0.0051390379667282104, "framework_time": 0.10120123624801636, "timestamp": "2024-03-15 13:36:03.126362+00:00"}, "total_framework_time": 12.098085135221481, "total_strategy_time": 5104.267397895455, "total_compile_time": 22621.922601480037, "total_verification_time": 0, "total_benchmark_time": 26575.567950261757, "overhead_time": 266.1978714168072, "execution_time": 5.446839094161987}