{"platform_name": "NVIDIA CUDA", "platform_version": "OpenCL 3.0 CUDA 12.3.68", "device_name": "NVIDIA RTX A4000", "device_version": "OpenCL 3.0 CUDA", "opencl_c_version": "OpenCL C 1.2 ", "driver_version": "545.23.06", "iterations": 7, "compiler_options": ["-I/home/fjwillem/Code/kernel_tuner_paper/kernels/gemm_cltune_opencl/"], "best_config": {"nvml_gr_clock": 840, "nvml_mem_clock": 6501, "GEMMK": 0, "MWG": 32, "NWG": 128, "KWG": 16, "MDIMC": 8, "NDIMC": 8, "MDIMA": 8, "NDIMB": 32, "KWI": 2, "VWM": 4, "VWN": 4, "STRM": 0, "STRN": 1, "SA": 0, "SB": 1, "KREG": 1, "PRECISION": 32, "core_freqs": [840.0, 840.0, 840.0, 840.0, 840.0, 840.0, 840.0], "core_freq": 840.0, "mem_freqs": [6501.0, 6501.0, 6501.0, 6501.0, 6501.0, 6501.0, 6501.0], "mem_freq": 6501.0, "temperatures": [57.0, 57.781893004115226, 58.3125, 59.0, 59.0, 59.0, 59.0], "temperature": 58.44205614344503, "time": 20.46184685714286, "times": [20.468704, 20.453376, 20.463616, 20.467712, 20.460544, 20.46464, 20.454335999999998], "compile_time": 162.32171840965748, "verification_time": 0, "benchmark_time": 145.85875160992146, "GFLOP/s": 6718.479952654461, "strategy_time": 0.008586794137954712, "framework_time": 0.8667353540658951, "timestamp": "2024-07-09 11:12:29.828340+00:00"}, "total_framework_time": 201.95615850389004, "total_strategy_time": 754.8688314855099, "total_compile_time": 29869.866555556655, "total_verification_time": 0, "total_benchmark_time": 19337.810141965747, "overhead_time": 2568.8586682081223, "execution_time": 52.74478554725647}