{"device_name": "NVIDIA RTX A4000", "simulation": true, "simulated_time": 122839.51772376895, "best_config": {"nvml_gr_clock": 840, "nvml_mem_clock": 6501, "GEMMK": 0, "MWG": 128, "NWG": 128, "KWG": 32, "MDIMC": 8, "NDIMC": 32, "MDIMA": 32, "NDIMB": 8, "KWI": 2, "VWM": 2, "VWN": 2, "STRM": 1, "STRN": 1, "SA": 1, "SB": 1, "KREG": 1, "PRECISION": 32, "core_freqs": [840.0, 840.0, 840.0, 840.0, 840.0, 840.0, 840.0, 840.0, 840.0, 840.0, 840.0, 840.0, 840.0, 840.0, 840.0, 840.0, 840.0, 840.0, 840.0, 840.0, 840.0, 840.0, 840.0, 840.0, 840.0, 840.0, 840.0, 840.0, 840.0, 840.0, 840.0, 840.0], "core_freq": 840.0, "mem_freqs": [6501.0, 6501.0, 6501.0, 6501.0, 6501.0, 6501.0, 6501.0, 6501.0, 6501.0, 6501.0, 6501.0, 6501.0, 6501.0, 6501.0, 6501.0, 6501.0, 6501.0, 6501.0, 6501.0, 6501.0, 6501.0, 6501.0, 6501.0, 6501.0, 6501.0, 6501.0, 6501.0, 6501.0, 6501.0, 6501.0, 6501.0, 6501.0], "mem_freq": 6501.0, "temperatures": [52.0, 52.93283582089552, 53.57, 54.0, 54.0, 54.0, 54.0, 54.0, 54.0, 54.94736842105263, 55.0, 55.0, 55.0, 55.0, 55.0, 55.0, 55.0, 55.0, 55.0, 55.0, 55.0, 55.0, 55.0, 55.0, 55.0, 55.0, 55.0, 55.0, 55.0, 55.0, 55.0, 55.0], "temperature": 54.60781888256088, "time": 22.188639, "times": [22.204416, 22.19008, 22.19008, 22.191104, 22.189055999999997, 22.191104, 22.185983999999998, 22.180864, 22.183936, 22.18496, 22.188032, 22.19008, 22.193151999999998, 22.196223999999997, 22.193151999999998, 22.18496, 22.181856, 22.187008, 22.189055999999997, 22.188032, 22.194176, 22.189055999999997, 22.189055999999997, 22.185983999999998, 22.181888, 22.18496, 22.189055999999997, 22.18496, 22.192128, 22.192128, 22.189055999999997, 22.180864], "pwr_core_freqs": [840.0], "pwr_core_freq": 840.0, "pwr_mem_freqs": [6501.0], "pwr_mem_freq": 6501.0, "pwr_temperatures": [55.90424033797528], "pwr_temperature": 55.90424033797528, "nvml_energy": 2.101818829275, "compile_time": 634.2921601608396, "verification_time": 0, "benchmark_time": 2507.9916352406144, "GFLOP/s": 6195.625964440631, "strategy_time": 0.0017138663679361343, "framework_time": 0.060974154621362686, "timestamp": "2024-02-15 08:27:24.618955+00:00"}, "total_framework_time": 1.6354748513549566, "total_strategy_time": 7905.124643351883, "total_compile_time": 10087.62628864497, "total_verification_time": 0, "total_benchmark_time": 112751.89143512398, "overhead_time": 499.07235987484455, "execution_time": 8.992026329040527}