{"device_name": "NVIDIA RTX A4000", "simulation": true, "simulated_time": 60276.10899810679, "best_config": {"nvml_gr_clock": 840, "nvml_mem_clock": 6501, "GEMMK": 0, "MWG": 128, "NWG": 128, "KWG": 32, "MDIMC": 16, "NDIMC": 8, "MDIMA": 8, "NDIMB": 32, "KWI": 2, "VWM": 4, "VWN": 2, "STRM": 1, "STRN": 1, "SA": 1, "SB": 1, "KREG": 1, "PRECISION": 32, "core_freqs": [840.0, 840.0, 840.0, 840.0, 840.0, 840.0, 840.0], "core_freq": 840.0, "mem_freqs": [6501.0, 6501.0, 6501.0, 6501.0, 6501.0, 6501.0, 6501.0], "mem_freq": 6501.0, "temperatures": [53.0, 53.59615384615385, 54.037174721189594, 55.0, 55.0, 55.0, 55.0], "temperature": 54.376189795334774, "time": 19.250907428571427, "times": [19.259392, 19.239936, 19.250176, 19.252224, 19.244032, 19.255295999999998, 19.255295999999998], "compile_time": 359.95015408843756, "verification_time": 0, "benchmark_time": 138.11395410448313, "GFLOP/s": 7141.092357026703, "strategy_time": 0.005459412932395935, "framework_time": 0.1063719391822815, "timestamp": "2024-03-16 00:38:11.145756+00:00"}, "total_framework_time": 12.880334630608559, "total_strategy_time": 5111.519601196051, "total_compile_time": 38632.63544184156, "total_verification_time": 0, "total_benchmark_time": 21643.473556265235, "overhead_time": 240.55608920753002, "execution_time": 5.435365676879883}