{"platform_name": "NVIDIA CUDA", "platform_version": "OpenCL 3.0 CUDA 12.3.68", "device_name": "NVIDIA RTX A4000", "device_version": "OpenCL 3.0 CUDA", "opencl_c_version": "OpenCL C 1.2 ", "driver_version": "545.23.06", "iterations": 7, "compiler_options": ["-I/home/fjwillem/Code/kernel_tuner_paper/kernels/gemm_cltune_opencl/"], "best_config": {"nvml_gr_clock": 840, "nvml_mem_clock": 6501, "GEMMK": 0, "MWG": 64, "NWG": 128, "KWG": 16, "MDIMC": 16, "NDIMC": 8, "MDIMA": 8, "NDIMB": 16, "KWI": 2, "VWM": 4, "VWN": 4, "STRM": 0, "STRN": 0, "SA": 0, "SB": 1, "KREG": 1, "PRECISION": 32, "core_freqs": [840.0, 840.0, 840.0, 840.0, 840.0, 840.0, 840.0], "core_freq": 840.0, "mem_freqs": [6501.0, 6501.0, 6501.0, 6501.0, 6501.0, 6501.0, 6501.0], "mem_freq": 6501.0, "temperatures": [44.303030303030305, 45.0, 45.83009708737864, 46.0, 46.0, 46.99126637554585, 47.0], "temperature": 45.874913395136396, "time": 20.654509714285716, "times": [20.645888, 20.6592, 20.652032, 20.655103999999998, 20.656064, 20.653056, 20.660224], "compile_time": 315.70709124207497, "verification_time": 0, "benchmark_time": 147.2883839160204, "GFLOP/s": 6655.81075540694, "strategy_time": 0.06264075636863708, "framework_time": 1.9684210419654846, "timestamp": "2024-07-09 09:21:32.548597+00:00"}, "total_framework_time": 196.3906828314066, "total_strategy_time": 723.8232307136059, "total_compile_time": 36035.25561466813, "total_verification_time": 0, "total_benchmark_time": 23200.60495659709, "overhead_time": 3042.6138304173946, "execution_time": 63.209078788757324}