{"device_name": "NVIDIA RTX A4000", "simulation": true, "simulated_time": 56404.54441891052, "best_config": {"nvml_gr_clock": 840, "nvml_mem_clock": 6501, "GEMMK": 0, "MWG": 128, "NWG": 64, "KWG": 16, "MDIMC": 16, "NDIMC": 8, "MDIMA": 16, "NDIMB": 16, "KWI": 2, "VWM": 4, "VWN": 4, "STRM": 1, "STRN": 0, "SA": 1, "SB": 1, "KREG": 1, "PRECISION": 32, "core_freqs": [840.0, 840.0, 840.0, 840.0, 840.0, 840.0, 840.0], "core_freq": 840.0, "mem_freqs": [6501.0, 6501.0, 6501.0, 6501.0, 6501.0, 6501.0, 6501.0], "mem_freq": 6501.0, "temperatures": [60.0, 60.0, 60.69417475728155, 61.0, 61.0, 61.4, 62.0], "temperature": 60.87059639389736, "time": 18.786596571428568, "times": [18.794496, 18.790399999999998, 18.781184, 18.786303999999998, 18.793471999999998, 18.779135999999998, 18.781184], "compile_time": 301.28241097554564, "verification_time": 0, "benchmark_time": 134.85896098427474, "GFLOP/s": 7317.5845013393155, "strategy_time": 0.013835728168487549, "framework_time": 0.10298565030097961, "timestamp": "2024-03-15 20:52:35.872253+00:00"}, "total_framework_time": 11.987971141934395, "total_strategy_time": 4937.390657141805, "total_compile_time": 33638.94665171392, "total_verification_time": 0, "total_benchmark_time": 22765.597767196596, "overhead_time": 245.48601545393467, "execution_time": 5.264513254165649}