{"platform_name": "NVIDIA CUDA", "platform_version": "OpenCL 3.0 CUDA 12.3.68", "device_name": "NVIDIA RTX A4000", "device_version": "OpenCL 3.0 CUDA", "opencl_c_version": "OpenCL C 1.2 ", "driver_version": "545.23.06", "iterations": 7, "compiler_options": ["-I/home/fjwillem/Code/kernel_tuner_paper/kernels/gemm_cltune_opencl/"], "best_config": {"nvml_gr_clock": 840, "nvml_mem_clock": 6501, "GEMMK": 0, "MWG": 128, "NWG": 128, "KWG": 32, "MDIMC": 8, "NDIMC": 32, "MDIMA": 32, "NDIMB": 8, "KWI": 2, "VWM": 2, "VWN": 4, "STRM": 1, "STRN": 0, "SA": 1, "SB": 0, "KREG": 1, "PRECISION": 32, "core_freqs": [840.0, 840.0, 840.0, 840.0, 840.0, 840.0, 840.0], "core_freq": 840.0, "mem_freqs": [6501.0, 6501.0, 6501.0, 6501.0, 6501.0, 6501.0, 6501.0], "mem_freq": 6501.0, "temperatures": [57.024193548387096, 57.54773869346734, 58.21912350597609, 59.0, 59.0, 59.0, 59.035353535353536], "temperature": 58.40377275474058, "time": 21.183634285714284, "times": [21.1968, 21.187583999999998, 21.182464, 21.182464, 21.1712, 21.178368, 21.18656], "compile_time": 277.1086934953928, "verification_time": 0, "benchmark_time": 150.80201625823975, "GFLOP/s": 6489.561991575168, "strategy_time": 0.018054619431495667, "framework_time": 1.9244514405727386, "timestamp": "2024-07-09 10:48:27.644735+00:00"}, "total_framework_time": 221.8675035983324, "total_strategy_time": 771.051112562418, "total_compile_time": 29339.463224634528, "total_verification_time": 0, "total_benchmark_time": 34338.52332085371, "overhead_time": 3116.2004061043262, "execution_time": 67.80147671699524}