{"device_name": "NVIDIA RTX A4000", "simulation": true, "simulated_time": 120038.49736391567, "best_config": {"nvml_gr_clock": 840, "nvml_mem_clock": 6501, "GEMMK": 0, "MWG": 128, "NWG": 128, "KWG": 16, "MDIMC": 16, "NDIMC": 16, "MDIMA": 16, "NDIMB": 16, "KWI": 2, "VWM": 2, "VWN": 8, "STRM": 1, "STRN": 0, "SA": 1, "SB": 1, "KREG": 1, "PRECISION": 32, "core_freqs": [840.0, 840.0, 840.0, 840.0, 840.0, 840.0, 840.0], "core_freq": 840.0, "mem_freqs": [6501.0, 6501.0, 6501.0, 6501.0, 6501.0, 6501.0, 6501.0], "mem_freq": 6501.0, "temperatures": [54.0, 54.29136690647482, 55.0, 55.0, 55.45161290322581, 56.0, 56.0], "temperature": 55.106139972814375, "time": 20.678655999999997, "times": [20.682752, 20.680704, 20.680704, 20.679679999999998, 20.676607999999998, 20.677632, 20.672511999999998], "compile_time": 320.6293759867549, "verification_time": 0, "benchmark_time": 149.6777469292283, "GFLOP/s": 6648.038823412896, "strategy_time": 0.0016831327229738235, "framework_time": 0.03972393460571766, "timestamp": "2024-03-15 23:36:25.093995+00:00"}, "total_framework_time": 7.704113144427538, "total_strategy_time": 4001.2920517474413, "total_compile_time": 42667.0322411228, "total_verification_time": 0, "total_benchmark_time": 77371.46512279287, "overhead_time": 259.66726313345134, "execution_time": 4.332043170928955}