{"device_name": "NVIDIA RTX A4000", "simulation": true, "simulated_time": 61614.08631759696, "best_config": {"nvml_gr_clock": 840, "nvml_mem_clock": 6501, "GEMMK": 0, "MWG": 64, "NWG": 128, "KWG": 16, "MDIMC": 16, "NDIMC": 8, "MDIMA": 32, "NDIMB": 32, "KWI": 2, "VWM": 2, "VWN": 4, "STRM": 1, "STRN": 0, "SA": 0, "SB": 1, "KREG": 1, "PRECISION": 32, "core_freqs": [840.0, 840.0, 840.0, 840.0, 840.0, 840.0, 840.0], "core_freq": 840.0, "mem_freqs": [6501.0, 6501.0, 6501.0, 6501.0, 6501.0, 6501.0, 6501.0], "mem_freq": 6501.0, "temperatures": [57.0, 57.0, 57.69711538461539, 58.23616236162361, 59.0, 59.0, 59.0], "temperature": 58.13332539231986, "time": 20.008077714285715, "times": [20.017152, 20.005888, 20.016095999999997, 20.00896, 20.007936, 20.012031999999998, 19.98848], "compile_time": 387.36149203032255, "verification_time": 0, "benchmark_time": 143.53693393059075, "GFLOP/s": 6870.850356895854, "strategy_time": 0.005057081580162048, "framework_time": 0.10142289102077484, "timestamp": "2024-03-15 15:31:36.245261+00:00"}, "total_framework_time": 12.740010395646095, "total_strategy_time": 5181.253945454955, "total_compile_time": 35549.23752928153, "total_verification_time": 0, "total_benchmark_time": 26064.84878831543, "overhead_time": 247.46758118271828, "execution_time": 5.510186195373535}