{"device_name": "NVIDIA RTX A4000", "simulation": true, "simulated_time": 58279.04166816734, "best_config": {"nvml_gr_clock": 840, "nvml_mem_clock": 6501, "GEMMK": 0, "MWG": 64, "NWG": 128, "KWG": 16, "MDIMC": 16, "NDIMC": 8, "MDIMA": 16, "NDIMB": 16, "KWI": 2, "VWM": 4, "VWN": 4, "STRM": 0, "STRN": 1, "SA": 1, "SB": 1, "KREG": 1, "PRECISION": 32, "core_freqs": [840.0, 840.0, 840.0, 840.0, 840.0, 840.0, 840.0], "core_freq": 840.0, "mem_freqs": [6501.0, 6501.0, 6501.0, 6501.0, 6501.0, 6501.0, 6501.0], "mem_freq": 6501.0, "temperatures": [58.0, 58.43560606060606, 59.0, 59.94074074074074, 60.0, 60.0, 60.0], "temperature": 59.33947811447812, "time": 19.604772571428573, "times": [19.60448, 19.606528, 19.613695999999997, 19.59424, 19.591168, 19.612672, 19.610623999999998], "compile_time": 323.1747520621866, "verification_time": 0, "benchmark_time": 140.82250301726162, "GFLOP/s": 7012.196004984441, "strategy_time": 0.01350603997707367, "framework_time": 0.10360404849052429, "timestamp": "2024-03-15 15:26:38.531914+00:00"}, "total_framework_time": 11.972086504101753, "total_strategy_time": 4851.497748866677, "total_compile_time": 36918.89806697145, "total_verification_time": 0, "total_benchmark_time": 21360.143601195887, "overhead_time": 262.78507336974144, "execution_time": 5.195935010910034}