{"platform_name": "NVIDIA CUDA", "platform_version": "OpenCL 3.0 CUDA 12.3.68", "device_name": "NVIDIA RTX A4000", "device_version": "OpenCL 3.0 CUDA", "opencl_c_version": "OpenCL C 1.2 ", "driver_version": "545.23.06", "iterations": 7, "compiler_options": ["-I/home/fjwillem/Code/kernel_tuner_paper/kernels/gemm_cltune_opencl/"], "best_config": {"nvml_gr_clock": 840, "nvml_mem_clock": 6501, "GEMMK": 0, "MWG": 64, "NWG": 128, "KWG": 16, "MDIMC": 16, "NDIMC": 8, "MDIMA": 8, "NDIMB": 32, "KWI": 2, "VWM": 4, "VWN": 4, "STRM": 0, "STRN": 0, "SA": 0, "SB": 1, "KREG": 1, "PRECISION": 32, "core_freqs": [840.0, 840.0, 840.0, 840.0, 840.0, 840.0, 840.0], "core_freq": 840.0, "mem_freqs": [6501.0, 6501.0, 6501.0, 6501.0, 6501.0, 6501.0, 6501.0], "mem_freq": 6501.0, "temperatures": [57.36734693877551, 58.0, 58.0, 58.58, 59.0, 59.0, 59.0], "temperature": 58.42104956268222, "time": 20.960109714285714, "times": [20.978688, 20.928511999999998, 20.957183999999998, 20.960255999999998, 20.958208, 20.967423999999998, 20.970496], "compile_time": 150.11584386229515, "verification_time": 0, "benchmark_time": 149.26612935960293, "GFLOP/s": 6558.7685264024785, "strategy_time": 0.016300007700920105, "framework_time": 1.7337147146463394, "timestamp": "2024-07-11 08:00:54.891464+00:00"}, "total_framework_time": 217.15359203517437, "total_strategy_time": 736.0465116798878, "total_compile_time": 29215.19847214222, "total_verification_time": 0, "total_benchmark_time": 26873.00844117999, "overhead_time": 2722.4666830152273, "execution_time": 59.77497696876526}