{"device_name": "NVIDIA RTX A4000", "simulation": true, "simulated_time": 55417.69605502486, "best_config": {"nvml_gr_clock": 840, "nvml_mem_clock": 6501, "GEMMK": 0, "MWG": 64, "NWG": 128, "KWG": 32, "MDIMC": 8, "NDIMC": 16, "MDIMA": 32, "NDIMB": 32, "KWI": 2, "VWM": 2, "VWN": 2, "STRM": 1, "STRN": 0, "SA": 1, "SB": 0, "KREG": 1, "PRECISION": 32, "core_freqs": [840.0, 840.0, 840.0, 840.0, 840.0, 840.0, 840.0], "core_freq": 840.0, "mem_freqs": [6501.0, 6501.0, 6501.0, 6501.0, 6501.0, 6501.0, 6501.0], "mem_freq": 6501.0, "temperatures": [59.04912280701755, 60.0, 60.0, 60.262068965517244, 61.0, 61.0, 61.0], "temperature": 60.33017025321926, "time": 21.001362285714286, "times": [20.996095999999998, 21.046272, 20.909056, 21.061632, 20.932608, 21.001216, 21.062656], "compile_time": 234.1035280842334, "verification_time": 0, "benchmark_time": 150.39458102546632, "GFLOP/s": 6545.885263715138, "strategy_time": 0.015068799257278442, "framework_time": 0.10310113430023193, "timestamp": "2024-03-15 16:11:15.231284+00:00"}, "total_framework_time": 12.129442766308784, "total_strategy_time": 5108.762672170997, "total_compile_time": 31165.88214877993, "total_verification_time": 0, "total_benchmark_time": 24251.813906244934, "overhead_time": 249.2100801318884, "execution_time": 5.434852361679077}