{"device_name": "NVIDIA RTX A4000", "simulation": true, "simulated_time": 121017.50789466314, "best_config": {"nvml_gr_clock": 840, "nvml_mem_clock": 6501, "GEMMK": 0, "MWG": 64, "NWG": 128, "KWG": 16, "MDIMC": 16, "NDIMC": 8, "MDIMA": 16, "NDIMB": 16, "KWI": 2, "VWM": 4, "VWN": 2, "STRM": 1, "STRN": 1, "SA": 1, "SB": 1, "KREG": 1, "PRECISION": 32, "core_freqs": [840.0, 840.0, 840.0, 840.0, 840.0, 840.0, 840.0], "core_freq": 840.0, "mem_freqs": [6501.0, 6501.0, 6501.0, 6501.0, 6501.0, 6501.0, 6501.0], "mem_freq": 6501.0, "temperatures": [58.0, 59.0, 59.0, 59.121428571428574, 60.0, 60.0, 60.0], "temperature": 59.303061224489795, "time": 20.27109942857143, "times": [20.285439999999998, 20.269056, 20.265984, 20.263935999999998, 20.280288, 20.279296, 20.253695999999998], "compile_time": 332.66755216754973, "verification_time": 0, "benchmark_time": 147.13013195432723, "GFLOP/s": 6781.699650204328, "strategy_time": 0.0016631092876195908, "framework_time": 0.045073917135596275, "timestamp": "2024-03-15 15:26:35.219140+00:00"}, "total_framework_time": 8.163503371179104, "total_strategy_time": 3789.068777812645, "total_compile_time": 44676.708210259676, "total_verification_time": 0, "total_benchmark_time": 76340.79968440346, "overhead_time": 254.0848469361663, "execution_time": 4.114410877227783}