{"device_name": "NVIDIA RTX A4000", "simulation": true, "simulated_time": 50257.178608560935, "best_config": {"nvml_gr_clock": 840, "nvml_mem_clock": 6501, "GEMMK": 0, "MWG": 128, "NWG": 64, "KWG": 32, "MDIMC": 16, "NDIMC": 8, "MDIMA": 16, "NDIMB": 8, "KWI": 2, "VWM": 4, "VWN": 2, "STRM": 1, "STRN": 0, "SA": 1, "SB": 0, "KREG": 1, "PRECISION": 32, "core_freqs": [840.0, 840.0, 840.0, 840.0, 840.0, 840.0, 840.0], "core_freq": 840.0, "mem_freqs": [6501.0, 6501.0, 6501.0, 6501.0, 6501.0, 6501.0, 6501.0], "mem_freq": 6501.0, "temperatures": [58.51094890510949, 59.14074074074074, 60.0, 60.0, 60.0, 60.080882352941174, 61.0], "temperature": 59.8189388569702, "time": 21.650130285714283, "times": [21.653503999999998, 21.650432, 21.562368, 21.523391999999998, 21.725184, 21.61664, 21.819392], "compile_time": 271.8153700698167, "verification_time": 0, "benchmark_time": 155.9407371096313, "GFLOP/s": 6349.731206685184, "strategy_time": 0.014347955584526062, "framework_time": 0.10709092020988464, "timestamp": "2024-03-15 22:02:52.206178+00:00"}, "total_framework_time": 11.893654242157936, "total_strategy_time": 5088.112412020564, "total_compile_time": 25455.47496085055, "total_verification_time": 0, "total_benchmark_time": 24801.703647710383, "overhead_time": 276.3901799917221, "execution_time": 5.4425225257873535}