{"device_name": "NVIDIA RTX A4000", "simulation": true, "simulated_time": 67529.90809874609, "best_config": {"nvml_gr_clock": 840, "nvml_mem_clock": 6501, "GEMMK": 0, "MWG": 128, "NWG": 128, "KWG": 32, "MDIMC": 8, "NDIMC": 16, "MDIMA": 32, "NDIMB": 32, "KWI": 2, "VWM": 4, "VWN": 1, "STRM": 1, "STRN": 1, "SA": 1, "SB": 1, "KREG": 1, "PRECISION": 32, "core_freqs": [840.0, 840.0, 840.0, 840.0, 840.0, 840.0, 840.0], "core_freq": 840.0, "mem_freqs": [6501.0, 6501.0, 6501.0, 6501.0, 6501.0, 6501.0, 6501.0], "mem_freq": 6501.0, "temperatures": [52.0, 52.354581673306775, 53.0, 53.0, 53.47674418604651, 54.0, 54.0], "temperature": 53.118760837050466, "time": 20.18713142857143, "times": [20.193279999999998, 20.185088, 20.191232, 20.189183999999997, 20.180992, 20.183007999999997, 20.187136], "compile_time": 444.82290907762945, "verification_time": 0, "benchmark_time": 145.1112690847367, "GFLOP/s": 6809.908004533581, "strategy_time": 0.014347955584526062, "framework_time": 0.10389275848865509, "timestamp": "2024-03-16 00:12:35.601545+00:00"}, "total_framework_time": 11.825177818536758, "total_strategy_time": 4998.174844309688, "total_compile_time": 42648.385054199025, "total_verification_time": 0, "total_benchmark_time": 24881.523044547066, "overhead_time": 261.17003709077835, "execution_time": 5.335304498672485}