{"platform_name": "NVIDIA CUDA", "platform_version": "OpenCL 3.0 CUDA 12.3.68", "device_name": "NVIDIA RTX A4000", "device_version": "OpenCL 3.0 CUDA", "opencl_c_version": "OpenCL C 1.2 ", "driver_version": "545.23.06", "iterations": 7, "compiler_options": ["-I/home/fjwillem/Code/kernel_tuner_paper/kernels/gemm_cltune_opencl/"], "best_config": {"nvml_gr_clock": 840, "nvml_mem_clock": 6501, "GEMMK": 0, "MWG": 32, "NWG": 128, "KWG": 16, "MDIMC": 8, "NDIMC": 8, "MDIMA": 8, "NDIMB": 32, "KWI": 2, "VWM": 4, "VWN": 4, "STRM": 0, "STRN": 1, "SA": 0, "SB": 1, "KREG": 1, "PRECISION": 32, "core_freqs": [840.0, 840.0, 840.0, 840.0, 840.0, 840.0, 840.0], "core_freq": 840.0, "mem_freqs": [6501.0, 6501.0, 6501.0, 6501.0, 6501.0, 6501.0, 6501.0], "mem_freq": 6501.0, "temperatures": [58.0, 58.588516746411486, 59.14492753623188, 60.0, 60.0, 60.24630541871921, 61.0], "temperature": 59.56853567162323, "time": 20.45922742857143, "times": [20.459519999999998, 20.467712, 20.460544, 20.460544, 20.462592, 20.450304, 20.453376], "compile_time": 233.89399237930775, "verification_time": 0, "benchmark_time": 146.5351227670908, "GFLOP/s": 6719.3401307039985, "strategy_time": 0.08226558566093445, "framework_time": 2.1610967814922333, "timestamp": "2024-07-11 08:59:53.252936+00:00"}, "total_framework_time": 208.209328353405, "total_strategy_time": 687.4471753835678, "total_compile_time": 30327.46885716915, "total_verification_time": 0, "total_benchmark_time": 23195.53122483194, "overhead_time": 2767.830926924944, "execution_time": 57.195247173309326}