{"platform_name": "NVIDIA CUDA", "platform_version": "OpenCL 3.0 CUDA 12.3.68", "device_name": "NVIDIA RTX A4000", "device_version": "OpenCL 3.0 CUDA", "opencl_c_version": "OpenCL C 1.2 ", "driver_version": "545.23.06", "iterations": 7, "compiler_options": ["-I/home/fjwillem/Code/kernel_tuner_paper/kernels/gemm_cltune_opencl/"], "best_config": {"nvml_gr_clock": 840, "nvml_mem_clock": 6501, "GEMMK": 0, "MWG": 64, "NWG": 64, "KWG": 16, "MDIMC": 8, "NDIMC": 8, "MDIMA": 16, "NDIMB": 32, "KWI": 2, "VWM": 4, "VWN": 2, "STRM": 1, "STRN": 0, "SA": 1, "SB": 0, "KREG": 1, "PRECISION": 32, "core_freqs": [840.0, 840.0, 840.0, 840.0, 840.0, 840.0, 840.0], "core_freq": 840.0, "mem_freqs": [6501.0, 6501.0, 6501.0, 6501.0, 6501.0, 6501.0, 6501.0], "mem_freq": 6501.0, "temperatures": [44.0, 44.758490566037736, 45.36131386861314, 46.0, 46.0, 46.510989010989015, 47.0], "temperature": 45.661541920805696, "time": 21.152914285714285, "times": [21.247999999999998, 21.055488, 21.113856, 21.11488, 21.271552, 21.119999999999997, 21.146624], "compile_time": 77.60801911354065, "verification_time": 0, "benchmark_time": 150.99059976637363, "GFLOP/s": 6498.986666666667, "strategy_time": 0.046055763959884644, "framework_time": 1.5745777636766434, "timestamp": "2024-07-11 09:42:28.010739+00:00"}, "total_framework_time": 161.2827181816101, "total_strategy_time": 779.1639491915703, "total_compile_time": 9715.01625701785, "total_verification_time": 0, "total_benchmark_time": 22283.96714478731, "overhead_time": 2912.084059789777, "execution_time": 35.8659393787384}