{"device_name": "NVIDIA RTX A4000", "simulation": true, "simulated_time": 51679.46012457833, "best_config": {"nvml_gr_clock": 840, "nvml_mem_clock": 6501, "GEMMK": 0, "MWG": 128, "NWG": 128, "KWG": 32, "MDIMC": 16, "NDIMC": 8, "MDIMA": 16, "NDIMB": 32, "KWI": 2, "VWM": 8, "VWN": 4, "STRM": 0, "STRN": 1, "SA": 1, "SB": 1, "KREG": 1, "PRECISION": 32, "core_freqs": [840.0, 840.0, 840.0, 840.0, 840.0, 840.0, 840.0], "core_freq": 840.0, "mem_freqs": [6501.0, 6501.0, 6501.0, 6501.0, 6501.0, 6501.0, 6501.0], "mem_freq": 6501.0, "temperatures": [54.2568093385214, 55.0, 55.0, 55.22592592592593, 56.0, 56.0, 56.0], "temperature": 55.35467646634962, "time": 19.382857142857144, "times": [19.37408, 19.382272, 19.388416, 19.385344, 19.393535999999997, 19.382272, 19.37408], "compile_time": 304.08740998245776, "verification_time": 0, "benchmark_time": 139.09696717746556, "GFLOP/s": 7092.479033962264, "strategy_time": 0.014467164874076843, "framework_time": 0.10995566844940186, "timestamp": "2024-03-16 00:45:46.928827+00:00"}, "total_framework_time": 12.866513803601265, "total_strategy_time": 4922.854524105787, "total_compile_time": 31002.227660967037, "total_verification_time": 0, "total_benchmark_time": 20677.23246361129, "overhead_time": 266.60145074129105, "execution_time": 5.269821882247925}