{"platform_name": "NVIDIA CUDA", "platform_version": "OpenCL 3.0 CUDA 12.3.68", "device_name": "NVIDIA RTX A4000", "device_version": "OpenCL 3.0 CUDA", "opencl_c_version": "OpenCL C 1.2 ", "driver_version": "545.23.06", "iterations": 7, "compiler_options": ["-I/home/fjwillem/Code/kernel_tuner_paper/kernels/gemm_cltune_opencl/"], "best_config": {"nvml_gr_clock": 840, "nvml_mem_clock": 6501, "GEMMK": 0, "MWG": 128, "NWG": 128, "KWG": 32, "MDIMC": 8, "NDIMC": 16, "MDIMA": 32, "NDIMB": 32, "KWI": 2, "VWM": 4, "VWN": 1, "STRM": 1, "STRN": 1, "SA": 1, "SB": 1, "KREG": 1, "PRECISION": 32, "core_freqs": [840.0, 840.0, 840.0, 840.0, 840.0, 840.0, 840.0], "core_freq": 840.0, "mem_freqs": [6501.0, 6501.0, 6501.0, 6501.0, 6501.0, 6501.0, 6501.0], "mem_freq": 6501.0, "temperatures": [58.0, 58.0, 58.09644670050761, 59.0, 59.0, 59.0, 59.0], "temperature": 58.58520667150109, "time": 20.189618285714285, "times": [20.193279999999998, 20.190208, 20.18608, 20.190208, 20.185088, 20.18816, 20.194304], "compile_time": 160.44655814766884, "verification_time": 0, "benchmark_time": 144.7576079517603, "GFLOP/s": 6809.069193808009, "strategy_time": 0.07254816591739655, "framework_time": 2.1596085280179977, "timestamp": "2024-07-09 11:20:02.080953+00:00"}, "total_framework_time": 194.28068026900291, "total_strategy_time": 689.825875684619, "total_compile_time": 32581.161262467504, "total_verification_time": 0, "total_benchmark_time": 25165.531927719712, "overhead_time": 2843.417637050152, "execution_time": 61.48521065711975}