{"device_name": "NVIDIA RTX A4000", "simulation": true, "simulated_time": 71493.65741480142, "best_config": {"nvml_gr_clock": 840, "nvml_mem_clock": 6501, "GEMMK": 0, "MWG": 32, "NWG": 128, "KWG": 16, "MDIMC": 8, "NDIMC": 8, "MDIMA": 16, "NDIMB": 16, "KWI": 2, "VWM": 2, "VWN": 4, "STRM": 0, "STRN": 1, "SA": 1, "SB": 1, "KREG": 1, "PRECISION": 32, "core_freqs": [840.0, 840.0, 840.0, 840.0, 840.0, 840.0, 840.0], "core_freq": 840.0, "mem_freqs": [6501.0, 6501.0, 6501.0, 6501.0, 6501.0, 6501.0, 6501.0], "mem_freq": 6501.0, "temperatures": [58.0, 58.02919708029197, 59.0, 59.52788104089219, 60.0, 60.0, 60.0], "temperature": 59.22243973159774, "time": 20.00105142857143, "times": [19.977216, 20.006912, 20.008896, 19.999744, 19.99872, 19.999744, 20.016128], "compile_time": 391.7258270084858, "verification_time": 0, "benchmark_time": 143.37103581056, "GFLOP/s": 6873.264057889527, "strategy_time": 0.014126300811767578, "framework_time": 0.1077018678188324, "timestamp": "2024-03-15 09:33:33.361691+00:00"}, "total_framework_time": 12.830743566155434, "total_strategy_time": 4923.841195181012, "total_compile_time": 38374.29809803143, "total_verification_time": 0, "total_benchmark_time": 33119.35931676999, "overhead_time": 259.8482519388199, "execution_time": 5.265286207199097}