{"device_name": "NVIDIA RTX A4000", "simulation": true, "simulated_time": 120375.29356917366, "best_config": {"nvml_gr_clock": 840, "nvml_mem_clock": 6501, "GEMMK": 0, "MWG": 128, "NWG": 128, "KWG": 32, "MDIMC": 32, "NDIMC": 8, "MDIMA": 16, "NDIMB": 32, "KWI": 2, "VWM": 4, "VWN": 2, "STRM": 1, "STRN": 0, "SA": 1, "SB": 1, "KREG": 1, "PRECISION": 32, "core_freqs": [840.0, 840.0, 840.0, 840.0, 840.0, 840.0, 840.0], "core_freq": 840.0, "mem_freqs": [6501.0, 6501.0, 6501.0, 6501.0, 6501.0, 6501.0, 6501.0], "mem_freq": 6501.0, "temperatures": [55.0, 55.773851590106005, 56.31597222222222, 57.0, 57.0, 57.0, 57.0], "temperature": 56.44140340176118, "time": 20.75253028571429, "times": [20.764671999999997, 20.74624, 20.74624, 20.755456, 20.753408, 20.752384, 20.749312], "compile_time": 445.9766729269177, "verification_time": 0, "benchmark_time": 148.71792518533766, "GFLOP/s": 6624.3733179194, "strategy_time": 0.0016440171748399734, "framework_time": 0.04057493060827255, "timestamp": "2024-03-16 01:23:49.756224+00:00"}, "total_framework_time": 7.634556852281094, "total_strategy_time": 3785.4797595646232, "total_compile_time": 43841.43594792113, "total_verification_time": 0, "total_benchmark_time": 76533.85762125254, "overhead_time": 260.84361341781914, "execution_time": 4.11834192276001}