{"platform_name": "NVIDIA CUDA", "platform_version": "OpenCL 3.0 CUDA 12.3.68", "device_name": "NVIDIA RTX A4000", "device_version": "OpenCL 3.0 CUDA", "opencl_c_version": "OpenCL C 1.2 ", "driver_version": "545.23.06", "iterations": 7, "compiler_options": ["-I/home/fjwillem/Code/kernel_tuner_paper/kernels/gemm_cltune_opencl/"], "best_config": {"nvml_gr_clock": 840, "nvml_mem_clock": 6501, "GEMMK": 0, "MWG": 64, "NWG": 64, "KWG": 16, "MDIMC": 8, "NDIMC": 8, "MDIMA": 16, "NDIMB": 16, "KWI": 2, "VWM": 4, "VWN": 2, "STRM": 1, "STRN": 0, "SA": 1, "SB": 0, "KREG": 1, "PRECISION": 32, "core_freqs": [840.0, 840.0, 840.0, 840.0, 840.0, 840.0, 840.0], "core_freq": 840.0, "mem_freqs": [6501.0, 6501.0, 6501.0, 6501.0, 6501.0, 6501.0, 6501.0], "mem_freq": 6501.0, "temperatures": [47.0, 47.14230769230769, 48.0, 48.0, 48.0, 48.0, 48.0], "temperature": 47.73461538461538, "time": 21.181874285714283, "times": [21.180415999999997, 21.128159999999998, 21.158911999999997, 21.214208, 21.157888, 21.18656, 21.246976], "compile_time": 58.90084058046341, "verification_time": 0, "benchmark_time": 150.68953298032284, "GFLOP/s": 6490.1012086884, "strategy_time": 0.03606826066970825, "framework_time": 1.3232845813035965, "timestamp": "2024-07-11 10:05:15.987643+00:00"}, "total_framework_time": 150.30108205974102, "total_strategy_time": 722.7794397622347, "total_compile_time": 10207.387609407306, "total_verification_time": 0, "total_benchmark_time": 22802.069932222366, "overhead_time": 2839.68361094594, "execution_time": 36.732866048812866}