{"platform_name": "NVIDIA CUDA", "platform_version": "OpenCL 3.0 CUDA 12.3.68", "device_name": "NVIDIA RTX A4000", "device_version": "OpenCL 3.0 CUDA", "opencl_c_version": "OpenCL C 1.2 ", "driver_version": "545.23.06", "iterations": 7, "compiler_options": ["-I/home/fjwillem/Code/kernel_tuner_paper/kernels/gemm_cltune_opencl/"], "best_config": {"nvml_gr_clock": 840, "nvml_mem_clock": 6501, "GEMMK": 0, "MWG": 64, "NWG": 64, "KWG": 32, "MDIMC": 8, "NDIMC": 8, "MDIMA": 8, "NDIMB": 32, "KWI": 2, "VWM": 4, "VWN": 2, "STRM": 1, "STRN": 0, "SA": 0, "SB": 0, "KREG": 1, "PRECISION": 32, "core_freqs": [840.0, 840.0, 840.0, 840.0, 840.0, 840.0, 840.0], "core_freq": 840.0, "mem_freqs": [6501.0, 6501.0, 6501.0, 6501.0, 6501.0, 6501.0, 6501.0], "mem_freq": 6501.0, "temperatures": [45.104729729729726, 45.612794612794616, 46.293103448275865, 47.0, 47.0, 47.0, 47.0], "temperature": 46.43008968440002, "time": 22.89648457142857, "times": [22.906879999999997, 23.105472, 22.864895999999998, 23.04512, 22.962176, 22.714368, 22.676479999999998], "compile_time": 73.98914359509945, "verification_time": 0, "benchmark_time": 163.15102763473988, "GFLOP/s": 6004.087984560974, "strategy_time": 0.04333071410655975, "framework_time": 1.4839563518762589, "timestamp": "2024-07-11 11:55:49.809448+00:00"}, "total_framework_time": 184.34512056410313, "total_strategy_time": 800.5378991365433, "total_compile_time": 8359.345242381096, "total_verification_time": 0, "total_benchmark_time": 23008.38572718203, "overhead_time": 2920.9241699427366, "execution_time": 35.28685474395752}