{"platform_name": "NVIDIA CUDA", "platform_version": "OpenCL 3.0 CUDA 12.3.68", "device_name": "NVIDIA RTX A4000", "device_version": "OpenCL 3.0 CUDA", "opencl_c_version": "OpenCL C 1.2 ", "driver_version": "545.23.06", "iterations": 7, "compiler_options": ["-I/home/fjwillem/Code/kernel_tuner_paper/kernels/gemm_cltune_opencl/"], "best_config": {"nvml_gr_clock": 840, "nvml_mem_clock": 6501, "GEMMK": 0, "MWG": 128, "NWG": 64, "KWG": 16, "MDIMC": 16, "NDIMC": 8, "MDIMA": 32, "NDIMB": 8, "KWI": 2, "VWM": 2, "VWN": 8, "STRM": 1, "STRN": 1, "SA": 1, "SB": 1, "KREG": 1, "PRECISION": 32, "core_freqs": [840.0, 840.0, 840.0, 840.0, 840.0, 840.0, 840.0], "core_freq": 840.0, "mem_freqs": [6501.0, 6501.0, 6501.0, 6501.0, 6501.0, 6501.0, 6501.0], "mem_freq": 6501.0, "temperatures": [56.0, 56.68888888888889, 57.19266055045872, 58.0, 58.0, 58.18502202643172, 59.0], "temperature": 57.580938780825626, "time": 19.679808, "times": [19.68432, 19.671039999999998, 19.67616, 19.673088, 19.688447999999998, 19.670016, 19.695584], "compile_time": 335.9587676823139, "verification_time": 0, "benchmark_time": 140.35203494131565, "GFLOP/s": 6985.459812616058, "strategy_time": 0.02795085310935974, "framework_time": 0.943334773182869, "timestamp": "2024-07-09 10:32:20.719656+00:00"}, "total_framework_time": 212.7437274903059, "total_strategy_time": 679.940452799201, "total_compile_time": 26851.957257837057, "total_verification_time": 0, "total_benchmark_time": 19642.869455739856, "overhead_time": 2522.4819499999285, "execution_time": 49.92495155334473}