{"device_name": "NVIDIA RTX A4000", "simulation": true, "simulated_time": 120413.64103765227, "best_config": {"nvml_gr_clock": 840, "nvml_mem_clock": 6501, "GEMMK": 0, "MWG": 128, "NWG": 64, "KWG": 16, "MDIMC": 16, "NDIMC": 8, "MDIMA": 16, "NDIMB": 16, "KWI": 2, "VWM": 4, "VWN": 1, "STRM": 1, "STRN": 0, "SA": 1, "SB": 1, "KREG": 1, "PRECISION": 32, "core_freqs": [840.0, 840.0, 840.0, 840.0, 840.0, 840.0, 840.0], "core_freq": 840.0, "mem_freqs": [6501.0, 6501.0, 6501.0, 6501.0, 6501.0, 6501.0, 6501.0], "mem_freq": 6501.0, "temperatures": [59.70281124497992, 60.1468253968254, 61.0, 61.0, 61.0, 61.0, 61.64750957854406], "temperature": 60.78530660290705, "time": 19.30210742857143, "times": [19.306496, 19.295232, 19.298303999999998, 19.325951999999997, 19.287039999999998, 19.303424, 19.298303999999998], "compile_time": 322.8394058533013, "verification_time": 0, "benchmark_time": 138.5611731093377, "GFLOP/s": 7122.1501803740875, "strategy_time": 0.001692911610007286, "framework_time": 0.04077702760696411, "timestamp": "2024-03-15 20:52:22.926768+00:00"}, "total_framework_time": 8.021578192710876, "total_strategy_time": 3769.662198377773, "total_compile_time": 46601.573013467714, "total_verification_time": 0, "total_benchmark_time": 73812.06802418455, "overhead_time": 243.4143703430891, "execution_time": 4.083353042602539}