{"platform_name": "NVIDIA CUDA", "platform_version": "OpenCL 3.0 CUDA 12.3.68", "device_name": "NVIDIA RTX A4000", "device_version": "OpenCL 3.0 CUDA", "opencl_c_version": "OpenCL C 1.2 ", "driver_version": "545.23.06", "iterations": 7, "compiler_options": ["-I/home/fjwillem/Code/kernel_tuner_paper/kernels/gemm_cltune_opencl/"], "best_config": {"nvml_gr_clock": 840, "nvml_mem_clock": 6501, "GEMMK": 0, "MWG": 128, "NWG": 64, "KWG": 16, "MDIMC": 8, "NDIMC": 16, "MDIMA": 16, "NDIMB": 32, "KWI": 2, "VWM": 4, "VWN": 2, "STRM": 1, "STRN": 1, "SA": 1, "SB": 0, "KREG": 1, "PRECISION": 32, "core_freqs": [840.0, 840.0, 840.0, 840.0, 840.0, 840.0, 840.0], "core_freq": 840.0, "mem_freqs": [6501.0, 6501.0, 6501.0, 6501.0, 6501.0, 6501.0, 6501.0], "mem_freq": 6501.0, "temperatures": [57.0, 57.03703703703704, 58.0, 58.0, 58.32217573221757, 59.0, 59.0], "temperature": 58.05131610989351, "time": 21.80197942857143, "times": [21.810176, 21.80096, 21.800928, 21.793792, 21.797888, 21.807104, 21.803008], "compile_time": 180.39029277861118, "verification_time": 0, "benchmark_time": 155.33090196549892, "GFLOP/s": 6305.5058075984925, "strategy_time": 0.05401112139225006, "framework_time": 1.82281993329525, "timestamp": "2024-07-09 11:15:08.792695+00:00"}, "total_framework_time": 209.00409668684006, "total_strategy_time": 8148.673865944147, "total_compile_time": 23005.82725740969, "total_verification_time": 0, "total_benchmark_time": 23810.52089482546, "overhead_time": 2701.3868875801563, "execution_time": 57.88872575759888}