{"device_name": "NVIDIA RTX A4000", "simulation": true, "simulated_time": 120411.93210869096, "best_config": {"nvml_gr_clock": 840, "nvml_mem_clock": 6501, "GEMMK": 0, "MWG": 128, "NWG": 128, "KWG": 32, "MDIMC": 16, "NDIMC": 16, "MDIMA": 16, "NDIMB": 8, "KWI": 2, "VWM": 4, "VWN": 8, "STRM": 1, "STRN": 1, "SA": 1, "SB": 1, "KREG": 1, "PRECISION": 32, "core_freqs": [840.0, 840.0, 840.0, 840.0, 840.0, 840.0, 840.0], "core_freq": 840.0, "mem_freqs": [6501.0, 6501.0, 6501.0, 6501.0, 6501.0, 6501.0, 6501.0], "mem_freq": 6501.0, "temperatures": [56.524193548387096, 57.0, 57.0, 57.0, 57.32295719844358, 58.0, 58.0], "temperature": 57.263878678118665, "time": 20.652470857142855, "times": [20.652032, 20.652032, 20.642816, 20.645888, 20.656128, 20.65408, 20.66432], "compile_time": 252.5227339938283, "verification_time": 0, "benchmark_time": 148.9951980765909, "GFLOP/s": 6656.467831618017, "strategy_time": 0.0017040874809026718, "framework_time": 0.04103686660528183, "timestamp": "2024-03-16 00:58:47.046499+00:00"}, "total_framework_time": 8.288013283163309, "total_strategy_time": 4048.476299736649, "total_compile_time": 44990.65028363839, "total_verification_time": 0, "total_benchmark_time": 75421.28182505257, "overhead_time": 262.75232480838895, "execution_time": 4.383991241455078}