{"platform_name": "NVIDIA CUDA", "platform_version": "OpenCL 3.0 CUDA 12.3.68", "device_name": "NVIDIA RTX A4000", "device_version": "OpenCL 3.0 CUDA", "opencl_c_version": "OpenCL C 1.2 ", "driver_version": "545.23.06", "iterations": 7, "compiler_options": ["-I/home/fjwillem/Code/kernel_tuner_paper/kernels/gemm_cltune_opencl/"], "best_config": {"nvml_gr_clock": 840, "nvml_mem_clock": 6501, "GEMMK": 0, "MWG": 64, "NWG": 128, "KWG": 16, "MDIMC": 16, "NDIMC": 8, "MDIMA": 32, "NDIMB": 8, "KWI": 2, "VWM": 2, "VWN": 4, "STRM": 1, "STRN": 1, "SA": 1, "SB": 1, "KREG": 1, "PRECISION": 32, "core_freqs": [840.0, 840.0, 840.0, 840.0, 840.0, 840.0, 840.0], "core_freq": 840.0, "mem_freqs": [6501.0, 6501.0, 6501.0, 6501.0, 6501.0, 6501.0, 6501.0], "mem_freq": 6501.0, "temperatures": [53.52136752136752, 54.0, 54.87793427230047, 55.0, 55.0, 55.808510638297875, 56.0], "temperature": 54.8868303474237, "time": 19.006902857142855, "times": [19.02592, 19.003391999999998, 19.012608, 19.001344, 18.9952, 19.002368, 19.007488], "compile_time": 316.35521724820137, "verification_time": 0, "benchmark_time": 135.31136140227318, "GFLOP/s": 7232.767428615409, "strategy_time": 0.015260651707649231, "framework_time": 1.7209183424711227, "timestamp": "2024-07-08 14:34:46.639517+00:00"}, "total_framework_time": 190.49214757978916, "total_strategy_time": 700.9960580617189, "total_compile_time": 29665.59622809291, "total_verification_time": 0, "total_benchmark_time": 16495.578605681658, "overhead_time": 2583.510145545006, "execution_time": 49.64626431465149}