{"platform_name": "NVIDIA CUDA", "platform_version": "OpenCL 3.0 CUDA 12.3.68", "device_name": "NVIDIA RTX A4000", "device_version": "OpenCL 3.0 CUDA", "opencl_c_version": "OpenCL C 1.2 ", "driver_version": "545.23.06", "iterations": 7, "compiler_options": ["-I/home/fjwillem/Code/kernel_tuner_paper/kernels/gemm_cltune_opencl/"], "best_config": {"nvml_gr_clock": 840, "nvml_mem_clock": 6501, "GEMMK": 0, "MWG": 64, "NWG": 64, "KWG": 16, "MDIMC": 8, "NDIMC": 8, "MDIMA": 16, "NDIMB": 16, "KWI": 2, "VWM": 4, "VWN": 2, "STRM": 1, "STRN": 0, "SA": 1, "SB": 0, "KREG": 1, "PRECISION": 32, "core_freqs": [840.0, 840.0, 840.0, 840.0, 840.0, 840.0, 840.0], "core_freq": 840.0, "mem_freqs": [6501.0, 6501.0, 6501.0, 6501.0, 6501.0, 6501.0, 6501.0], "mem_freq": 6501.0, "temperatures": [59.0, 59.0, 59.88721804511278, 60.0, 60.0, 60.0, 60.0], "temperature": 59.69817400644468, "time": 21.20616228571428, "times": [21.25312, 21.224448, 21.113856, 21.25824, 21.159936, 21.1968, 21.236736], "compile_time": 76.07807964086533, "verification_time": 0, "benchmark_time": 151.42101421952248, "GFLOP/s": 6482.667917551945, "strategy_time": 0.04328042268753052, "framework_time": 1.489071175456047, "timestamp": "2024-07-11 11:57:13.546563+00:00"}, "total_framework_time": 156.2174502760172, "total_strategy_time": 711.7532677948475, "total_compile_time": 8701.062578707933, "total_verification_time": 0, "total_benchmark_time": 22454.917365685105, "overhead_time": 2698.095852509141, "execution_time": 34.73483109474182}