{"platform_name": "NVIDIA CUDA", "platform_version": "OpenCL 3.0 CUDA 12.3.68", "device_name": "NVIDIA RTX A4000", "device_version": "OpenCL 3.0 CUDA", "opencl_c_version": "OpenCL C 1.2 ", "driver_version": "545.23.06", "iterations": 7, "compiler_options": ["-I/home/fjwillem/Code/kernel_tuner_paper/kernels/gemm_cltune_opencl/"], "best_config": {"nvml_gr_clock": 840, "nvml_mem_clock": 6501, "GEMMK": 0, "MWG": 64, "NWG": 128, "KWG": 16, "MDIMC": 16, "NDIMC": 8, "MDIMA": 32, "NDIMB": 32, "KWI": 2, "VWM": 2, "VWN": 4, "STRM": 1, "STRN": 0, "SA": 0, "SB": 1, "KREG": 1, "PRECISION": 32, "core_freqs": [840.0, 840.0, 840.0, 840.0, 840.0, 840.0, 840.0], "core_freq": 840.0, "mem_freqs": [6501.0, 6501.0, 6501.0, 6501.0, 6501.0, 6501.0, 6501.0], "mem_freq": 6501.0, "temperatures": [56.04888888888889, 57.0, 57.544642857142854, 58.0, 58.0, 58.56221198156682, 59.0], "temperature": 57.73653481822837, "time": 20.009398857142855, "times": [20.025344, 20.017152, 20.012031999999998, 19.997695999999998, 20.01408, 19.994623999999998, 20.004863999999998], "compile_time": 176.41393654048443, "verification_time": 0, "benchmark_time": 142.91573502123356, "GFLOP/s": 6870.396701344466, "strategy_time": 0.019107013940811157, "framework_time": 1.9971393048763275, "timestamp": "2024-07-11 07:58:44.496535+00:00"}, "total_framework_time": 206.7035585641861, "total_strategy_time": 792.266434058547, "total_compile_time": 30705.036755651236, "total_verification_time": 0, "total_benchmark_time": 21982.817485928535, "overhead_time": 2832.025805488229, "execution_time": 56.53231763839722}