{"device_name": "NVIDIA RTX A4000", "simulation": true, "simulated_time": 120729.46664458141, "best_config": {"nvml_gr_clock": 840, "nvml_mem_clock": 6501, "GEMMK": 0, "MWG": 64, "NWG": 128, "KWG": 16, "MDIMC": 16, "NDIMC": 8, "MDIMA": 8, "NDIMB": 8, "KWI": 2, "VWM": 4, "VWN": 2, "STRM": 1, "STRN": 1, "SA": 0, "SB": 1, "KREG": 1, "PRECISION": 32, "core_freqs": [840.0, 840.0, 840.0, 840.0, 840.0, 840.0, 840.0], "core_freq": 840.0, "mem_freqs": [6501.0, 6501.0, 6501.0, 6501.0, 6501.0, 6501.0, 6501.0], "mem_freq": 6501.0, "temperatures": [58.0, 58.406143344709896, 59.0, 59.0, 59.0, 59.30555555555556, 60.0], "temperature": 58.95881412860935, "time": 21.131117714285715, "times": [21.131263999999998, 21.132288, 21.133312, 21.131263999999998, 21.128192, 21.12512, 21.136384], "compile_time": 332.15635316446424, "verification_time": 0, "benchmark_time": 151.40200196765363, "GFLOP/s": 6505.690317131761, "strategy_time": 0.0016731210052967072, "framework_time": 0.03840192221105099, "timestamp": "2024-03-15 15:19:53.143078+00:00"}, "total_framework_time": 7.833457551896572, "total_strategy_time": 3805.4380281828344, "total_compile_time": 48357.097612693906, "total_verification_time": 0, "total_benchmark_time": 72372.3690318875, "overhead_time": 258.24326323345304, "execution_time": 4.135250806808472}