{"platform_name": "NVIDIA CUDA", "platform_version": "OpenCL 3.0 CUDA 12.3.68", "device_name": "NVIDIA RTX A4000", "device_version": "OpenCL 3.0 CUDA", "opencl_c_version": "OpenCL C 1.2 ", "driver_version": "545.23.06", "iterations": 7, "compiler_options": ["-I/home/fjwillem/Code/kernel_tuner_paper/kernels/gemm_cltune_opencl/"], "best_config": {"nvml_gr_clock": 840, "nvml_mem_clock": 6501, "GEMMK": 0, "MWG": 64, "NWG": 128, "KWG": 16, "MDIMC": 16, "NDIMC": 8, "MDIMA": 32, "NDIMB": 32, "KWI": 2, "VWM": 2, "VWN": 4, "STRM": 1, "STRN": 1, "SA": 1, "SB": 1, "KREG": 1, "PRECISION": 32, "core_freqs": [840.0, 840.0, 840.0, 840.0, 840.0, 840.0, 840.0], "core_freq": 840.0, "mem_freqs": [6501.0, 6501.0, 6501.0, 6501.0, 6501.0, 6501.0, 6501.0], "mem_freq": 6501.0, "temperatures": [59.0, 59.363207547169814, 60.0, 60.0, 60.19047619047619, 61.0, 61.0], "temperature": 60.07909767680657, "time": 19.13153828571428, "times": [19.13856, 19.1232, 19.124223999999998, 19.126272, 19.134463999999998, 19.135488, 19.13856], "compile_time": 187.83860467374325, "verification_time": 0, "benchmark_time": 138.46909254789352, "GFLOP/s": 7185.648422565798, "strategy_time": 0.027632340788841248, "framework_time": 0.934552401304245, "timestamp": "2024-07-09 10:55:16.538516+00:00"}, "total_framework_time": 217.6923267543316, "total_strategy_time": 726.5046127140522, "total_compile_time": 19952.432928606868, "total_verification_time": 0, "total_benchmark_time": 27203.445211052895, "overhead_time": 2961.8005082011223, "execution_time": 51.07435989379883}