{"platform_name": "NVIDIA CUDA", "platform_version": "OpenCL 3.0 CUDA 12.3.68", "device_name": "NVIDIA RTX A4000", "device_version": "OpenCL 3.0 CUDA", "opencl_c_version": "OpenCL C 1.2 ", "driver_version": "545.23.06", "iterations": 7, "compiler_options": ["-I/home/fjwillem/Code/kernel_tuner_paper/kernels/gemm_cltune_opencl/"], "best_config": {"nvml_gr_clock": 840, "nvml_mem_clock": 6501, "GEMMK": 0, "MWG": 64, "NWG": 128, "KWG": 16, "MDIMC": 16, "NDIMC": 8, "MDIMA": 8, "NDIMB": 32, "KWI": 2, "VWM": 2, "VWN": 4, "STRM": 0, "STRN": 0, "SA": 1, "SB": 1, "KREG": 1, "PRECISION": 32, "core_freqs": [840.0, 840.0, 840.0, 840.0, 840.0, 840.0, 840.0], "core_freq": 840.0, "mem_freqs": [6501.0, 6501.0, 6501.0, 6501.0, 6501.0, 6501.0, 6501.0], "mem_freq": 6501.0, "temperatures": [61.0, 61.58301158301158, 62.0, 62.0, 62.0, 62.0, 62.21513944223108], "temperature": 61.82830728932038, "time": 21.68056228571428, "times": [21.688319999999997, 21.677056, 21.678079999999998, 21.681151999999997, 21.679071999999998, 21.684224, 21.676032], "compile_time": 230.5455121677369, "verification_time": 0, "benchmark_time": 156.02953918278217, "GFLOP/s": 6340.818383413569, "strategy_time": 0.008446164429187775, "framework_time": 1.5631734859198332, "timestamp": "2024-03-15 16:11:02.704596+00:00"}, "total_framework_time": 323.08776141144335, "total_strategy_time": 348.0251410510391, "total_compile_time": 42704.22489172779, "total_verification_time": 0, "total_benchmark_time": 76301.26320454292, "overhead_time": 2534.736294299364, "execution_time": 122.22501850128174}