{"device_name": "NVIDIA RTX A4000", "simulation": true, "simulated_time": 51501.53267127462, "best_config": {"nvml_gr_clock": 840, "nvml_mem_clock": 6501, "GEMMK": 0, "MWG": 128, "NWG": 64, "KWG": 32, "MDIMC": 8, "NDIMC": 8, "MDIMA": 16, "NDIMB": 32, "KWI": 2, "VWM": 4, "VWN": 1, "STRM": 1, "STRN": 0, "SA": 0, "SB": 0, "KREG": 1, "PRECISION": 32, "core_freqs": [840.0, 840.0, 840.0, 840.0, 840.0, 840.0, 840.0], "core_freq": 840.0, "mem_freqs": [6501.0, 6501.0, 6501.0, 6501.0, 6501.0, 6501.0, 6501.0], "mem_freq": 6501.0, "temperatures": [54.0, 54.502941176470586, 55.25373134328358, 56.0, 56.0, 56.0, 56.0], "temperature": 55.39381035996488, "time": 24.629394285714284, "times": [24.718335999999997, 24.483839999999997, 24.648704, 24.542208, 24.58112, 24.748032, 24.683519999999998], "compile_time": 292.98541601747274, "verification_time": 0, "benchmark_time": 175.91079301200807, "GFLOP/s": 5581.643880854097, "strategy_time": 0.005587935447692871, "framework_time": 0.10921619832515717, "timestamp": "2024-03-15 21:20:51.852839+00:00"}, "total_framework_time": 13.27303797006607, "total_strategy_time": 4988.224683329463, "total_compile_time": 25020.995926111937, "total_verification_time": 0, "total_benchmark_time": 26480.53674516268, "overhead_time": 264.20746743679047, "execution_time": 5.330019474029541}