{"platform_name": "NVIDIA CUDA", "platform_version": "OpenCL 3.0 CUDA 12.3.68", "device_name": "NVIDIA RTX A4000", "device_version": "OpenCL 3.0 CUDA", "opencl_c_version": "OpenCL C 1.2 ", "driver_version": "545.23.06", "iterations": 7, "compiler_options": ["-I/home/fjwillem/Code/kernel_tuner_paper/kernels/gemm_cltune_opencl/"], "best_config": {"nvml_gr_clock": 840, "nvml_mem_clock": 6501, "GEMMK": 0, "MWG": 128, "NWG": 128, "KWG": 16, "MDIMC": 16, "NDIMC": 16, "MDIMA": 16, "NDIMB": 16, "KWI": 2, "VWM": 4, "VWN": 4, "STRM": 1, "STRN": 1, "SA": 1, "SB": 1, "KREG": 1, "PRECISION": 32, "core_freqs": [840.0, 840.0, 840.0, 840.0, 840.0, 840.0, 840.0], "core_freq": 840.0, "mem_freqs": [6501.0, 6501.0, 6501.0, 6501.0, 6501.0, 6501.0, 6501.0], "mem_freq": 6501.0, "temperatures": [60.0, 60.31627906976744, 61.0, 61.0, 61.2654028436019, 62.0, 62.0], "temperature": 61.08309741619562, "time": 19.094527999999997, "times": [19.09248, 19.099648, 19.090432, 19.089408, 19.09248, 19.109887999999998, 19.08736], "compile_time": 307.4568249285221, "verification_time": 0, "benchmark_time": 136.44355535507202, "GFLOP/s": 7199.576124845821, "strategy_time": 0.06331130862236023, "framework_time": 2.037201076745987, "timestamp": "2024-07-11 08:15:51.425551+00:00"}, "total_framework_time": 224.21248443424702, "total_strategy_time": 708.5765656083822, "total_compile_time": 20101.99303366244, "total_verification_time": 0, "total_benchmark_time": 23229.806186631322, "overhead_time": 2665.9012380987406, "execution_time": 46.945637941360474}