{"platform_name": "NVIDIA CUDA", "platform_version": "OpenCL 3.0 CUDA 12.3.68", "device_name": "NVIDIA RTX A4000", "device_version": "OpenCL 3.0 CUDA", "opencl_c_version": "OpenCL C 1.2 ", "driver_version": "545.23.06", "iterations": 7, "compiler_options": ["-I/home/fjwillem/Code/kernel_tuner_paper/kernels/gemm_cltune_opencl/"], "best_config": {"nvml_gr_clock": 840, "nvml_mem_clock": 6501, "GEMMK": 0, "MWG": 128, "NWG": 128, "KWG": 32, "MDIMC": 16, "NDIMC": 8, "MDIMA": 8, "NDIMB": 32, "KWI": 2, "VWM": 8, "VWN": 4, "STRM": 1, "STRN": 1, "SA": 1, "SB": 1, "KREG": 1, "PRECISION": 32, "core_freqs": [840.0, 840.0, 840.0, 840.0, 840.0, 840.0, 840.0], "core_freq": 840.0, "mem_freqs": [6501.0, 6501.0, 6501.0, 6501.0, 6501.0, 6501.0, 6501.0], "mem_freq": 6501.0, "temperatures": [56.0, 56.73877551020408, 57.0, 57.0, 57.0, 57.34782608695652, 58.0], "temperature": 57.01237165673722, "time": 19.47136, "times": [19.465215999999998, 19.473408, 19.473408, 19.484672, 19.463168, 19.480576, 19.459072], "compile_time": 397.03950099647045, "verification_time": 0, "benchmark_time": 140.6655099708587, "GFLOP/s": 7060.241703917959, "strategy_time": 0.009266892448067665, "framework_time": 1.6339782159775496, "timestamp": "2024-03-15 15:07:50.903249+00:00"}, "total_framework_time": 288.67934411391616, "total_strategy_time": 449.7195177245885, "total_compile_time": 38652.62032602914, "total_verification_time": 0, "total_benchmark_time": 80101.48674296215, "overhead_time": 2798.768273089081, "execution_time": 122.30170106887817}