{"device_name": "NVIDIA RTX A4000", "simulation": true, "simulated_time": 51363.27374796383, "best_config": {"nvml_gr_clock": 840, "nvml_mem_clock": 6501, "GEMMK": 0, "MWG": 64, "NWG": 128, "KWG": 32, "MDIMC": 8, "NDIMC": 16, "MDIMA": 32, "NDIMB": 8, "KWI": 2, "VWM": 2, "VWN": 8, "STRM": 0, "STRN": 1, "SA": 0, "SB": 0, "KREG": 1, "PRECISION": 32, "core_freqs": [840.0, 840.0, 840.0, 840.0, 840.0, 840.0, 840.0], "core_freq": 840.0, "mem_freqs": [6501.0, 6501.0, 6501.0, 6501.0, 6501.0, 6501.0, 6501.0], "mem_freq": 6501.0, "temperatures": [60.0, 60.671052631578945, 61.0, 61.0, 61.0, 61.0, 61.0], "temperature": 60.81015037593985, "time": 23.25182171428571, "times": [23.180287999999997, 23.146496, 23.322623999999998, 23.153664, 23.182336, 23.410688, 23.366656], "compile_time": 57.8810169827193, "verification_time": 0, "benchmark_time": 166.23428813181818, "GFLOP/s": 5912.332788081637, "strategy_time": 0.014135614037513733, "framework_time": 0.10738149285316467, "timestamp": "2024-03-15 16:09:27.354127+00:00"}, "total_framework_time": 12.604285031557083, "total_strategy_time": 5214.730381965637, "total_compile_time": 24235.990793909878, "total_verification_time": 0, "total_benchmark_time": 27127.282954053953, "overhead_time": 280.9017039835453, "execution_time": 5.57706880569458}