{"platform_name": "NVIDIA CUDA", "platform_version": "OpenCL 3.0 CUDA 12.3.68", "device_name": "NVIDIA RTX A4000", "device_version": "OpenCL 3.0 CUDA", "opencl_c_version": "OpenCL C 1.2 ", "driver_version": "545.23.06", "iterations": 7, "compiler_options": ["-I/home/fjwillem/Code/kernel_tuner_paper/kernels/gemm_cltune_opencl/"], "best_config": {"nvml_gr_clock": 840, "nvml_mem_clock": 6501, "GEMMK": 0, "MWG": 128, "NWG": 128, "KWG": 16, "MDIMC": 8, "NDIMC": 16, "MDIMA": 32, "NDIMB": 16, "KWI": 2, "VWM": 1, "VWN": 8, "STRM": 1, "STRN": 1, "SA": 1, "SB": 0, "KREG": 1, "PRECISION": 32, "core_freqs": [840.0, 840.0, 840.0, 840.0, 840.0, 840.0, 840.0], "core_freq": 840.0, "mem_freqs": [6501.0, 6501.0, 6501.0, 6501.0, 6501.0, 6501.0, 6501.0], "mem_freq": 6501.0, "temperatures": [49.03543307086614, 50.0, 50.0, 50.09478672985782, 51.0, 51.0, 51.34251968503937], "temperature": 50.353248497966185, "time": 20.780617142857146, "times": [20.790271999999998, 20.780032, 20.777984, 20.78208, 20.779007999999997, 20.779007999999997, 20.775935999999998], "compile_time": 723.1746967881918, "verification_time": 0, "benchmark_time": 147.83582091331482, "GFLOP/s": 6615.419886663614, "strategy_time": 0.07406994700431824, "framework_time": 1.9470565021038055, "timestamp": "2024-07-09 11:07:24.070899+00:00"}, "total_framework_time": 200.9141631424427, "total_strategy_time": 784.1472066938877, "total_compile_time": 36521.89964428544, "total_verification_time": 0, "total_benchmark_time": 28893.731290474534, "overhead_time": 2984.273251146078, "execution_time": 69.3970193862915}