{"device_name": "NVIDIA RTX A4000", "simulation": true, "simulated_time": 120199.4048024062, "best_config": {"nvml_gr_clock": 840, "nvml_mem_clock": 6501, "GEMMK": 0, "MWG": 64, "NWG": 128, "KWG": 16, "MDIMC": 16, "NDIMC": 8, "MDIMA": 8, "NDIMB": 16, "KWI": 2, "VWM": 2, "VWN": 4, "STRM": 1, "STRN": 1, "SA": 1, "SB": 1, "KREG": 1, "PRECISION": 32, "core_freqs": [840.0, 840.0, 840.0, 840.0, 840.0, 840.0, 840.0], "core_freq": 840.0, "mem_freqs": [6501.0, 6501.0, 6501.0, 6501.0, 6501.0, 6501.0, 6501.0], "mem_freq": 6501.0, "temperatures": [58.0, 58.29389312977099, 59.0, 59.0, 59.23048327137546, 60.0, 60.0], "temperature": 59.0749109144495, "time": 19.219602285714284, "times": [19.23584, 19.223551999999998, 19.21024, 19.214336, 19.218432, 19.216383999999998, 19.218432], "compile_time": 384.0550919994712, "verification_time": 0, "benchmark_time": 137.85162288695574, "GFLOP/s": 7152.723862875237, "strategy_time": 0.0015927944332361221, "framework_time": 0.040005194023251534, "timestamp": "2024-03-15 15:21:13.351769+00:00"}, "total_framework_time": 7.778843631967902, "total_strategy_time": 4049.4735811371356, "total_compile_time": 47307.86247598007, "total_verification_time": 0, "total_benchmark_time": 72891.54232642613, "overhead_time": 260.4336692020297, "execution_time": 4.380645036697388}