{"device_name": "NVIDIA RTX A4000", "simulation": true, "simulated_time": 121384.09653678536, "best_config": {"nvml_gr_clock": 840, "nvml_mem_clock": 6501, "GEMMK": 0, "MWG": 128, "NWG": 64, "KWG": 16, "MDIMC": 8, "NDIMC": 16, "MDIMA": 16, "NDIMB": 32, "KWI": 2, "VWM": 4, "VWN": 2, "STRM": 1, "STRN": 1, "SA": 1, "SB": 0, "KREG": 1, "PRECISION": 32, "core_freqs": [840.0, 840.0, 840.0, 840.0, 840.0, 840.0, 840.0, 840.0, 840.0, 840.0, 840.0, 840.0, 840.0, 840.0, 840.0, 840.0, 840.0, 840.0, 840.0, 840.0, 840.0, 840.0, 840.0, 840.0, 840.0, 840.0, 840.0, 840.0, 840.0, 840.0, 840.0, 840.0], "core_freq": 840.0, "mem_freqs": [6501.0, 6501.0, 6501.0, 6501.0, 6501.0, 6501.0, 6501.0, 6501.0, 6501.0, 6501.0, 6501.0, 6501.0, 6501.0, 6501.0, 6501.0, 6501.0, 6501.0, 6501.0, 6501.0, 6501.0, 6501.0, 6501.0, 6501.0, 6501.0, 6501.0, 6501.0, 6501.0, 6501.0, 6501.0, 6501.0, 6501.0, 6501.0], "mem_freq": 6501.0, "temperatures": [54.0, 54.0, 54.696369636963695, 55.0, 55.0, 56.0, 56.0, 56.0, 56.0, 56.0, 56.0, 56.0, 56.0, 56.87972508591065, 57.0, 57.0, 57.0, 57.0, 57.0, 57.0, 57.0, 57.0, 57.0, 57.0, 57.0, 57.0, 57.0, 57.0, 57.0, 57.0, 57.0, 57.0], "temperature": 56.361752960089824, "time": 21.804699999999997, "times": [21.813247999999998, 21.797888, 21.801983999999997, 21.808128, 21.801983999999997, 21.803008, 21.865472, 21.804032, 21.80096, 21.799936, 21.805056, 21.803008, 21.799872, 21.799936, 21.803008, 21.799936, 21.798911999999998, 21.803008, 21.801983999999997, 21.806079999999998, 21.806016, 21.796864, 21.806079999999998, 21.806079999999998, 21.808128, 21.805056, 21.806079999999998, 21.798911999999998, 21.794815999999997, 21.805056, 21.799936, 21.799936], "pwr_core_freqs": [840.0], "pwr_core_freq": 840.0, "pwr_mem_freqs": [6501.0], "pwr_mem_freq": 6501.0, "pwr_temperatures": [57.62238102972227], "pwr_temperature": 57.62238102972227, "nvml_energy": 2.2963619804999995, "compile_time": 316.94731023162603, "verification_time": 0, "benchmark_time": 2502.549418248236, "GFLOP/s": 6304.719069925292, "strategy_time": 0.0016328413039445877, "framework_time": 0.039153266698122025, "timestamp": "2024-02-14 10:48:30.757852+00:00"}, "total_framework_time": 1.6346580814570189, "total_strategy_time": 8227.368533844128, "total_compile_time": 9069.778363220394, "total_verification_time": 0, "total_benchmark_time": 112314.31817356497, "overhead_time": 553.949847118929, "execution_time": 9.373801469802856}