{"device_name": "NVIDIA RTX A4000", "simulation": true, "simulated_time": 129144.8840117082, "best_config": {"nvml_gr_clock": 840, "nvml_mem_clock": 6501, "GEMMK": 0, "MWG": 64, "NWG": 128, "KWG": 32, "MDIMC": 16, "NDIMC": 16, "MDIMA": 8, "NDIMB": 8, "KWI": 2, "VWM": 2, "VWN": 8, "STRM": 1, "STRN": 1, "SA": 0, "SB": 1, "KREG": 1, "PRECISION": 32, "core_freqs": [840.0, 840.0, 840.0, 840.0, 840.0, 840.0, 840.0, 840.0, 840.0, 840.0, 840.0, 840.0, 840.0, 840.0, 840.0, 840.0, 840.0, 840.0, 840.0, 840.0, 840.0, 840.0, 840.0, 840.0, 840.0, 840.0, 840.0, 840.0, 840.0, 840.0, 840.0, 840.0], "core_freq": 840.0, "mem_freqs": [6501.0, 6501.0, 6501.0, 6501.0, 6501.0, 6501.0, 6501.0, 6501.0, 6501.0, 6501.0, 6501.0, 6501.0, 6501.0, 6501.0, 6501.0, 6501.0, 6501.0, 6501.0, 6501.0, 6501.0, 6501.0, 6501.0, 6501.0, 6501.0, 6501.0, 6501.0, 6501.0, 6501.0, 6501.0, 6501.0, 6501.0, 6501.0], "mem_freq": 6501.0, "temperatures": [59.0, 59.0, 59.68269230769231, 60.0, 60.05161290322581, 61.0, 61.0, 61.0, 61.0, 61.0, 61.0, 61.0, 61.0, 61.0, 61.0, 61.0, 61.0, 61.0, 61.0, 61.825806451612905, 62.0, 62.0, 62.0, 62.0, 62.0, 62.0, 62.0, 62.0, 62.0, 62.0, 62.0, 62.0], "temperature": 61.17375348945409, "time": 22.71795, "times": [22.730752, 22.722559999999998, 22.708223999999998, 22.7072, 22.720512, 22.711295999999997, 22.715391999999998, 22.721536, 22.716416, 22.722559999999998, 22.730752, 22.713344, 22.715391999999998, 22.713344, 22.71232, 22.722559999999998, 22.721536, 22.718463999999997, 22.723584, 22.713344, 22.712256, 22.710272, 22.715391999999998, 22.71744, 22.721536, 22.713344, 22.718463999999997, 22.718463999999997, 22.72768, 22.718463999999997, 22.724608, 22.715391999999998], "pwr_core_freqs": [840.0], "pwr_core_freq": 840.0, "pwr_mem_freqs": [6501.0], "pwr_mem_freq": 6501.0, "pwr_temperatures": [62.0], "pwr_temperature": 62.0, "nvml_energy": 2.4810046015499996, "compile_time": 258.0797029659152, "verification_time": 0, "benchmark_time": 2541.895342990756, "GFLOP/s": 6051.272579788229, "strategy_time": 0.0018440186977386475, "framework_time": 0.04567485302686691, "timestamp": "2024-02-13 11:21:25.011230+00:00"}, "total_framework_time": 1.6257974784821272, "total_strategy_time": 8391.983658075333, "total_compile_time": 9198.04829545319, "total_verification_time": 0, "total_benchmark_time": 119946.83571625501, "overhead_time": 522.7818104904145, "execution_time": 9.503638505935669}