{"device_name": "NVIDIA RTX A4000", "simulation": true, "simulated_time": 121228.40141225606, "best_config": {"nvml_gr_clock": 840, "nvml_mem_clock": 6501, "GEMMK": 0, "MWG": 64, "NWG": 128, "KWG": 16, "MDIMC": 8, "NDIMC": 8, "MDIMA": 8, "NDIMB": 32, "KWI": 2, "VWM": 8, "VWN": 4, "STRM": 0, "STRN": 1, "SA": 1, "SB": 1, "KREG": 1, "PRECISION": 32, "core_freqs": [840.0, 840.0, 840.0, 840.0, 840.0, 840.0, 840.0], "core_freq": 840.0, "mem_freqs": [6501.0, 6501.0, 6501.0, 6501.0, 6501.0, 6501.0, 6501.0], "mem_freq": 6501.0, "temperatures": [54.553903345724905, 55.03214285714286, 56.0, 56.0, 56.0, 56.0, 56.72463768115942], "temperature": 55.7586691262896, "time": 20.076690285714285, "times": [20.083712, 20.071424, 20.084736, 20.072447999999998, 20.073472, 20.08064, 20.0704], "compile_time": 305.19690713845193, "verification_time": 0, "benchmark_time": 145.36177390255034, "GFLOP/s": 6847.369060717122, "strategy_time": 0.001643085852265358, "framework_time": 0.044082989916205406, "timestamp": "2024-03-15 14:43:20.543508+00:00"}, "total_framework_time": 7.849163841456175, "total_strategy_time": 4016.3278912659734, "total_compile_time": 47577.48019765131, "total_verification_time": 0, "total_benchmark_time": 73650.92121460475, "overhead_time": 246.40888581052423, "execution_time": 4.335655212402344}