{"platform_name": "NVIDIA CUDA", "platform_version": "OpenCL 3.0 CUDA 12.3.68", "device_name": "NVIDIA RTX A4000", "device_version": "OpenCL 3.0 CUDA", "opencl_c_version": "OpenCL C 1.2 ", "driver_version": "545.23.06", "iterations": 7, "compiler_options": ["-I/home/fjwillem/Code/kernel_tuner_paper/kernels/gemm_cltune_opencl/"], "best_config": {"nvml_gr_clock": 840, "nvml_mem_clock": 6501, "GEMMK": 0, "MWG": 64, "NWG": 64, "KWG": 32, "MDIMC": 8, "NDIMC": 8, "MDIMA": 8, "NDIMB": 8, "KWI": 2, "VWM": 4, "VWN": 2, "STRM": 1, "STRN": 0, "SA": 0, "SB": 0, "KREG": 1, "PRECISION": 32, "core_freqs": [840.0, 840.0, 840.0, 840.0, 840.0, 840.0, 840.0], "core_freq": 840.0, "mem_freqs": [6501.0, 6501.0, 6501.0, 6501.0, 6501.0, 6501.0, 6501.0], "mem_freq": 6501.0, "temperatures": [46.0, 46.0, 46.976430976430976, 47.0, 47.365591397849464, 48.0, 48.0], "temperature": 47.048860339182916, "time": 22.676187428571428, "times": [22.700032, 22.484992, 22.818815999999998, 22.76352, 22.686719999999998, 22.52288, 22.756352], "compile_time": 73.57137650251389, "verification_time": 0, "benchmark_time": 161.70432046055794, "GFLOP/s": 6062.417165011967, "strategy_time": 0.046815723180770874, "framework_time": 1.4753993600606918, "timestamp": "2024-07-11 09:34:49.475653+00:00"}, "total_framework_time": 162.62847930192947, "total_strategy_time": 729.1351966559887, "total_compile_time": 13301.40951834619, "total_verification_time": 0, "total_benchmark_time": 24395.9110211581, "overhead_time": 2945.3659430146217, "execution_time": 41.54831004142761}