{"device_name": "NVIDIA RTX A4000", "simulation": true, "simulated_time": 48390.435880515724, "best_config": {"nvml_gr_clock": 840, "nvml_mem_clock": 6501, "GEMMK": 0, "MWG": 128, "NWG": 128, "KWG": 32, "MDIMC": 16, "NDIMC": 16, "MDIMA": 8, "NDIMB": 8, "KWI": 2, "VWM": 8, "VWN": 4, "STRM": 1, "STRN": 1, "SA": 0, "SB": 1, "KREG": 1, "PRECISION": 32, "core_freqs": [840.0, 840.0, 840.0, 840.0, 840.0, 840.0, 840.0], "core_freq": 840.0, "mem_freqs": [6501.0, 6501.0, 6501.0, 6501.0, 6501.0, 6501.0, 6501.0], "mem_freq": 6501.0, "temperatures": [58.0, 58.0, 58.0, 58.986666666666665, 59.0, 59.0, 59.0], "temperature": 58.56952380952381, "time": 22.073782857142856, "times": [22.284288, 22.042624, 22.063104, 22.028288, 22.044672, 22.029311999999997, 22.024192], "compile_time": 174.5180389843881, "verification_time": 0, "benchmark_time": 157.9733940307051, "GFLOP/s": 6227.863560754166, "strategy_time": 0.014089047908782959, "framework_time": 0.10875053703784943, "timestamp": "2024-03-16 00:53:03.490367+00:00"}, "total_framework_time": 13.411758467555046, "total_strategy_time": 5259.25675407052, "total_compile_time": 26741.59057205543, "total_verification_time": 0, "total_benchmark_time": 21648.845308460295, "overhead_time": 255.23226521909237, "execution_time": 5.594928503036499}