{"device_name": "NVIDIA RTX A4000", "simulation": true, "simulated_time": 43985.3829073254, "best_config": {"nvml_gr_clock": 840, "nvml_mem_clock": 6501, "GEMMK": 0, "MWG": 64, "NWG": 64, "KWG": 32, "MDIMC": 8, "NDIMC": 8, "MDIMA": 16, "NDIMB": 8, "KWI": 2, "VWM": 4, "VWN": 2, "STRM": 1, "STRN": 0, "SA": 0, "SB": 0, "KREG": 1, "PRECISION": 32, "core_freqs": [840.0, 840.0, 840.0, 840.0, 840.0, 840.0, 840.0], "core_freq": 840.0, "mem_freqs": [6501.0, 6501.0, 6501.0, 6501.0, 6501.0, 6501.0, 6501.0], "mem_freq": 6501.0, "temperatures": [60.0, 60.40129449838188, 61.0, 61.0, 61.0, 61.618110236220474, 62.0], "temperature": 61.00277210494318, "time": 22.829933714285712, "times": [22.837248, 22.771711999999997, 22.745088, 22.8096, 22.988799999999998, 22.758399999999998, 22.898688], "compile_time": 189.6307929418981, "verification_time": 0, "benchmark_time": 163.28633483499289, "GFLOP/s": 6021.590321919213, "strategy_time": 0.007033348083496094, "framework_time": 0.03445520997047424, "timestamp": "2024-03-15 13:39:02.131544+00:00"}, "total_framework_time": 4.926813766360283, "total_strategy_time": 7593.9393024891615, "total_compile_time": 19835.136350011453, "total_verification_time": 0, "total_benchmark_time": 24150.24655731395, "overhead_time": 261.99181377887726, "execution_time": 7.934265613555908}