{"device_name": "NVIDIA RTX A4000", "simulation": true, "simulated_time": 120273.2265572995, "best_config": {"nvml_gr_clock": 840, "nvml_mem_clock": 6501, "GEMMK": 0, "MWG": 64, "NWG": 128, "KWG": 16, "MDIMC": 16, "NDIMC": 16, "MDIMA": 16, "NDIMB": 32, "KWI": 2, "VWM": 2, "VWN": 4, "STRM": 1, "STRN": 0, "SA": 0, "SB": 1, "KREG": 1, "PRECISION": 32, "core_freqs": [840.0, 840.0, 840.0, 840.0, 840.0, 840.0, 840.0, 840.0, 840.0, 840.0, 840.0, 840.0, 840.0, 840.0, 840.0, 840.0, 840.0, 840.0, 840.0, 840.0, 840.0, 840.0, 840.0, 840.0, 840.0, 840.0, 840.0, 840.0, 840.0, 840.0, 840.0, 840.0], "core_freq": 840.0, "mem_freqs": [6501.0, 6501.0, 6501.0, 6501.0, 6501.0, 6501.0, 6501.0, 6501.0, 6501.0, 6501.0, 6501.0, 6501.0, 6501.0, 6501.0, 6501.0, 6501.0, 6501.0, 6501.0, 6501.0, 6501.0, 6501.0, 6501.0, 6501.0, 6501.0, 6501.0, 6501.0, 6501.0, 6501.0, 6501.0, 6501.0, 6501.0, 6501.0], "mem_freq": 6501.0, "temperatures": [60.11904761904762, 61.0, 61.0, 61.501597444089455, 62.0, 62.0, 62.0, 62.56578947368421, 63.0, 63.0, 63.0, 63.0, 63.0, 63.0, 63.0, 63.0, 63.0, 63.0, 63.0, 63.0, 63.0, 63.0, 63.0, 63.0, 63.0, 63.0, 63.0, 63.0, 63.0, 63.0, 63.0, 63.0], "temperature": 62.630826079275664, "time": 22.473374, "times": [22.494208, 22.474752, 22.466559999999998, 22.46144, 22.49216, 22.462464, 22.479872, 22.470655999999998, 22.458368, 22.47168, 22.483967999999997, 22.48192, 22.468608, 22.448128, 22.460416, 22.482944, 22.46144, 22.479872, 22.479808, 22.473727999999998, 22.488063999999998, 22.462464, 22.474752, 22.462464, 22.482944, 22.464512, 22.467584, 22.475776, 22.483967999999997, 22.466559999999998, 22.473727999999998, 22.49216], "pwr_core_freqs": [840.0], "pwr_core_freq": 840.0, "pwr_mem_freqs": [6501.0], "pwr_mem_freq": 6501.0, "pwr_temperatures": [63.94575101912825], "pwr_temperature": 63.94575101912825, "nvml_energy": 2.4343608184280003, "compile_time": 201.86659134924412, "verification_time": 0, "benchmark_time": 2528.4168049693108, "GFLOP/s": 6117.128113651292, "strategy_time": 0.0017031561583280563, "framework_time": 0.04129786975681782, "timestamp": "2024-02-13 05:13:19.341037+00:00"}, "total_framework_time": 1.5344710554927588, "total_strategy_time": 7394.586583133787, "total_compile_time": 8276.85069013387, "total_verification_time": 0, "total_benchmark_time": 111996.37586716563, "overhead_time": 498.68624680675566, "execution_time": 8.478464603424072}