{"device_name": "NVIDIA RTX A4000", "simulation": true, "simulated_time": 122778.38548645377, "best_config": {"nvml_gr_clock": 840, "nvml_mem_clock": 6501, "GEMMK": 0, "MWG": 128, "NWG": 64, "KWG": 16, "MDIMC": 8, "NDIMC": 16, "MDIMA": 8, "NDIMB": 32, "KWI": 2, "VWM": 4, "VWN": 1, "STRM": 1, "STRN": 0, "SA": 1, "SB": 1, "KREG": 1, "PRECISION": 32, "core_freqs": [840.0, 840.0, 840.0, 840.0, 840.0, 840.0, 840.0, 840.0, 840.0, 840.0, 840.0, 840.0, 840.0, 840.0, 840.0, 840.0, 840.0, 840.0, 840.0, 840.0, 840.0, 840.0, 840.0, 840.0, 840.0, 840.0, 840.0, 840.0, 840.0, 840.0, 840.0, 840.0], "core_freq": 840.0, "mem_freqs": [6501.0, 6501.0, 6501.0, 6501.0, 6501.0, 6501.0, 6501.0, 6501.0, 6501.0, 6501.0, 6501.0, 6501.0, 6501.0, 6501.0, 6501.0, 6501.0, 6501.0, 6501.0, 6501.0, 6501.0, 6501.0, 6501.0, 6501.0, 6501.0, 6501.0, 6501.0, 6501.0, 6501.0, 6501.0, 6501.0, 6501.0, 6501.0], "mem_freq": 6501.0, "temperatures": [56.410526315789475, 57.0, 58.0, 58.0, 58.0, 58.0, 58.0, 58.62453531598513, 59.0, 59.0, 59.0, 59.0, 59.0, 59.0, 59.0, 59.0, 59.0, 59.0, 59.0, 59.0, 59.082191780821915, 60.0, 60.0, 60.0, 60.0, 60.0, 60.0, 60.0, 60.0, 60.0, 60.0, 60.0], "temperature": 59.03491416914364, "time": 21.596765999999995, "times": [21.603327999999998, 21.586944, 21.593087999999998, 21.59104, 21.585919999999998, 21.597184, 21.618688, 21.596159999999998, 21.59104, 21.608448, 21.586944, 21.619712, 21.586944, 21.630976, 21.597184, 21.599232, 21.596159999999998, 21.594112, 21.577728, 21.605376, 21.595136, 21.585919999999998, 21.607423999999998, 21.59104, 21.600224, 21.607391999999997, 21.585919999999998, 21.579776, 21.583872, 21.605376, 21.595136, 21.593087999999998], "pwr_core_freqs": [840.0], "pwr_core_freq": 840.0, "pwr_mem_freqs": [6501.0], "pwr_mem_freq": 6501.0, "pwr_temperatures": [60.06468600172915], "pwr_temperature": 60.06468600172915, "nvml_energy": 2.5341861192059993, "compile_time": 327.6795232668519, "verification_time": 0, "benchmark_time": 2504.87828720361, "GFLOP/s": 6365.421003496543, "strategy_time": 0.0016628764569759369, "framework_time": 0.041818246245384216, "timestamp": "2024-02-14 10:16:24.386525+00:00"}, "total_framework_time": 1.5803985297679901, "total_strategy_time": 7618.469558889046, "total_compile_time": 8840.309292078018, "total_verification_time": 0, "total_benchmark_time": 113938.07619437575, "overhead_time": 500.5716804880649, "execution_time": 8.722678422927856}