{"platform_name": "NVIDIA CUDA", "platform_version": "OpenCL 3.0 CUDA 12.3.68", "device_name": "NVIDIA RTX A4000", "device_version": "OpenCL 3.0 CUDA", "opencl_c_version": "OpenCL C 1.2 ", "driver_version": "545.23.06", "iterations": 7, "compiler_options": ["-I/home/fjwillem/Code/kernel_tuner_paper/kernels/gemm_cltune_opencl/"], "best_config": {"nvml_gr_clock": 840, "nvml_mem_clock": 6501, "GEMMK": 0, "MWG": 64, "NWG": 64, "KWG": 16, "MDIMC": 8, "NDIMC": 8, "MDIMA": 16, "NDIMB": 16, "KWI": 2, "VWM": 4, "VWN": 2, "STRM": 1, "STRN": 1, "SA": 1, "SB": 1, "KREG": 1, "PRECISION": 32, "core_freqs": [840.0, 840.0, 840.0, 840.0, 840.0, 840.0, 840.0], "core_freq": 840.0, "mem_freqs": [6501.0, 6501.0, 6501.0, 6501.0, 6501.0, 6501.0, 6501.0], "mem_freq": 6501.0, "temperatures": [60.0, 60.107142857142854, 61.0, 61.0, 61.26190476190476, 62.0, 62.0], "temperature": 61.05272108843537, "time": 20.194742857142852, "times": [20.200447999999998, 20.191232, 20.189183999999997, 20.194304, 20.214783999999998, 20.196351999999997, 20.176896], "compile_time": 216.09690296463668, "verification_time": 0, "benchmark_time": 145.57234896346927, "GFLOP/s": 6807.341340094171, "strategy_time": 0.007944880053400993, "framework_time": 1.70245417393744, "timestamp": "2024-03-15 15:38:33.883706+00:00"}, "total_framework_time": 302.45527694933116, "total_strategy_time": 344.07903626561165, "total_compile_time": 42629.47767204605, "total_verification_time": 0, "total_benchmark_time": 75981.45752539858, "overhead_time": 2838.4185733739287, "execution_time": 122.10686612129211}