{"device_name": "NVIDIA RTX A4000", "simulation": true, "simulated_time": 48231.459642527625, "best_config": {"nvml_gr_clock": 840, "nvml_mem_clock": 6501, "GEMMK": 0, "MWG": 64, "NWG": 64, "KWG": 32, "MDIMC": 8, "NDIMC": 8, "MDIMA": 32, "NDIMB": 16, "KWI": 2, "VWM": 2, "VWN": 4, "STRM": 0, "STRN": 0, "SA": 0, "SB": 0, "KREG": 1, "PRECISION": 32, "core_freqs": [840.0, 840.0, 840.0, 840.0, 840.0, 840.0, 840.0], "core_freq": 840.0, "mem_freqs": [6501.0, 6501.0, 6501.0, 6501.0, 6501.0, 6501.0, 6501.0], "mem_freq": 6501.0, "temperatures": [60.0, 60.08206686930091, 61.0, 61.0, 61.0, 61.41337386018237, 62.0], "temperature": 60.9279201042119, "time": 24.178093714285712, "times": [24.16224, 24.098816, 24.206336, 23.975935999999997, 24.381439999999998, 24.046592, 24.375296], "compile_time": 218.43994199298322, "verification_time": 0, "benchmark_time": 172.7081520948559, "GFLOP/s": 5685.829061981585, "strategy_time": 0.014157965779304504, "framework_time": 0.1041945070028305, "timestamp": "2024-03-15 13:43:15.395055+00:00"}, "total_framework_time": 11.958422139286995, "total_strategy_time": 4931.030394509435, "total_compile_time": 26388.609723420814, "total_verification_time": 0, "total_benchmark_time": 21842.84991910681, "overhead_time": 250.08038990199566, "execution_time": 5.260728597640991}