{"platform_name": "NVIDIA CUDA", "platform_version": "OpenCL 3.0 CUDA 12.3.68", "device_name": "NVIDIA RTX A4000", "device_version": "OpenCL 3.0 CUDA", "opencl_c_version": "OpenCL C 1.2 ", "driver_version": "545.23.06", "iterations": 32, "compiler_options": ["-I/home/fjwillem/Code/kernel_tuner_paper/kernels/gemm_cltune_opencl/"], "best_config": {"nvml_gr_clock": 840, "nvml_mem_clock": 6501, "GEMMK": 0, "MWG": 128, "NWG": 128, "KWG": 32, "MDIMC": 16, "NDIMC": 16, "MDIMA": 32, "NDIMB": 32, "KWI": 2, "VWM": 4, "VWN": 4, "STRM": 0, "STRN": 0, "SA": 0, "SB": 0, "KREG": 1, "PRECISION": 32, "core_freqs": [840.0, 840.0, 840.0, 840.0, 840.0, 840.0, 840.0, 840.0, 840.0, 840.0, 840.0, 840.0, 840.0, 840.0, 840.0, 840.0, 840.0, 840.0, 840.0, 840.0, 840.0, 840.0, 840.0, 840.0, 840.0, 840.0, 840.0, 840.0, 840.0, 840.0, 840.0, 840.0], "core_freq": 840.0, "mem_freqs": [6501.0, 6501.0, 6501.0, 6501.0, 6501.0, 6501.0, 6501.0, 6501.0, 6501.0, 6501.0, 6501.0, 6501.0, 6501.0, 6501.0, 6501.0, 6501.0, 6501.0, 6501.0, 6501.0, 6501.0, 6501.0, 6501.0, 6501.0, 6501.0, 6501.0, 6501.0, 6501.0, 6501.0, 6501.0, 6501.0, 6501.0, 6501.0], "mem_freq": 6501.0, "temperatures": [64.0, 64.4185303514377, 65.0, 65.0, 65.0, 65.0, 65.0, 65.0, 65.33333333333333, 66.0, 66.0, 66.0, 66.0, 66.0, 66.0, 66.0, 66.0, 66.0, 66.0, 66.0, 66.0, 66.0, 66.0, 66.0, 66.0, 66.0, 66.0, 66.0, 66.0, 66.0, 66.0, 66.0], "temperature": 65.67974574014909, "time": 24.189182, "times": [24.16736, 24.189951999999998, 24.225792, 24.187904, 24.265728, 24.147968, 24.197119999999998, 24.242176, 24.148992, 24.204288, 24.188928, 24.194048, 24.146943999999998, 24.161279999999998, 24.203263999999997, 24.174592, 24.162304, 24.200191999999998, 24.170496, 24.196095999999997, 24.195072, 24.22272, 24.178687999999998, 24.147968, 24.22784, 24.198144, 24.143871999999998, 24.180736, 24.22784, 24.217599999999997, 24.148992, 24.188928], "pwr_core_freqs": [840.0], "pwr_core_freq": 840.0, "pwr_mem_freqs": [6501.0], "pwr_mem_freq": 6501.0, "pwr_temperatures": [66.0], "pwr_temperature": 66.0, "nvml_energy": 2.2102381268860003, "compile_time": 240.7257780432701, "verification_time": 0, "benchmark_time": 1826.257123844698, "GFLOP/s": 5683.222686240485, "strategy_time": 0.00927806831896305, "framework_time": 2.060509053990245, "timestamp": "2024-03-14 10:23:27.868443+00:00"}, "total_framework_time": 66.00813148543239, "total_strategy_time": 337.7728608902544, "total_compile_time": 11387.631304794922, "total_verification_time": 0, "total_benchmark_time": 106228.35625731386, "overhead_time": 4972.587217343971, "execution_time": 123.00639081001282}