{"device_name": "NVIDIA RTX A4000", "simulation": true, "simulated_time": 120218.55400013737, "best_config": {"nvml_gr_clock": 840, "nvml_mem_clock": 6501, "GEMMK": 0, "MWG": 128, "NWG": 128, "KWG": 32, "MDIMC": 8, "NDIMC": 16, "MDIMA": 8, "NDIMB": 8, "KWI": 2, "VWM": 4, "VWN": 8, "STRM": 1, "STRN": 1, "SA": 1, "SB": 1, "KREG": 1, "PRECISION": 32, "core_freqs": [840.0, 840.0, 840.0, 840.0, 840.0, 840.0, 840.0], "core_freq": 840.0, "mem_freqs": [6501.0, 6501.0, 6501.0, 6501.0, 6501.0, 6501.0, 6501.0], "mem_freq": 6501.0, "temperatures": [54.21235521235521, 55.0, 55.0, 55.0, 55.0, 55.9277566539924, 56.0], "temperature": 55.16287312376394, "time": 20.424402285714283, "times": [20.426752, 20.412416, 20.410368, 20.423679999999997, 20.423616, 20.436992, 20.436992], "compile_time": 306.3567588105798, "verification_time": 0, "benchmark_time": 146.35515888221562, "GFLOP/s": 6730.797111265002, "strategy_time": 0.001643085852265358, "framework_time": 0.04267995245754719, "timestamp": "2024-03-15 23:53:40.129980+00:00"}, "total_framework_time": 8.120863698422909, "total_strategy_time": 3814.4813997205347, "total_compile_time": 48429.25486899912, "total_verification_time": 0, "total_benchmark_time": 71789.29913113825, "overhead_time": 259.5580245833844, "execution_time": 4.145465850830078}