{"device_name": "NVIDIA RTX A4000", "simulation": true, "simulated_time": 63482.34598431736, "best_config": {"nvml_gr_clock": 840, "nvml_mem_clock": 6501, "GEMMK": 0, "MWG": 64, "NWG": 128, "KWG": 16, "MDIMC": 8, "NDIMC": 8, "MDIMA": 32, "NDIMB": 32, "KWI": 2, "VWM": 2, "VWN": 2, "STRM": 0, "STRN": 1, "SA": 1, "SB": 1, "KREG": 1, "PRECISION": 32, "core_freqs": [840.0, 840.0, 840.0, 840.0, 840.0, 840.0, 840.0], "core_freq": 840.0, "mem_freqs": [6501.0, 6501.0, 6501.0, 6501.0, 6501.0, 6501.0, 6501.0], "mem_freq": 6501.0, "temperatures": [53.7864406779661, 54.277966101694915, 55.0, 55.0, 55.0, 55.0, 55.94444444444444], "temperature": 54.85840731772935, "time": 20.413284571428573, "times": [20.457472, 20.423679999999997, 20.41856, 20.449216, 20.365312, 20.424704, 20.354048], "compile_time": 608.818890992552, "verification_time": 0, "benchmark_time": 145.57683002203703, "GFLOP/s": 6734.46291423445, "strategy_time": 0.014575198292732239, "framework_time": 0.11394359171390533, "timestamp": "2024-03-15 14:52:47.557957+00:00"}, "total_framework_time": 13.271601870656013, "total_strategy_time": 5232.546368613839, "total_compile_time": 34305.69644761272, "total_verification_time": 0, "total_benchmark_time": 29176.649536704645, "overhead_time": 386.0154449939728, "execution_time": 5.699272871017456}