{"platform_name": "NVIDIA CUDA", "platform_version": "OpenCL 3.0 CUDA 12.3.68", "device_name": "NVIDIA RTX A4000", "device_version": "OpenCL 3.0 CUDA", "opencl_c_version": "OpenCL C 1.2 ", "driver_version": "545.23.06", "iterations": 7, "compiler_options": ["-I/home/fjwillem/Code/kernel_tuner_paper/kernels/gemm_cltune_opencl/"], "best_config": {"nvml_gr_clock": 840, "nvml_mem_clock": 6501, "GEMMK": 0, "MWG": 64, "NWG": 64, "KWG": 32, "MDIMC": 8, "NDIMC": 8, "MDIMA": 32, "NDIMB": 32, "KWI": 2, "VWM": 2, "VWN": 2, "STRM": 1, "STRN": 0, "SA": 1, "SB": 1, "KREG": 1, "PRECISION": 32, "core_freqs": [840.0, 840.0, 840.0, 840.0, 840.0, 840.0, 840.0], "core_freq": 840.0, "mem_freqs": [6501.0, 6501.0, 6501.0, 6501.0, 6501.0, 6501.0, 6501.0], "mem_freq": 6501.0, "temperatures": [59.0, 59.056338028169016, 60.0, 60.0, 60.34156378600823, 61.0, 61.0], "temperature": 60.056843116311036, "time": 20.841179428571426, "times": [20.845568, 20.834304, 20.836351999999998, 20.846591999999998, 20.837376, 20.844544, 20.843519999999998], "compile_time": 285.44276021420956, "verification_time": 0, "benchmark_time": 148.49486760795116, "GFLOP/s": 6596.1961689911495, "strategy_time": 0.06266683340072632, "framework_time": 2.0934585481882095, "timestamp": "2024-07-11 08:18:44.474506+00:00"}, "total_framework_time": 229.1276417672634, "total_strategy_time": 701.3517357409, "total_compile_time": 23397.61354587972, "total_verification_time": 0, "total_benchmark_time": 25533.854249864817, "overhead_time": 2596.5683814138174, "execution_time": 52.4721155166626}