{"device_name": "NVIDIA RTX A4000", "simulation": true, "simulated_time": 68836.26255067065, "best_config": {"nvml_gr_clock": 840, "nvml_mem_clock": 6501, "GEMMK": 0, "MWG": 64, "NWG": 128, "KWG": 16, "MDIMC": 8, "NDIMC": 8, "MDIMA": 8, "NDIMB": 32, "KWI": 2, "VWM": 4, "VWN": 1, "STRM": 1, "STRN": 1, "SA": 0, "SB": 1, "KREG": 1, "PRECISION": 32, "core_freqs": [840.0, 840.0, 840.0, 840.0, 840.0, 840.0, 840.0], "core_freq": 840.0, "mem_freqs": [6501.0, 6501.0, 6501.0, 6501.0, 6501.0, 6501.0, 6501.0], "mem_freq": 6501.0, "temperatures": [54.0, 54.528023598820056, 55.0, 55.0, 55.98511904761905, 56.0, 56.0], "temperature": 55.21616323520559, "time": 22.881856, "times": [22.889471999999998, 22.861824, 22.87616, 22.902784, 22.880224, 22.904832, 22.857696], "compile_time": 567.7083560731262, "verification_time": 0, "benchmark_time": 162.84465603530407, "GFLOP/s": 6007.92645072148, "strategy_time": 0.005692243576049805, "framework_time": 0.10359100997447968, "timestamp": "2024-03-15 14:42:39.615711+00:00"}, "total_framework_time": 12.5935859978199, "total_strategy_time": 5169.884676113725, "total_compile_time": 39291.68675164692, "total_verification_time": 0, "total_benchmark_time": 29544.575799023733, "overhead_time": 260.8324773609638, "execution_time": 5.514195203781128}