{"device_name": "NVIDIA RTX A4000", "simulation": true, "simulated_time": 52215.99060087465, "best_config": {"nvml_gr_clock": 840, "nvml_mem_clock": 6501, "GEMMK": 0, "MWG": 128, "NWG": 64, "KWG": 16, "MDIMC": 8, "NDIMC": 16, "MDIMA": 32, "NDIMB": 32, "KWI": 2, "VWM": 4, "VWN": 1, "STRM": 1, "STRN": 1, "SA": 0, "SB": 1, "KREG": 1, "PRECISION": 32, "core_freqs": [840.0, 840.0, 840.0, 840.0, 840.0, 840.0, 840.0], "core_freq": 840.0, "mem_freqs": [6501.0, 6501.0, 6501.0, 6501.0, 6501.0, 6501.0, 6501.0], "mem_freq": 6501.0, "temperatures": [59.0, 59.0, 59.726027397260275, 60.0, 60.0, 60.0, 60.25770308123249], "temperature": 59.711961496927536, "time": 26.522477714285714, "times": [26.44992, 26.591231999999998, 26.548223999999998, 26.476544, 26.520576, 26.488832, 26.582016], "compile_time": 327.5404719170183, "verification_time": 0, "benchmark_time": 189.26017405465245, "GFLOP/s": 5183.245298004479, "strategy_time": 0.014776363968849182, "framework_time": 0.10468810796737671, "timestamp": "2024-03-15 20:37:59.235454+00:00"}, "total_framework_time": 12.026159092783928, "total_strategy_time": 4946.518765762448, "total_compile_time": 26214.69258167781, "total_verification_time": 0, "total_benchmark_time": 26001.298019196838, "overhead_time": 257.2765313088894, "execution_time": 5.2815845012664795}