{"platform_name": "NVIDIA CUDA", "platform_version": "OpenCL 3.0 CUDA 12.3.68", "device_name": "NVIDIA RTX A4000", "device_version": "OpenCL 3.0 CUDA", "opencl_c_version": "OpenCL C 1.2 ", "driver_version": "545.23.06", "iterations": 7, "compiler_options": ["-I/home/fjwillem/Code/kernel_tuner_paper/kernels/gemm_cltune_opencl/"], "best_config": {"nvml_gr_clock": 840, "nvml_mem_clock": 6501, "GEMMK": 0, "MWG": 128, "NWG": 128, "KWG": 32, "MDIMC": 16, "NDIMC": 8, "MDIMA": 8, "NDIMB": 32, "KWI": 2, "VWM": 4, "VWN": 2, "STRM": 1, "STRN": 1, "SA": 1, "SB": 1, "KREG": 1, "PRECISION": 32, "core_freqs": [840.0, 840.0, 840.0, 840.0, 840.0, 840.0, 840.0], "core_freq": 840.0, "mem_freqs": [6501.0, 6501.0, 6501.0, 6501.0, 6501.0, 6501.0, 6501.0], "mem_freq": 6501.0, "temperatures": [57.0, 57.0, 57.857142857142854, 58.0, 58.0, 58.808510638297875, 59.0], "temperature": 57.9522362136344, "time": 19.254418285714284, "times": [19.258368, 19.248127999999998, 19.262463999999998, 19.248127999999998, 19.250176, 19.255295999999998, 19.258368], "compile_time": 161.57260164618492, "verification_time": 0, "benchmark_time": 138.30772787332535, "GFLOP/s": 7139.79024783091, "strategy_time": 0.07709488272666931, "framework_time": 2.3672915995121, "timestamp": "2024-07-09 10:59:34.741139+00:00"}, "total_framework_time": 212.90653198957443, "total_strategy_time": 707.1063425391912, "total_compile_time": 30710.923980921507, "total_verification_time": 0, "total_benchmark_time": 23320.849750190973, "overhead_time": 3168.8523422926664, "execution_time": 58.13700723648071}