{"platform_name": "NVIDIA CUDA", "platform_version": "OpenCL 3.0 CUDA 12.3.68", "device_name": "NVIDIA RTX A4000", "device_version": "OpenCL 3.0 CUDA", "opencl_c_version": "OpenCL C 1.2 ", "driver_version": "545.23.06", "iterations": 7, "compiler_options": ["-I/home/fjwillem/Code/kernel_tuner_paper/kernels/gemm_cltune_opencl/"], "best_config": {"nvml_gr_clock": 840, "nvml_mem_clock": 6501, "GEMMK": 0, "MWG": 64, "NWG": 128, "KWG": 16, "MDIMC": 16, "NDIMC": 8, "MDIMA": 32, "NDIMB": 32, "KWI": 2, "VWM": 2, "VWN": 4, "STRM": 1, "STRN": 0, "SA": 1, "SB": 1, "KREG": 1, "PRECISION": 32, "core_freqs": [840.0, 840.0, 840.0, 840.0, 840.0, 840.0, 840.0], "core_freq": 840.0, "mem_freqs": [6501.0, 6501.0, 6501.0, 6501.0, 6501.0, 6501.0, 6501.0], "mem_freq": 6501.0, "temperatures": [58.0, 58.0, 58.40196078431372, 59.0, 59.0, 59.29081632653061, 60.0], "temperature": 58.81325387297776, "time": 19.134171428571427, "times": [19.151872, 19.130368, 19.12832, 19.1232, 19.130368, 19.139584, 19.135488], "compile_time": 215.1493765413761, "verification_time": 0, "benchmark_time": 137.19449937343597, "GFLOP/s": 7184.659571865444, "strategy_time": 0.07152371108531952, "framework_time": 2.2013653069734573, "timestamp": "2024-07-11 08:28:53.581171+00:00"}, "total_framework_time": 210.28131805360317, "total_strategy_time": 758.7521634995937, "total_compile_time": 31882.210047915578, "total_verification_time": 0, "total_benchmark_time": 22031.039960682392, "overhead_time": 2833.029143512249, "execution_time": 57.72955822944641}