{"platform_name": "NVIDIA CUDA", "platform_version": "OpenCL 3.0 CUDA 12.3.68", "device_name": "NVIDIA RTX A4000", "device_version": "OpenCL 3.0 CUDA", "opencl_c_version": "OpenCL C 1.2 ", "driver_version": "545.23.06", "iterations": 7, "compiler_options": ["-I/home/fjwillem/Code/kernel_tuner_paper/kernels/gemm_cltune_opencl/"], "best_config": {"nvml_gr_clock": 840, "nvml_mem_clock": 6501, "GEMMK": 0, "MWG": 128, "NWG": 64, "KWG": 16, "MDIMC": 8, "NDIMC": 16, "MDIMA": 16, "NDIMB": 32, "KWI": 2, "VWM": 4, "VWN": 2, "STRM": 1, "STRN": 1, "SA": 1, "SB": 0, "KREG": 1, "PRECISION": 32, "core_freqs": [840.0, 840.0, 840.0, 840.0, 840.0, 840.0, 840.0], "core_freq": 840.0, "mem_freqs": [6501.0, 6501.0, 6501.0, 6501.0, 6501.0, 6501.0, 6501.0], "mem_freq": 6501.0, "temperatures": [58.0, 58.41525423728814, 59.0, 59.0, 59.7551867219917, 60.0, 60.0], "temperature": 59.1672058513257, "time": 21.80315428571428, "times": [21.8112, 21.798911999999998, 21.801983999999997, 21.808128, 21.798911999999998, 21.80096, 21.801983999999997], "compile_time": 315.91239757835865, "verification_time": 0, "benchmark_time": 155.45029751956463, "GFLOP/s": 6305.16603710289, "strategy_time": 0.05771033465862274, "framework_time": 1.8905960023403168, "timestamp": "2024-07-09 10:35:15.510726+00:00"}, "total_framework_time": 207.43277110159397, "total_strategy_time": 807.3793426156044, "total_compile_time": 29870.816873386502, "total_verification_time": 0, "total_benchmark_time": 22754.561219364405, "overhead_time": 2806.306354701519, "execution_time": 56.458927392959595}