{"platform_name": "NVIDIA CUDA", "platform_version": "OpenCL 3.0 CUDA 12.3.68", "device_name": "NVIDIA RTX A4000", "device_version": "OpenCL 3.0 CUDA", "opencl_c_version": "OpenCL C 1.2 ", "driver_version": "545.23.06", "iterations": 7, "compiler_options": ["-I/home/fjwillem/Code/kernel_tuner_paper/kernels/gemm_cltune_opencl/"], "best_config": {"nvml_gr_clock": 840, "nvml_mem_clock": 6501, "GEMMK": 0, "MWG": 64, "NWG": 128, "KWG": 32, "MDIMC": 16, "NDIMC": 8, "MDIMA": 8, "NDIMB": 16, "KWI": 2, "VWM": 4, "VWN": 2, "STRM": 0, "STRN": 1, "SA": 0, "SB": 1, "KREG": 1, "PRECISION": 32, "core_freqs": [840.0, 840.0, 840.0, 840.0, 840.0, 840.0, 840.0], "core_freq": 840.0, "mem_freqs": [6501.0, 6501.0, 6501.0, 6501.0, 6501.0, 6501.0, 6501.0], "mem_freq": 6501.0, "temperatures": [57.0, 57.51476793248945, 58.0, 59.0, 59.0, 59.03347280334728, 60.0], "temperature": 58.50689153369097, "time": 19.947666285714284, "times": [19.953664, 19.950592, 19.950592, 19.944447999999998, 19.9424, 19.945472, 19.946496], "compile_time": 286.1793991178274, "verification_time": 0, "benchmark_time": 142.03481934964657, "GFLOP/s": 6891.658700068201, "strategy_time": 0.05608797073364258, "framework_time": 1.728292554616928, "timestamp": "2024-07-11 09:09:13.597549+00:00"}, "total_framework_time": 205.7008147239685, "total_strategy_time": 639.7118289023638, "total_compile_time": 25667.896922677755, "total_verification_time": 0, "total_benchmark_time": 18839.42613005638, "overhead_time": 2572.7795343846083, "execution_time": 47.93538856506348}