{"platform_name": "NVIDIA CUDA", "platform_version": "OpenCL 3.0 CUDA 12.3.68", "device_name": "NVIDIA RTX A4000", "device_version": "OpenCL 3.0 CUDA", "opencl_c_version": "OpenCL C 1.2 ", "driver_version": "545.23.06", "iterations": 7, "compiler_options": ["-I/home/fjwillem/Code/kernel_tuner_paper/kernels/gemm_cltune_opencl/"], "best_config": {"nvml_gr_clock": 840, "nvml_mem_clock": 6501, "GEMMK": 0, "MWG": 64, "NWG": 128, "KWG": 32, "MDIMC": 16, "NDIMC": 8, "MDIMA": 16, "NDIMB": 16, "KWI": 2, "VWM": 4, "VWN": 2, "STRM": 0, "STRN": 1, "SA": 0, "SB": 1, "KREG": 1, "PRECISION": 32, "core_freqs": [840.0, 840.0, 840.0, 840.0, 840.0, 840.0, 840.0], "core_freq": 840.0, "mem_freqs": [6501.0, 6501.0, 6501.0, 6501.0, 6501.0, 6501.0, 6501.0], "mem_freq": 6501.0, "temperatures": [57.0, 57.32340425531915, 58.0, 58.860169491525426, 59.0, 59.0, 59.86808510638298], "temperature": 58.43595126474679, "time": 19.94677942857143, "times": [19.944447999999998, 19.94752, 19.948544, 19.939328, 19.946496, 19.952576, 19.948544], "compile_time": 478.14209572970867, "verification_time": 0, "benchmark_time": 142.10886135697365, "GFLOP/s": 6891.9651112743895, "strategy_time": 0.05227886140346527, "framework_time": 1.8260441720485687, "timestamp": "2024-07-09 10:38:53.781125+00:00"}, "total_framework_time": 186.54274754226208, "total_strategy_time": 692.1696905046701, "total_compile_time": 32381.306774914265, "total_verification_time": 0, "total_benchmark_time": 23620.722711086273, "overhead_time": 2836.3118041306734, "execution_time": 59.72677183151245}