{"device_name": "NVIDIA RTX A4000", "simulation": true, "simulated_time": 58565.41199493222, "best_config": {"nvml_gr_clock": 840, "nvml_mem_clock": 6501, "GEMMK": 0, "MWG": 128, "NWG": 64, "KWG": 32, "MDIMC": 16, "NDIMC": 8, "MDIMA": 32, "NDIMB": 32, "KWI": 2, "VWM": 2, "VWN": 2, "STRM": 1, "STRN": 0, "SA": 1, "SB": 1, "KREG": 1, "PRECISION": 32, "core_freqs": [840.0, 840.0, 840.0, 840.0, 840.0, 840.0, 840.0], "core_freq": 840.0, "mem_freqs": [6501.0, 6501.0, 6501.0, 6501.0, 6501.0, 6501.0, 6501.0], "mem_freq": 6501.0, "temperatures": [58.0, 58.0, 58.39688715953307, 59.0, 59.0, 59.39705882352941, 60.0], "temperature": 58.827706569008924, "time": 19.94371657142857, "times": [19.95264, 19.941375999999998, 19.9424, 19.943424, 19.939328, 19.945472, 19.941375999999998], "compile_time": 486.50595685467124, "verification_time": 0, "benchmark_time": 142.92822498828173, "GFLOP/s": 6893.023545117138, "strategy_time": 0.015618279576301575, "framework_time": 0.11058896780014038, "timestamp": "2024-03-15 22:10:02.207357+00:00"}, "total_framework_time": 12.941623106598854, "total_strategy_time": 5147.883843630552, "total_compile_time": 38530.271291034296, "total_verification_time": 0, "total_benchmark_time": 20035.140703897923, "overhead_time": 248.2572514563799, "execution_time": 5.474764585494995}