{"device_name": "NVIDIA RTX A4000", "simulation": true, "simulated_time": 44427.63672559522, "best_config": {"nvml_gr_clock": 840, "nvml_mem_clock": 6501, "GEMMK": 0, "MWG": 64, "NWG": 128, "KWG": 32, "MDIMC": 8, "NDIMC": 16, "MDIMA": 16, "NDIMB": 32, "KWI": 2, "VWM": 4, "VWN": 2, "STRM": 1, "STRN": 0, "SA": 0, "SB": 0, "KREG": 1, "PRECISION": 32, "core_freqs": [840.0, 840.0, 840.0, 840.0, 840.0, 840.0, 840.0], "core_freq": 840.0, "mem_freqs": [6501.0, 6501.0, 6501.0, 6501.0, 6501.0, 6501.0, 6501.0], "mem_freq": 6501.0, "temperatures": [60.0, 60.28164556962025, 61.0, 61.0, 61.0, 61.0, 61.18789808917197], "temperature": 60.78136337982746, "time": 22.983241142857143, "times": [23.046143999999998, 22.979584, 22.904832, 22.984704, 23.079936, 22.935551999999998, 22.951936], "compile_time": 184.43272705189884, "verification_time": 0, "benchmark_time": 164.3117021303624, "GFLOP/s": 5981.423901420642, "strategy_time": 0.01492723822593689, "framework_time": 0.11196918785572052, "timestamp": "2024-03-15 16:08:17.802450+00:00"}, "total_framework_time": 12.181505560874939, "total_strategy_time": 5213.651567697525, "total_compile_time": 19872.051711427048, "total_verification_time": 0, "total_benchmark_time": 24555.585014168173, "overhead_time": 266.9632826000452, "execution_time": 5.563652038574219}