{"device_name": "NVIDIA RTX A4000", "simulation": true, "simulated_time": 120357.83760156482, "best_config": {"nvml_gr_clock": 840, "nvml_mem_clock": 6501, "GEMMK": 0, "MWG": 64, "NWG": 64, "KWG": 16, "MDIMC": 8, "NDIMC": 8, "MDIMA": 16, "NDIMB": 16, "KWI": 2, "VWM": 2, "VWN": 4, "STRM": 1, "STRN": 0, "SA": 1, "SB": 1, "KREG": 1, "PRECISION": 32, "core_freqs": [840.0, 840.0, 840.0, 840.0, 840.0, 840.0, 840.0], "core_freq": 840.0, "mem_freqs": [6501.0, 6501.0, 6501.0, 6501.0, 6501.0, 6501.0, 6501.0], "mem_freq": 6501.0, "temperatures": [59.0, 59.7153024911032, 60.29616724738676, 61.0, 61.0, 61.0, 61.02836879432624], "temperature": 60.43426264754517, "time": 20.682459428571427, "times": [20.686847999999998, 20.681728, 20.696064, 20.669439999999998, 20.678656, 20.670464, 20.694015999999998], "compile_time": 343.7493380624801, "verification_time": 0, "benchmark_time": 148.24080700054765, "GFLOP/s": 6646.8162734114185, "strategy_time": 0.0015629921108484268, "framework_time": 0.04395307041704655, "timestamp": "2024-03-15 13:00:55.723866+00:00"}, "total_framework_time": 8.18228186108172, "total_strategy_time": 3657.6954033225775, "total_compile_time": 50847.73685759865, "total_verification_time": 0, "total_benchmark_time": 69510.10074396618, "overhead_time": 248.1574157718569, "execution_time": 3.9755210876464844}