{"device_name": "NVIDIA RTX A4000", "simulation": true, "simulated_time": 120437.97471188009, "best_config": {"nvml_gr_clock": 840, "nvml_mem_clock": 6501, "GEMMK": 0, "MWG": 64, "NWG": 128, "KWG": 32, "MDIMC": 8, "NDIMC": 8, "MDIMA": 8, "NDIMB": 8, "KWI": 2, "VWM": 2, "VWN": 2, "STRM": 1, "STRN": 0, "SA": 1, "SB": 0, "KREG": 1, "PRECISION": 32, "core_freqs": [840.0, 840.0, 840.0, 840.0, 840.0, 840.0, 840.0, 840.0, 840.0, 840.0, 840.0, 840.0, 840.0, 840.0, 840.0, 840.0, 840.0, 840.0, 840.0, 840.0, 840.0, 840.0, 840.0, 840.0, 840.0, 840.0, 840.0, 840.0, 840.0, 840.0, 840.0, 840.0], "core_freq": 840.0, "mem_freqs": [6501.0, 6501.0, 6501.0, 6501.0, 6501.0, 6501.0, 6501.0, 6501.0, 6501.0, 6501.0, 6501.0, 6501.0, 6501.0, 6501.0, 6501.0, 6501.0, 6501.0, 6501.0, 6501.0, 6501.0, 6501.0, 6501.0, 6501.0, 6501.0, 6501.0, 6501.0, 6501.0, 6501.0, 6501.0, 6501.0, 6501.0, 6501.0], "mem_freq": 6501.0, "temperatures": [56.55555555555556, 57.0, 57.00682593856655, 58.0, 58.0, 58.0, 58.0, 58.0, 58.0, 58.0, 58.0, 58.0, 58.09422492401216, 59.0, 58.14375, 58.72696245733788, 59.0, 59.0, 59.0, 59.0, 59.0, 59.0, 59.0, 59.0, 59.0, 59.0, 59.0, 59.0, 59.0, 59.0, 59.0, 59.0], "temperature": 58.45397871485851, "time": 23.554878000000002, "times": [23.556096, 23.553024, 23.555072, 23.465984, 23.61344, 23.502848, 23.558144, 23.626752, 23.541728, 23.535615999999997, 23.518207999999998, 23.463936, 23.576576, 23.611392, 23.406592, 23.552, 23.50592, 23.559168, 23.53664, 23.580672, 23.538688, 23.601152, 23.592959999999998, 23.601152, 23.611392, 23.511039999999998, 23.6288, 23.616512, 23.56224, 23.465984, 23.5776, 23.628767999999997], "pwr_core_freqs": [840.0], "pwr_core_freq": 840.0, "pwr_mem_freqs": [6501.0], "pwr_mem_freq": 6501.0, "pwr_temperatures": [59.0], "pwr_temperature": 59.0, "nvml_energy": 2.093863770054, "compile_time": 421.8270657584071, "verification_time": 0, "benchmark_time": 2570.4908166080713, "GFLOP/s": 5836.2649088651615, "strategy_time": 0.0017329584807157516, "framework_time": 0.04042615182697773, "timestamp": "2024-02-13 06:10:21.249200+00:00"}, "total_framework_time": 1.5156019944697618, "total_strategy_time": 8734.908088576049, "total_compile_time": 8568.31541378051, "total_verification_time": 0, "total_benchmark_time": 111869.65929809958, "overhead_time": 521.992840571329, "execution_time": 9.861814975738525}