{"platform_name": "NVIDIA CUDA", "platform_version": "OpenCL 3.0 CUDA 12.3.68", "device_name": "NVIDIA RTX A4000", "device_version": "OpenCL 3.0 CUDA", "opencl_c_version": "OpenCL C 1.2 ", "driver_version": "545.23.06", "iterations": 7, "compiler_options": ["-I/home/fjwillem/Code/kernel_tuner_paper/kernels/gemm_cltune_opencl/"], "best_config": {"nvml_gr_clock": 840, "nvml_mem_clock": 6501, "GEMMK": 0, "MWG": 128, "NWG": 128, "KWG": 16, "MDIMC": 8, "NDIMC": 16, "MDIMA": 32, "NDIMB": 32, "KWI": 2, "VWM": 4, "VWN": 1, "STRM": 1, "STRN": 0, "SA": 1, "SB": 0, "KREG": 1, "PRECISION": 32, "core_freqs": [840.0, 840.0, 840.0, 840.0, 840.0, 840.0, 840.0], "core_freq": 840.0, "mem_freqs": [6501.0, 6501.0, 6501.0, 6501.0, 6501.0, 6501.0, 6501.0], "mem_freq": 6501.0, "temperatures": [57.324561403508774, 58.0, 58.0, 58.0, 58.26066350710901, 59.0, 59.0], "temperature": 58.22646070151683, "time": 21.943003428571426, "times": [21.971968, 21.977088, 21.981184, 21.898239999999998, 22.134784, 21.852159999999998, 21.7856], "compile_time": 140.31754061579704, "verification_time": 0, "benchmark_time": 156.89870156347752, "GFLOP/s": 6264.981380124133, "strategy_time": 0.0700484961271286, "framework_time": 2.0921211689710617, "timestamp": "2024-07-11 08:34:32.134203+00:00"}, "total_framework_time": 209.1310452669859, "total_strategy_time": 694.4603119045496, "total_compile_time": 27053.593764081597, "total_verification_time": 0, "total_benchmark_time": 20940.662693232298, "overhead_time": 2797.559717670083, "execution_time": 51.70953178405762}