{"device_name": "NVIDIA RTX A4000", "simulation": true, "simulated_time": 120621.81183998473, "best_config": {"nvml_gr_clock": 840, "nvml_mem_clock": 6501, "GEMMK": 0, "MWG": 64, "NWG": 128, "KWG": 32, "MDIMC": 16, "NDIMC": 16, "MDIMA": 8, "NDIMB": 32, "KWI": 2, "VWM": 2, "VWN": 4, "STRM": 1, "STRN": 0, "SA": 1, "SB": 1, "KREG": 1, "PRECISION": 32, "core_freqs": [840.0, 840.0, 840.0, 840.0, 840.0, 840.0, 840.0], "core_freq": 840.0, "mem_freqs": [6501.0, 6501.0, 6501.0, 6501.0, 6501.0, 6501.0, 6501.0], "mem_freq": 6501.0, "temperatures": [60.44718309859155, 61.0, 61.0, 61.72641509433962, 62.0, 62.0, 62.0], "temperature": 61.45337117041874, "time": 21.96815542857143, "times": [21.945344, 21.967872, 21.990399999999998, 22.008831999999998, 21.947392, 21.950464, 21.966784], "compile_time": 330.33611299470067, "verification_time": 0, "benchmark_time": 158.11742399819195, "GFLOP/s": 6257.808415048151, "strategy_time": 0.0016728881746530533, "framework_time": 0.04551513120532036, "timestamp": "2024-03-15 16:39:19.358658+00:00"}, "total_framework_time": 7.9682262148708105, "total_strategy_time": 3805.9862246736884, "total_compile_time": 46259.40304226242, "total_verification_time": 0, "total_benchmark_time": 74362.40879772231, "overhead_time": 243.3630779851228, "execution_time": 4.121590614318848}