{"device_name": "NVIDIA RTX A4000", "simulation": true, "simulated_time": 62302.599023794755, "best_config": {"nvml_gr_clock": 840, "nvml_mem_clock": 6501, "GEMMK": 0, "MWG": 64, "NWG": 128, "KWG": 32, "MDIMC": 16, "NDIMC": 8, "MDIMA": 16, "NDIMB": 16, "KWI": 2, "VWM": 4, "VWN": 2, "STRM": 0, "STRN": 1, "SA": 0, "SB": 1, "KREG": 1, "PRECISION": 32, "core_freqs": [840.0, 840.0, 840.0, 840.0, 840.0, 840.0, 840.0], "core_freq": 840.0, "mem_freqs": [6501.0, 6501.0, 6501.0, 6501.0, 6501.0, 6501.0, 6501.0], "mem_freq": 6501.0, "temperatures": [58.0, 58.17712177121771, 59.0, 59.0, 59.229390681003586, 60.0, 60.0], "temperature": 59.05807320746019, "time": 19.946930285714284, "times": [19.958783999999998, 19.937248, 19.944447999999998, 19.945472, 19.938304, 19.951615999999998, 19.95264], "compile_time": 495.852192863822, "verification_time": 0, "benchmark_time": 142.98313111066818, "GFLOP/s": 6891.91298785738, "strategy_time": 0.016430392861366272, "framework_time": 0.10744854807853699, "timestamp": "2024-03-15 16:30:02.508526+00:00"}, "total_framework_time": 13.459617272019386, "total_strategy_time": 5046.897780150175, "total_compile_time": 37443.360454868525, "total_verification_time": 0, "total_benchmark_time": 24859.23856892623, "overhead_time": 248.97305481135845, "execution_time": 5.377676010131836}