{"device_name": "NVIDIA RTX A4000", "simulation": true, "simulated_time": 120080.03246132284, "best_config": {"nvml_gr_clock": 840, "nvml_mem_clock": 6501, "GEMMK": 0, "MWG": 128, "NWG": 128, "KWG": 16, "MDIMC": 16, "NDIMC": 8, "MDIMA": 16, "NDIMB": 8, "KWI": 2, "VWM": 8, "VWN": 8, "STRM": 0, "STRN": 1, "SA": 1, "SB": 0, "KREG": 1, "PRECISION": 32, "core_freqs": [840.0, 840.0, 840.0, 840.0, 840.0, 840.0, 840.0, 840.0, 840.0, 840.0, 840.0, 840.0, 840.0, 840.0, 840.0, 840.0, 840.0, 840.0, 840.0, 840.0, 840.0, 840.0, 840.0, 840.0, 840.0, 840.0, 840.0, 840.0, 840.0, 840.0, 840.0, 840.0], "core_freq": 840.0, "mem_freqs": [6501.0, 6501.0, 6501.0, 6501.0, 6501.0, 6501.0, 6501.0, 6501.0, 6501.0, 6501.0, 6501.0, 6501.0, 6501.0, 6501.0, 6501.0, 6501.0, 6501.0, 6501.0, 6501.0, 6501.0, 6501.0, 6501.0, 6501.0, 6501.0, 6501.0, 6501.0, 6501.0, 6501.0, 6501.0, 6501.0, 6501.0, 6501.0], "mem_freq": 6501.0, "temperatures": [56.0, 56.371647509578544, 57.0, 57.0, 57.0, 57.0, 57.0, 57.0, 57.82051282051282, 58.0, 58.0, 58.0, 58.0, 58.0, 58.0, 58.0, 58.0, 58.0, 58.0, 58.0, 58.0, 58.0, 58.0, 58.0, 58.0, 58.0, 58.0, 58.0, 58.0, 58.0, 58.0, 58.0], "temperature": 57.693505010315356, "time": 22.631168, "times": [22.552576, 22.611967999999997, 22.715391999999998, 22.672383999999997, 22.641664, 22.646784, 22.600704, 22.700032, 22.627328, 22.653952, 22.672383999999997, 22.649856, 22.591488, 22.644735999999998, 22.631424, 22.5792, 22.644735999999998, 22.63552, 22.669311999999998, 22.657024, 22.656, 22.576128, 22.559744, 22.627328, 22.674432, 22.603776, 22.660096, 22.606848, 22.597631999999997, 22.627328, 22.603776, 22.605824], "pwr_core_freqs": [840.0], "pwr_core_freq": 840.0, "pwr_mem_freqs": [6501.0], "pwr_mem_freq": 6501.0, "pwr_temperatures": [58.22333278715386], "pwr_temperature": 58.22333278715386, "nvml_energy": 1.9568265722879998, "compile_time": 279.0481224656105, "verification_time": 0, "benchmark_time": 2531.9664468988776, "GFLOP/s": 6074.476929515967, "strategy_time": 0.001642853021621704, "framework_time": 0.04203803837299347, "timestamp": "2024-02-15 02:59:59.578682+00:00"}, "total_framework_time": 1.5768418088555336, "total_strategy_time": 7714.050630107522, "total_compile_time": 9537.9629554227, "total_verification_time": 0, "total_benchmark_time": 110542.06950590014, "overhead_time": 511.42245321534574, "execution_time": 8.81534218788147}