{"platform_name": "NVIDIA CUDA", "platform_version": "OpenCL 3.0 CUDA 12.3.68", "device_name": "NVIDIA RTX A4000", "device_version": "OpenCL 3.0 CUDA", "opencl_c_version": "OpenCL C 1.2 ", "driver_version": "545.23.06", "iterations": 7, "compiler_options": ["-I/home/fjwillem/Code/kernel_tuner_paper/kernels/gemm_cltune_opencl/"], "best_config": {"nvml_gr_clock": 840, "nvml_mem_clock": 6501, "GEMMK": 0, "MWG": 128, "NWG": 64, "KWG": 16, "MDIMC": 16, "NDIMC": 8, "MDIMA": 8, "NDIMB": 16, "KWI": 2, "VWM": 4, "VWN": 4, "STRM": 1, "STRN": 0, "SA": 1, "SB": 1, "KREG": 1, "PRECISION": 32, "core_freqs": [840.0, 840.0, 840.0, 840.0, 840.0, 840.0, 840.0], "core_freq": 840.0, "mem_freqs": [6501.0, 6501.0, 6501.0, 6501.0, 6501.0, 6501.0, 6501.0], "mem_freq": 6501.0, "temperatures": [56.0, 56.58536585365854, 58.0, 58.0, 58.16346153846154, 59.0, 59.0], "temperature": 57.82126105601715, "time": 18.749728, "times": [18.741248, 18.747391999999998, 18.752512, 18.750432, 18.741248, 18.758656, 18.756608], "compile_time": 317.2808848321438, "verification_time": 0, "benchmark_time": 134.05726477503777, "GFLOP/s": 7331.973450708191, "strategy_time": 0.010728836059570312, "framework_time": 1.5275347977876663, "timestamp": "2024-07-09 10:53:02.041144+00:00"}, "total_framework_time": 208.32879468798637, "total_strategy_time": 746.577262878418, "total_compile_time": 29638.37341964245, "total_verification_time": 0, "total_benchmark_time": 25277.20177732408, "overhead_time": 2704.9922831356525, "execution_time": 58.590529918670654}