{"platform_name": "NVIDIA CUDA", "platform_version": "OpenCL 3.0 CUDA 12.3.68", "device_name": "NVIDIA RTX A4000", "device_version": "OpenCL 3.0 CUDA", "opencl_c_version": "OpenCL C 1.2 ", "driver_version": "545.23.06", "iterations": 7, "compiler_options": ["-I/home/fjwillem/Code/kernel_tuner_paper/kernels/gemm_cltune_opencl/"], "best_config": {"nvml_gr_clock": 840, "nvml_mem_clock": 6501, "GEMMK": 0, "MWG": 64, "NWG": 128, "KWG": 16, "MDIMC": 8, "NDIMC": 8, "MDIMA": 32, "NDIMB": 32, "KWI": 2, "VWM": 2, "VWN": 2, "STRM": 0, "STRN": 1, "SA": 1, "SB": 1, "KREG": 1, "PRECISION": 32, "core_freqs": [840.0, 840.0, 840.0, 840.0, 840.0, 840.0, 840.0], "core_freq": 840.0, "mem_freqs": [6501.0, 6501.0, 6501.0, 6501.0, 6501.0, 6501.0, 6501.0], "mem_freq": 6501.0, "temperatures": [54.0, 54.48872180451128, 55.03846153846154, 56.0, 56.0, 56.0, 56.0], "temperature": 55.36102619185326, "time": 20.47662171428571, "times": [20.36832, 20.557824, 20.435935999999998, 20.393984, 20.798464, 20.325376, 20.456447999999998], "compile_time": 316.3761254400015, "verification_time": 0, "benchmark_time": 145.5722227692604, "GFLOP/s": 6713.632249605461, "strategy_time": 0.0187847763299942, "framework_time": 0.8371919393539429, "timestamp": "2024-07-09 09:49:41.020638+00:00"}, "total_framework_time": 212.72492967545986, "total_strategy_time": 690.6223297119141, "total_compile_time": 37304.559057578444, "total_verification_time": 0, "total_benchmark_time": 28189.80271369219, "overhead_time": 3006.9496892392635, "execution_time": 69.41936445236206}