{"platform_name": "NVIDIA CUDA", "platform_version": "OpenCL 3.0 CUDA 12.3.68", "device_name": "NVIDIA RTX A4000", "device_version": "OpenCL 3.0 CUDA", "opencl_c_version": "OpenCL C 1.2 ", "driver_version": "545.23.06", "iterations": 7, "compiler_options": ["-I/home/fjwillem/Code/kernel_tuner_paper/kernels/gemm_cltune_opencl/"], "best_config": {"nvml_gr_clock": 840, "nvml_mem_clock": 6501, "GEMMK": 0, "MWG": 128, "NWG": 128, "KWG": 32, "MDIMC": 16, "NDIMC": 8, "MDIMA": 8, "NDIMB": 32, "KWI": 2, "VWM": 4, "VWN": 2, "STRM": 1, "STRN": 1, "SA": 1, "SB": 1, "KREG": 1, "PRECISION": 32, "core_freqs": [840.0, 840.0, 840.0, 840.0, 840.0, 840.0, 840.0], "core_freq": 840.0, "mem_freqs": [6501.0, 6501.0, 6501.0, 6501.0, 6501.0, 6501.0, 6501.0], "mem_freq": 6501.0, "temperatures": [57.0, 57.0, 57.50259067357513, 58.0, 58.0, 58.0, 58.0], "temperature": 57.64322723908216, "time": 19.25149257142857, "times": [19.254272, 19.265536, 19.250176, 19.265536, 19.24608, 19.248127999999998, 19.230719999999998], "compile_time": 159.98756885528564, "verification_time": 0, "benchmark_time": 138.24643194675446, "GFLOP/s": 7140.875305846416, "strategy_time": 0.07487088441848755, "framework_time": 2.2046267986297607, "timestamp": "2024-07-09 10:53:57.318804+00:00"}, "total_framework_time": 206.4876463264227, "total_strategy_time": 707.1119677275419, "total_compile_time": 31542.908050119877, "total_verification_time": 0, "total_benchmark_time": 23418.77375729382, "overhead_time": 2859.469262883067, "execution_time": 58.7472243309021}