{"device_name": "NVIDIA RTX A4000", "simulation": true, "simulated_time": 120271.06024022214, "best_config": {"nvml_gr_clock": 840, "nvml_mem_clock": 6501, "GEMMK": 0, "MWG": 128, "NWG": 128, "KWG": 16, "MDIMC": 32, "NDIMC": 8, "MDIMA": 16, "NDIMB": 32, "KWI": 2, "VWM": 2, "VWN": 4, "STRM": 1, "STRN": 0, "SA": 1, "SB": 1, "KREG": 1, "PRECISION": 32, "core_freqs": [840.0, 840.0, 840.0, 840.0, 840.0, 840.0, 840.0], "core_freq": 840.0, "mem_freqs": [6501.0, 6501.0, 6501.0, 6501.0, 6501.0, 6501.0, 6501.0], "mem_freq": 6501.0, "temperatures": [55.01509433962264, 56.0, 56.0, 56.125461254612546, 57.0, 57.0, 57.0], "temperature": 56.30579365631932, "time": 20.003693714285713, "times": [20.00384, 20.017152, 20.009984, 20.00896, 19.987455999999998, 19.994623999999998, 20.00384], "compile_time": 356.00867704488337, "verification_time": 0, "benchmark_time": 143.49648891948164, "GFLOP/s": 6872.356169192067, "strategy_time": 0.0017029233276844025, "framework_time": 0.0424189493060112, "timestamp": "2024-03-15 23:46:02.465841+00:00"}, "total_framework_time": 7.590410765260458, "total_strategy_time": 3836.5856679156423, "total_compile_time": 46513.78919254057, "total_verification_time": 0, "total_benchmark_time": 73757.27104768157, "overhead_time": 261.1911753192544, "execution_time": 4.169113874435425}