{"platform_name": "NVIDIA CUDA", "platform_version": "OpenCL 3.0 CUDA 12.3.68", "device_name": "NVIDIA RTX A4000", "device_version": "OpenCL 3.0 CUDA", "opencl_c_version": "OpenCL C 1.2 ", "driver_version": "545.23.06", "iterations": 7, "compiler_options": ["-I/home/fjwillem/Code/kernel_tuner_paper/kernels/gemm_cltune_opencl/"], "best_config": {"nvml_gr_clock": 840, "nvml_mem_clock": 6501, "GEMMK": 0, "MWG": 64, "NWG": 128, "KWG": 32, "MDIMC": 16, "NDIMC": 8, "MDIMA": 8, "NDIMB": 32, "KWI": 2, "VWM": 4, "VWN": 2, "STRM": 0, "STRN": 1, "SA": 0, "SB": 1, "KREG": 1, "PRECISION": 32, "core_freqs": [840.0, 840.0, 840.0, 840.0, 840.0, 840.0, 840.0], "core_freq": 840.0, "mem_freqs": [6501.0, 6501.0, 6501.0, 6501.0, 6501.0, 6501.0, 6501.0], "mem_freq": 6501.0, "temperatures": [60.0, 60.0, 60.64341085271318, 61.0, 61.0, 61.75757575757576, 62.0], "temperature": 60.9144266586127, "time": 20.360914285714284, "times": [20.368384, 20.350976, 20.369408, 20.365312, 20.358144, 20.356032, 20.358144], "compile_time": 655.0108550582081, "verification_time": 0, "benchmark_time": 146.81882597506046, "GFLOP/s": 6751.784619046016, "strategy_time": 0.008796807378530502, "framework_time": 1.894134096801281, "timestamp": "2024-03-15 16:07:50.973453+00:00"}, "total_framework_time": 342.8266935516149, "total_strategy_time": 347.48929692432284, "total_compile_time": 43963.598107686266, "total_verification_time": 0, "total_benchmark_time": 74538.24280248955, "overhead_time": 2869.4641864858568, "execution_time": 122.0760703086853}