{"platform_name": "NVIDIA CUDA", "platform_version": "OpenCL 3.0 CUDA 12.3.68", "device_name": "NVIDIA RTX A4000", "device_version": "OpenCL 3.0 CUDA", "opencl_c_version": "OpenCL C 1.2 ", "driver_version": "545.23.06", "iterations": 7, "compiler_options": ["-I/home/fjwillem/Code/kernel_tuner_paper/kernels/gemm_cltune_opencl/"], "best_config": {"nvml_gr_clock": 840, "nvml_mem_clock": 6501, "GEMMK": 0, "MWG": 64, "NWG": 64, "KWG": 32, "MDIMC": 8, "NDIMC": 8, "MDIMA": 8, "NDIMB": 8, "KWI": 2, "VWM": 8, "VWN": 4, "STRM": 0, "STRN": 1, "SA": 0, "SB": 1, "KREG": 1, "PRECISION": 32, "core_freqs": [840.0, 840.0, 840.0, 840.0, 840.0, 840.0, 840.0], "core_freq": 840.0, "mem_freqs": [6501.0, 6501.0, 6501.0, 6501.0, 6501.0, 6501.0, 6501.0], "mem_freq": 6501.0, "temperatures": [55.03361344537815, 55.74883720930232, 56.3089430894309, 57.0, 57.0, 57.459715639810426, 58.0], "temperature": 56.6501584834174, "time": 21.637997714285714, "times": [21.585919999999998, 21.445632, 21.822464, 21.511167999999998, 21.759999999999998, 21.661696, 21.679104], "compile_time": 196.65326364338398, "verification_time": 0, "benchmark_time": 154.75777350366116, "GFLOP/s": 6353.291543849212, "strategy_time": 9.44315642118454, "framework_time": 2.0908694714307785, "timestamp": "2024-07-08 14:42:03.986690+00:00"}, "total_framework_time": 1001.9909590482712, "total_strategy_time": 760.3946048766375, "total_compile_time": 34586.901703849435, "total_verification_time": 0, "total_benchmark_time": 24257.448920980096, "overhead_time": 2652.5096874684095, "execution_time": 63.27113938331604}