{"platform_name": "NVIDIA CUDA", "platform_version": "OpenCL 3.0 CUDA 12.3.68", "device_name": "NVIDIA RTX A4000", "device_version": "OpenCL 3.0 CUDA", "opencl_c_version": "OpenCL C 1.2 ", "driver_version": "545.23.06", "iterations": 32, "compiler_options": ["-I/home/fjwillem/Code/kernel_tuner_paper/kernels/gemm_cltune_opencl/"], "best_config": {"nvml_gr_clock": 840, "nvml_mem_clock": 6501, "GEMMK": 0, "MWG": 128, "NWG": 128, "KWG": 32, "MDIMC": 16, "NDIMC": 8, "MDIMA": 16, "NDIMB": 16, "KWI": 2, "VWM": 4, "VWN": 1, "STRM": 0, "STRN": 0, "SA": 1, "SB": 1, "KREG": 1, "PRECISION": 32, "core_freqs": [840.0, 840.0, 840.0, 840.0, 840.0, 840.0, 840.0, 840.0, 840.0, 840.0, 840.0, 840.0, 840.0, 840.0, 840.0, 840.0, 840.0, 840.0, 840.0, 840.0, 840.0, 840.0, 840.0, 840.0, 840.0, 840.0, 840.0, 840.0, 840.0, 840.0, 840.0, 840.0], "core_freq": 840.0, "mem_freqs": [6501.0, 6501.0, 6501.0, 6501.0, 6501.0, 6501.0, 6501.0, 6501.0, 6501.0, 6501.0, 6501.0, 6501.0, 6501.0, 6501.0, 6501.0, 6501.0, 6501.0, 6501.0, 6501.0, 6501.0, 6501.0, 6501.0, 6501.0, 6501.0, 6501.0, 6501.0, 6501.0, 6501.0, 6501.0, 6501.0, 6501.0, 6501.0], "mem_freq": 6501.0, "temperatures": [61.0, 61.56317689530686, 62.0, 62.0, 62.90613718411552, 63.0, 63.0, 63.0, 63.0, 63.0, 63.0, 63.0, 63.0, 63.39272727272727, 64.0, 64.0, 64.0, 64.0, 64.0, 64.0, 64.0, 64.0, 64.0, 64.0, 64.0, 64.0, 64.0, 64.0, 64.0, 64.0, 64.0, 64.0], "temperature": 63.40193879225468, "time": 21.683933, "times": [21.718016, 21.696512, 21.673983999999997, 21.669888, 21.677056, 21.700608, 21.694464, 21.685247999999998, 21.700608, 21.69856, 21.686272, 21.69856, 21.678016, 21.676032, 21.682176, 21.704704, 21.6832, 21.689344, 21.680128, 21.658624, 21.680096, 21.667839999999998, 21.663743999999998, 21.670911999999998, 21.689344, 21.687296, 21.679104, 21.664768, 21.671936, 21.692415999999998, 21.687296, 21.679104], "pwr_core_freqs": [840.0], "pwr_core_freq": 840.0, "pwr_mem_freqs": [6501.0], "pwr_mem_freq": 6501.0, "pwr_temperatures": [64.0], "pwr_temperature": 64.0, "nvml_energy": 2.139185042249, "compile_time": 532.168909907341, "verification_time": 0, "benchmark_time": 1735.0340890698135, "GFLOP/s": 6339.832718723121, "strategy_time": 0.011011026799678802, "framework_time": 1.8127548974007368, "timestamp": "2024-03-14 10:03:39.888801+00:00"}, "total_framework_time": 78.2151899766177, "total_strategy_time": 311.51560065336525, "total_compile_time": 10794.750350061804, "total_verification_time": 0, "total_benchmark_time": 105004.32949513197, "overhead_time": 6714.1162771731615, "execution_time": 122.91468977928162}