{"device_name": "NVIDIA RTX A4000", "simulation": true, "simulated_time": 58060.39799563587, "best_config": {"nvml_gr_clock": 840, "nvml_mem_clock": 6501, "GEMMK": 0, "MWG": 128, "NWG": 128, "KWG": 32, "MDIMC": 16, "NDIMC": 16, "MDIMA": 32, "NDIMB": 16, "KWI": 2, "VWM": 4, "VWN": 8, "STRM": 1, "STRN": 1, "SA": 1, "SB": 0, "KREG": 1, "PRECISION": 32, "core_freqs": [840.0, 840.0, 840.0, 840.0, 840.0, 840.0, 840.0], "core_freq": 840.0, "mem_freqs": [6501.0, 6501.0, 6501.0, 6501.0, 6501.0, 6501.0, 6501.0], "mem_freq": 6501.0, "temperatures": [57.0, 57.42238267148014, 58.0, 58.0, 58.0, 58.42570281124498, 59.0], "temperature": 57.97829792610359, "time": 21.572315428571432, "times": [21.609472, 21.617663999999998, 21.574655999999997, 21.528575999999997, 21.532671999999998, 21.587968, 21.5552], "compile_time": 248.01679304800928, "verification_time": 0, "benchmark_time": 155.35036521032453, "GFLOP/s": 6372.6357218903195, "strategy_time": 0.014467164874076843, "framework_time": 0.10799244046211243, "timestamp": "2024-03-16 01:06:10.136353+00:00"}, "total_framework_time": 12.98777386546135, "total_strategy_time": 5259.054834023118, "total_compile_time": 30651.90650499426, "total_verification_time": 0, "total_benchmark_time": 27408.49149064161, "overhead_time": 268.17407459020615, "execution_time": 5.61342453956604}