{"device_name": "NVIDIA RTX A4000", "simulation": true, "simulated_time": 120252.58333189413, "best_config": {"nvml_gr_clock": 840, "nvml_mem_clock": 6501, "GEMMK": 0, "MWG": 128, "NWG": 64, "KWG": 32, "MDIMC": 16, "NDIMC": 8, "MDIMA": 32, "NDIMB": 8, "KWI": 2, "VWM": 2, "VWN": 8, "STRM": 1, "STRN": 0, "SA": 1, "SB": 1, "KREG": 1, "PRECISION": 32, "core_freqs": [840.0, 840.0, 840.0, 840.0, 840.0, 840.0, 840.0], "core_freq": 840.0, "mem_freqs": [6501.0, 6501.0, 6501.0, 6501.0, 6501.0, 6501.0, 6501.0], "mem_freq": 6501.0, "temperatures": [60.0, 60.67457627118644, 61.0, 61.0, 61.944636678200695, 62.0, 62.0], "temperature": 61.231316135626734, "time": 21.43232, "times": [21.440512, 21.428224, 21.438464, 21.431296, 21.426175999999998, 21.425152, 21.436415999999998], "compile_time": 252.8398958966136, "verification_time": 0, "benchmark_time": 154.0819618385285, "GFLOP/s": 6414.261634018155, "strategy_time": 0.001612817868590355, "framework_time": 0.038833124563097954, "timestamp": "2024-03-15 22:07:28.821767+00:00"}, "total_framework_time": 8.279845351353288, "total_strategy_time": 4013.5510514955968, "total_compile_time": 46775.85381572135, "total_verification_time": 0, "total_benchmark_time": 73476.72951617278, "overhead_time": 254.4813121203333, "execution_time": 4.339698791503906}