{"device_name": "NVIDIA RTX A4000", "simulation": true, "simulated_time": 54588.31980638206, "best_config": {"nvml_gr_clock": 840, "nvml_mem_clock": 6501, "GEMMK": 0, "MWG": 128, "NWG": 64, "KWG": 16, "MDIMC": 16, "NDIMC": 8, "MDIMA": 8, "NDIMB": 16, "KWI": 2, "VWM": 4, "VWN": 4, "STRM": 1, "STRN": 0, "SA": 1, "SB": 1, "KREG": 1, "PRECISION": 32, "core_freqs": [840.0, 840.0, 840.0, 840.0, 840.0, 840.0, 840.0], "core_freq": 840.0, "mem_freqs": [6501.0, 6501.0, 6501.0, 6501.0, 6501.0, 6501.0, 6501.0], "mem_freq": 6501.0, "temperatures": [60.0, 60.08695652173913, 61.0, 61.0, 61.0, 62.0, 62.0], "temperature": 61.01242236024844, "time": 18.752795428571428, "times": [18.758656, 18.742272, 18.737152, 18.754559999999998, 18.75968, 18.757631999999997, 18.759615999999998], "compile_time": 303.0371619388461, "verification_time": 0, "benchmark_time": 134.7009651362896, "GFLOP/s": 7330.774146586664, "strategy_time": 0.005559995770454407, "framework_time": 0.1089535653591156, "timestamp": "2024-03-15 20:47:50.757283+00:00"}, "total_framework_time": 13.050610199570656, "total_strategy_time": 5289.802765473723, "total_compile_time": 35303.1861607451, "total_verification_time": 0, "total_benchmark_time": 19285.13364563696, "overhead_time": 275.57462826371193, "execution_time": 5.646321535110474}