{"device_name": "NVIDIA RTX A4000", "simulation": true, "simulated_time": 46886.52900070883, "best_config": {"nvml_gr_clock": 840, "nvml_mem_clock": 6501, "GEMMK": 0, "MWG": 64, "NWG": 64, "KWG": 32, "MDIMC": 8, "NDIMC": 8, "MDIMA": 8, "NDIMB": 8, "KWI": 2, "VWM": 8, "VWN": 4, "STRM": 1, "STRN": 1, "SA": 0, "SB": 0, "KREG": 1, "PRECISION": 32, "core_freqs": [840.0, 840.0, 840.0, 840.0, 840.0, 840.0, 840.0], "core_freq": 840.0, "mem_freqs": [6501.0, 6501.0, 6501.0, 6501.0, 6501.0, 6501.0, 6501.0], "mem_freq": 6501.0, "temperatures": [60.0, 60.58734939759036, 61.0, 61.0, 61.0, 61.966257668711656, 62.0], "temperature": 61.07908672375743, "time": 24.04673828571428, "times": [23.934976, 24.147968, 24.112128, 24.068096, 24.052736, 23.972863999999998, 24.0384], "compile_time": 171.1613410152495, "verification_time": 0, "benchmark_time": 171.82792094536126, "GFLOP/s": 5716.887931768686, "strategy_time": 0.022232532501220703, "framework_time": 0.10608695447444916, "timestamp": "2024-03-15 13:34:54.728214+00:00"}, "total_framework_time": 12.798447161912918, "total_strategy_time": 4936.15541420877, "total_compile_time": 23971.1293077562, "total_verification_time": 0, "total_benchmark_time": 22915.399692952633, "overhead_time": 272.74809777736664, "execution_time": 5.287353515625}