{"platform_name": "NVIDIA CUDA", "platform_version": "OpenCL 3.0 CUDA 12.3.68", "device_name": "NVIDIA RTX A4000", "device_version": "OpenCL 3.0 CUDA", "opencl_c_version": "OpenCL C 1.2 ", "driver_version": "545.23.06", "iterations": 7, "compiler_options": ["-I/home/fjwillem/Code/kernel_tuner_paper/kernels/gemm_cltune_opencl/"], "best_config": {"nvml_gr_clock": 840, "nvml_mem_clock": 6501, "GEMMK": 0, "MWG": 64, "NWG": 128, "KWG": 16, "MDIMC": 16, "NDIMC": 8, "MDIMA": 32, "NDIMB": 32, "KWI": 2, "VWM": 2, "VWN": 4, "STRM": 1, "STRN": 0, "SA": 1, "SB": 1, "KREG": 1, "PRECISION": 32, "core_freqs": [840.0, 840.0, 840.0, 840.0, 840.0, 840.0, 840.0], "core_freq": 840.0, "mem_freqs": [6501.0, 6501.0, 6501.0, 6501.0, 6501.0, 6501.0, 6501.0], "mem_freq": 6501.0, "temperatures": [57.0, 57.255208333333336, 58.0, 58.0, 58.23717948717949, 59.0, 59.0], "temperature": 58.07034111721612, "time": 19.135049142857145, "times": [19.13344, 19.141631999999998, 19.140608, 19.140608, 19.13856, 19.127295999999998, 19.1232], "compile_time": 231.25943168997765, "verification_time": 0, "benchmark_time": 137.5468522310257, "GFLOP/s": 7184.330015442716, "strategy_time": 0.0729970633983612, "framework_time": 2.2462867200374603, "timestamp": "2024-07-09 10:45:31.524694+00:00"}, "total_framework_time": 228.37068885564804, "total_strategy_time": 687.3536538332701, "total_compile_time": 20755.37246093154, "total_verification_time": 0, "total_benchmark_time": 18499.149329960346, "overhead_time": 2486.2733613699675, "execution_time": 42.669549226760864}