{"platform_name": "NVIDIA CUDA", "platform_version": "OpenCL 3.0 CUDA 12.3.68", "device_name": "NVIDIA RTX A4000", "device_version": "OpenCL 3.0 CUDA", "opencl_c_version": "OpenCL C 1.2 ", "driver_version": "545.23.06", "iterations": 7, "compiler_options": ["-I/home/fjwillem/Code/kernel_tuner_paper/kernels/gemm_cltune_opencl/"], "best_config": {"nvml_gr_clock": 840, "nvml_mem_clock": 6501, "GEMMK": 0, "MWG": 64, "NWG": 128, "KWG": 16, "MDIMC": 16, "NDIMC": 8, "MDIMA": 8, "NDIMB": 16, "KWI": 2, "VWM": 4, "VWN": 8, "STRM": 0, "STRN": 0, "SA": 0, "SB": 1, "KREG": 1, "PRECISION": 32, "core_freqs": [840.0, 840.0, 840.0, 840.0, 840.0, 840.0, 840.0], "core_freq": 840.0, "mem_freqs": [6501.0, 6501.0, 6501.0, 6501.0, 6501.0, 6501.0, 6501.0], "mem_freq": 6501.0, "temperatures": [39.0990099009901, 39.97584541062802, 41.0, 41.0, 41.61818181818182, 42.0, 42.0], "temperature": 40.95614816139999, "time": 20.356534857142858, "times": [20.371456, 20.355072, 20.368384, 20.345855999999998, 20.347904, 20.347904, 20.359168], "compile_time": 236.46971583366394, "verification_time": 0, "benchmark_time": 145.94421908259392, "GFLOP/s": 6753.237172669521, "strategy_time": 0.058459118008613586, "framework_time": 2.0270589739084244, "timestamp": "2024-07-11 08:52:56.123915+00:00"}, "total_framework_time": 205.25341294705868, "total_strategy_time": 758.7468959391117, "total_compile_time": 23575.343064963818, "total_verification_time": 0, "total_benchmark_time": 25677.830953150988, "overhead_time": 2751.541992649436, "execution_time": 52.98063826560974}