{"platform_name": "NVIDIA CUDA", "platform_version": "OpenCL 3.0 CUDA 12.3.68", "device_name": "NVIDIA RTX A4000", "device_version": "OpenCL 3.0 CUDA", "opencl_c_version": "OpenCL C 1.2 ", "driver_version": "545.23.06", "iterations": 7, "compiler_options": ["-I/home/fjwillem/Code/kernel_tuner_paper/kernels/gemm_cltune_opencl/"], "best_config": {"nvml_gr_clock": 840, "nvml_mem_clock": 6501, "GEMMK": 0, "MWG": 128, "NWG": 128, "KWG": 32, "MDIMC": 16, "NDIMC": 8, "MDIMA": 8, "NDIMB": 32, "KWI": 2, "VWM": 4, "VWN": 2, "STRM": 1, "STRN": 1, "SA": 1, "SB": 1, "KREG": 1, "PRECISION": 32, "core_freqs": [840.0, 840.0, 840.0, 840.0, 840.0, 840.0, 840.0], "core_freq": 840.0, "mem_freqs": [6501.0, 6501.0, 6501.0, 6501.0, 6501.0, 6501.0, 6501.0], "mem_freq": 6501.0, "temperatures": [49.82377049180328, 50.25819672131148, 51.0, 51.0, 51.0, 51.0, 51.702127659574465], "temperature": 50.82629926752703, "time": 19.236717714285714, "times": [19.236864, 19.237887999999998, 19.241984, 19.238912, 19.245055999999998, 19.223551999999998, 19.232768], "compile_time": 274.0044482052326, "verification_time": 0, "benchmark_time": 136.8712279945612, "GFLOP/s": 7146.359890799309, "strategy_time": 0.04873238503932953, "framework_time": 0.7267240434885025, "timestamp": "2024-07-09 10:27:49.294843+00:00"}, "total_framework_time": 211.01397275924683, "total_strategy_time": 712.6588020473719, "total_compile_time": 32667.59030893445, "total_verification_time": 0, "total_benchmark_time": 20176.63017101586, "overhead_time": 2912.4635588377714, "execution_time": 56.69276261329651}