{"platform_name": "NVIDIA CUDA", "platform_version": "OpenCL 3.0 CUDA 12.3.68", "device_name": "NVIDIA RTX A4000", "device_version": "OpenCL 3.0 CUDA", "opencl_c_version": "OpenCL C 1.2 ", "driver_version": "545.23.06", "iterations": 7, "compiler_options": ["-I/home/fjwillem/Code/kernel_tuner_paper/kernels/gemm_cltune_opencl/"], "best_config": {"nvml_gr_clock": 840, "nvml_mem_clock": 6501, "GEMMK": 0, "MWG": 128, "NWG": 128, "KWG": 32, "MDIMC": 16, "NDIMC": 8, "MDIMA": 32, "NDIMB": 32, "KWI": 2, "VWM": 4, "VWN": 2, "STRM": 1, "STRN": 0, "SA": 1, "SB": 1, "KREG": 1, "PRECISION": 32, "core_freqs": [840.0, 840.0, 840.0, 840.0, 840.0, 840.0, 840.0], "core_freq": 840.0, "mem_freqs": [6501.0, 6501.0, 6501.0, 6501.0, 6501.0, 6501.0, 6501.0], "mem_freq": 6501.0, "temperatures": [54.0, 54.73684210526316, 55.095652173913045, 56.0, 56.0, 56.0, 56.0], "temperature": 55.40464203988232, "time": 18.460521142857143, "times": [18.461696, 18.476032, 18.455552, 18.439168, 18.464768, 18.4576, 18.468832], "compile_time": 283.9881591498852, "verification_time": 0, "benchmark_time": 131.43576309084892, "GFLOP/s": 7446.837867694309, "strategy_time": 0.05444139242172241, "framework_time": 1.7379168421030045, "timestamp": "2024-07-09 09:50:47.345331+00:00"}, "total_framework_time": 205.33561892807484, "total_strategy_time": 686.4817999303341, "total_compile_time": 33579.057758674026, "total_verification_time": 0, "total_benchmark_time": 27499.042127281427, "overhead_time": 2914.103401824832, "execution_time": 64.8988847732544}