{"device_name": "NVIDIA RTX A4000", "simulation": true, "simulated_time": 122789.74130284041, "best_config": {"nvml_gr_clock": 840, "nvml_mem_clock": 6501, "GEMMK": 0, "MWG": 64, "NWG": 128, "KWG": 16, "MDIMC": 16, "NDIMC": 8, "MDIMA": 32, "NDIMB": 8, "KWI": 2, "VWM": 2, "VWN": 8, "STRM": 1, "STRN": 1, "SA": 1, "SB": 1, "KREG": 1, "PRECISION": 32, "core_freqs": [840.0, 840.0, 840.0, 840.0, 840.0, 840.0, 840.0, 840.0, 840.0, 840.0, 840.0, 840.0, 840.0, 840.0, 840.0, 840.0, 840.0, 840.0, 840.0, 840.0, 840.0, 840.0, 840.0, 840.0, 840.0, 840.0, 840.0, 840.0, 840.0, 840.0, 840.0, 840.0], "core_freq": 840.0, "mem_freqs": [6501.0, 6501.0, 6501.0, 6501.0, 6501.0, 6501.0, 6501.0, 6501.0, 6501.0, 6501.0, 6501.0, 6501.0, 6501.0, 6501.0, 6501.0, 6501.0, 6501.0, 6501.0, 6501.0, 6501.0, 6501.0, 6501.0, 6501.0, 6501.0, 6501.0, 6501.0, 6501.0, 6501.0, 6501.0, 6501.0, 6501.0, 6501.0], "mem_freq": 6501.0, "temperatures": [59.0, 59.0, 60.0, 60.0, 60.10357142857143, 61.0, 61.0, 61.0, 61.0, 61.0, 61.0, 61.0, 61.0, 61.0, 61.0, 61.0, 61.79835390946502, 62.0, 62.0, 62.0, 62.0, 62.0, 62.0, 62.0, 62.0, 62.0, 62.0, 62.0, 62.0, 62.0, 62.0, 62.0], "temperature": 61.27818516681364, "time": 20.494619999999998, "times": [20.503552, 20.48512, 20.492288, 20.500384, 20.493312, 20.492255999999998, 20.493312, 20.494336, 20.491263999999997, 20.494336, 20.50048, 20.495359999999998, 20.492288, 20.495359999999998, 20.492288, 20.48512, 20.492288, 20.501504, 20.488191999999998, 20.497408, 20.48512, 20.494336, 20.495359999999998, 20.494336, 20.49024, 20.49024, 20.506624, 20.50048, 20.495359999999998, 20.502527999999998, 20.496384, 20.496384], "pwr_core_freqs": [840.0], "pwr_core_freq": 840.0, "pwr_mem_freqs": [6501.0], "pwr_mem_freq": 6501.0, "pwr_temperatures": [62.13453381352541], "pwr_temperature": 62.13453381352541, "nvml_energy": 2.2072090901399997, "compile_time": 367.63556208461523, "verification_time": 0, "benchmark_time": 2451.1040784418583, "GFLOP/s": 6707.7363671051235, "strategy_time": 0.001684064045548439, "framework_time": 0.04475284367799759, "timestamp": "2024-02-13 04:47:14.032890+00:00"}, "total_framework_time": 1.6484460793435574, "total_strategy_time": 7395.038338610902, "total_compile_time": 9261.825405992568, "total_verification_time": 0, "total_benchmark_time": 113527.91589684784, "overhead_time": 527.5886612944305, "execution_time": 8.523741006851196}