{"platform_name": "NVIDIA CUDA", "platform_version": "OpenCL 3.0 CUDA 12.3.68", "device_name": "NVIDIA RTX A4000", "device_version": "OpenCL 3.0 CUDA", "opencl_c_version": "OpenCL C 1.2 ", "driver_version": "545.23.06", "iterations": 7, "compiler_options": ["-I/home/fjwillem/Code/kernel_tuner_paper/kernels/gemm_cltune_opencl/"], "best_config": {"nvml_gr_clock": 840, "nvml_mem_clock": 6501, "GEMMK": 0, "MWG": 64, "NWG": 64, "KWG": 32, "MDIMC": 8, "NDIMC": 8, "MDIMA": 16, "NDIMB": 32, "KWI": 2, "VWM": 4, "VWN": 2, "STRM": 1, "STRN": 0, "SA": 1, "SB": 0, "KREG": 1, "PRECISION": 32, "core_freqs": [840.0, 840.0, 840.0, 840.0, 840.0, 840.0, 840.0], "core_freq": 840.0, "mem_freqs": [6501.0, 6501.0, 6501.0, 6501.0, 6501.0, 6501.0, 6501.0], "mem_freq": 6501.0, "temperatures": [58.004347826086956, 59.0, 59.0, 59.0, 59.0, 59.0, 59.61986301369863], "temperature": 58.94631583425508, "time": 21.488054857142856, "times": [21.468159999999997, 21.492736, 21.562368, 21.426175999999998, 21.484544, 21.50912, 21.47328], "compile_time": 60.08918210864067, "verification_time": 0, "benchmark_time": 158.62517431378365, "GFLOP/s": 6397.6245787692915, "strategy_time": 0.01259148120880127, "framework_time": 0.8422527462244034, "timestamp": "2024-07-11 09:44:03.300587+00:00"}, "total_framework_time": 1244.1855389624834, "total_strategy_time": 792.7015591412783, "total_compile_time": 11599.7793674469, "total_verification_time": 0, "total_benchmark_time": 24295.17957381904, "overhead_time": 2771.184304729104, "execution_time": 40.71442365646362}