{"platform_name": "NVIDIA CUDA", "platform_version": "OpenCL 3.0 CUDA 12.3.68", "device_name": "NVIDIA RTX A4000", "device_version": "OpenCL 3.0 CUDA", "opencl_c_version": "OpenCL C 1.2 ", "driver_version": "545.23.06", "iterations": 7, "compiler_options": ["-I/home/fjwillem/Code/kernel_tuner_paper/kernels/gemm_cltune_opencl/"], "best_config": {"nvml_gr_clock": 840, "nvml_mem_clock": 6501, "GEMMK": 0, "MWG": 64, "NWG": 128, "KWG": 16, "MDIMC": 16, "NDIMC": 8, "MDIMA": 16, "NDIMB": 32, "KWI": 2, "VWM": 4, "VWN": 2, "STRM": 1, "STRN": 0, "SA": 0, "SB": 1, "KREG": 1, "PRECISION": 32, "core_freqs": [840.0, 840.0, 840.0, 840.0, 840.0, 840.0, 840.0], "core_freq": 840.0, "mem_freqs": [6501.0, 6501.0, 6501.0, 6501.0, 6501.0, 6501.0, 6501.0], "mem_freq": 6501.0, "temperatures": [58.0, 58.24901185770751, 59.0, 59.0, 59.49402390438247, 60.0, 60.0], "temperature": 59.10614796601285, "time": 21.408324571428576, "times": [21.41696, 21.403648, 21.408768, 21.403648, 21.407712, 21.409792, 21.407743999999997], "compile_time": 287.5660415738821, "verification_time": 0, "benchmark_time": 152.3102279752493, "GFLOP/s": 6421.451031598707, "strategy_time": 0.014314427971839905, "framework_time": 1.61038339138031, "timestamp": "2024-07-09 10:40:08.488944+00:00"}, "total_framework_time": 189.93781134486198, "total_strategy_time": 722.7035500109196, "total_compile_time": 33574.54580627382, "total_verification_time": 0, "total_benchmark_time": 30644.144404679537, "overhead_time": 3233.565740287304, "execution_time": 68.37589573860168}