{"device_name": "NVIDIA RTX A4000", "simulation": true, "simulated_time": 120106.20904620737, "best_config": {"nvml_gr_clock": 840, "nvml_mem_clock": 6501, "GEMMK": 0, "MWG": 64, "NWG": 128, "KWG": 16, "MDIMC": 8, "NDIMC": 16, "MDIMA": 8, "NDIMB": 8, "KWI": 2, "VWM": 4, "VWN": 2, "STRM": 1, "STRN": 0, "SA": 1, "SB": 1, "KREG": 1, "PRECISION": 32, "core_freqs": [840.0, 840.0, 840.0, 840.0, 840.0, 840.0, 840.0, 840.0, 840.0, 840.0, 840.0, 840.0, 840.0, 840.0, 840.0, 840.0, 840.0, 840.0, 840.0, 840.0, 840.0, 840.0, 840.0, 840.0, 840.0, 840.0, 840.0, 840.0, 840.0, 840.0, 840.0, 840.0], "core_freq": 840.0, "mem_freqs": [6501.0, 6501.0, 6501.0, 6501.0, 6501.0, 6501.0, 6501.0, 6501.0, 6501.0, 6501.0, 6501.0, 6501.0, 6501.0, 6501.0, 6501.0, 6501.0, 6501.0, 6501.0, 6501.0, 6501.0, 6501.0, 6501.0, 6501.0, 6501.0, 6501.0, 6501.0, 6501.0, 6501.0, 6501.0, 6501.0, 6501.0, 6501.0], "mem_freq": 6501.0, "temperatures": [60.0, 60.0, 60.95705521472393, 61.0, 61.0, 61.0, 61.127272727272725, 62.0, 62.0, 62.0, 62.0, 62.0, 62.0, 62.0, 62.0, 62.0, 62.0, 62.0, 62.0, 62.0, 62.0, 62.0, 62.0, 62.0, 62.0, 62.0, 62.0, 62.0, 62.0, 62.0, 62.0, 62.0], "temperature": 61.721385248187396, "time": 24.692925, "times": [24.694751999999998, 24.715263999999998, 24.694784, 24.689664, 24.697855999999998, 24.695808, 24.686591999999997, 24.694784, 24.693759999999997, 24.690687999999998, 24.690687999999998, 24.695808, 24.690687999999998, 24.696832, 24.687616, 24.693759999999997, 24.68864, 24.69888, 24.68864, 24.687616, 24.691712, 24.690687999999998, 24.685568, 24.690624, 24.692736, 24.702976, 24.697855999999998, 24.683519999999998, 24.689664, 24.699904, 24.686591999999997, 24.68864], "pwr_core_freqs": [840.0], "pwr_core_freq": 840.0, "pwr_mem_freqs": [6501.0], "pwr_mem_freq": 6501.0, "pwr_temperatures": [62.862676873115284], "pwr_temperature": 62.862676873115284, "nvml_energy": 2.47971291435, "compile_time": 304.9596641212702, "verification_time": 0, "benchmark_time": 2554.9794491380453, "GFLOP/s": 5567.283256398341, "strategy_time": 0.0016540288925170898, "framework_time": 0.05547306500375271, "timestamp": "2024-02-13 02:08:03.202897+00:00"}, "total_framework_time": 1.6432078555226326, "total_strategy_time": 7833.071935689077, "total_compile_time": 10121.088398620486, "total_verification_time": 0, "total_benchmark_time": 109985.12064758688, "overhead_time": 497.3962225485593, "execution_time": 8.919814109802246}