{"platform_name": "NVIDIA CUDA", "platform_version": "OpenCL 3.0 CUDA 12.3.68", "device_name": "NVIDIA RTX A4000", "device_version": "OpenCL 3.0 CUDA", "opencl_c_version": "OpenCL C 1.2 ", "driver_version": "545.23.06", "iterations": 7, "compiler_options": ["-I/home/fjwillem/Code/kernel_tuner_paper/kernels/gemm_cltune_opencl/"], "best_config": {"nvml_gr_clock": 840, "nvml_mem_clock": 6501, "GEMMK": 0, "MWG": 128, "NWG": 128, "KWG": 32, "MDIMC": 16, "NDIMC": 8, "MDIMA": 16, "NDIMB": 32, "KWI": 2, "VWM": 4, "VWN": 4, "STRM": 1, "STRN": 1, "SA": 0, "SB": 1, "KREG": 1, "PRECISION": 32, "core_freqs": [840.0, 840.0, 840.0, 840.0, 840.0, 840.0, 840.0], "core_freq": 840.0, "mem_freqs": [6501.0, 6501.0, 6501.0, 6501.0, 6501.0, 6501.0, 6501.0], "mem_freq": 6501.0, "temperatures": [57.00483091787439, 58.0, 58.0, 58.24154589371981, 59.0, 59.0, 59.0], "temperature": 58.320910973084885, "time": 21.127602285714286, "times": [21.122048, 21.109759999999998, 21.161984, 21.155839999999998, 21.082079999999998, 21.143552, 21.117952], "compile_time": 179.4410701841116, "verification_time": 0, "benchmark_time": 151.36432647705078, "GFLOP/s": 6506.772801045858, "strategy_time": 0.019999220967292786, "framework_time": 2.209192141890526, "timestamp": "2024-07-11 09:14:33.932185+00:00"}, "total_framework_time": 199.45666193962097, "total_strategy_time": 8057.563077658415, "total_compile_time": 34638.15652579069, "total_verification_time": 0, "total_benchmark_time": 27346.82669863105, "overhead_time": 3334.3978077173233, "execution_time": 73.58845043182373}