{"device_name": "NVIDIA RTX A4000", "simulation": true, "simulated_time": 59207.06160389818, "best_config": {"nvml_gr_clock": 840, "nvml_mem_clock": 6501, "GEMMK": 0, "MWG": 128, "NWG": 128, "KWG": 32, "MDIMC": 8, "NDIMC": 16, "MDIMA": 16, "NDIMB": 32, "KWI": 2, "VWM": 4, "VWN": 1, "STRM": 1, "STRN": 0, "SA": 0, "SB": 0, "KREG": 1, "PRECISION": 32, "core_freqs": [840.0, 840.0, 840.0, 840.0, 840.0, 840.0, 840.0], "core_freq": 840.0, "mem_freqs": [6501.0, 6501.0, 6501.0, 6501.0, 6501.0, 6501.0, 6501.0], "mem_freq": 6501.0, "temperatures": [53.0, 53.94055944055944, 54.0, 54.0, 54.43606557377049, 55.0, 55.0], "temperature": 54.19666071633285, "time": 25.036799999999996, "times": [25.204736, 24.740864, 25.091072, 25.11872, 25.043968, 25.054208, 25.004032], "compile_time": 377.4992749094963, "verification_time": 0, "benchmark_time": 179.67104399576783, "GFLOP/s": 5490.81783231084, "strategy_time": 0.015247613191604614, "framework_time": 0.10493583977222443, "timestamp": "2024-03-16 00:05:54.145168+00:00"}, "total_framework_time": 12.224419042468071, "total_strategy_time": 4985.158717259765, "total_compile_time": 27336.224125465378, "total_verification_time": 0, "total_benchmark_time": 31870.837478432804, "overhead_time": 272.0317468047142, "execution_time": 5.336392879486084}