{"platform_name": "NVIDIA CUDA", "platform_version": "OpenCL 3.0 CUDA 12.3.68", "device_name": "NVIDIA RTX A4000", "device_version": "OpenCL 3.0 CUDA", "opencl_c_version": "OpenCL C 1.2 ", "driver_version": "545.23.06", "iterations": 7, "compiler_options": ["-I/home/fjwillem/Code/kernel_tuner_paper/kernels/gemm_cltune_opencl/"], "best_config": {"nvml_gr_clock": 840, "nvml_mem_clock": 6501, "GEMMK": 0, "MWG": 128, "NWG": 128, "KWG": 16, "MDIMC": 16, "NDIMC": 16, "MDIMA": 16, "NDIMB": 32, "KWI": 2, "VWM": 4, "VWN": 4, "STRM": 1, "STRN": 1, "SA": 1, "SB": 1, "KREG": 1, "PRECISION": 32, "core_freqs": [840.0, 840.0, 840.0, 840.0, 840.0, 840.0, 840.0], "core_freq": 840.0, "mem_freqs": [6501.0, 6501.0, 6501.0, 6501.0, 6501.0, 6501.0, 6501.0], "mem_freq": 6501.0, "temperatures": [57.0, 57.270161290322584, 58.0, 58.0, 58.28112449799197, 59.0, 59.0], "temperature": 58.07875511261636, "time": 19.485842285714284, "times": [19.49184, 19.484672, 19.484672, 19.483648, 19.485696, 19.48672, 19.483648], "compile_time": 392.99099892377853, "verification_time": 0, "benchmark_time": 140.86844911798835, "GFLOP/s": 7054.994384553016, "strategy_time": 0.009607989341020584, "framework_time": 1.77821796387434, "timestamp": "2024-03-15 15:57:06.751472+00:00"}, "total_framework_time": 329.0693073067814, "total_strategy_time": 12119.419490685686, "total_compile_time": 43520.471130730584, "total_verification_time": 0, "total_benchmark_time": 74000.95002003945, "overhead_time": 3616.364053217694, "execution_time": 133.60058498382568}