{"platform_name": "NVIDIA CUDA", "platform_version": "OpenCL 3.0 CUDA 12.3.68", "device_name": "NVIDIA RTX A4000", "device_version": "OpenCL 3.0 CUDA", "opencl_c_version": "OpenCL C 1.2 ", "driver_version": "545.23.06", "iterations": 7, "compiler_options": ["-I/home/fjwillem/Code/kernel_tuner_paper/kernels/gemm_cltune_opencl/"], "best_config": {"nvml_gr_clock": 840, "nvml_mem_clock": 6501, "GEMMK": 0, "MWG": 64, "NWG": 128, "KWG": 16, "MDIMC": 8, "NDIMC": 16, "MDIMA": 32, "NDIMB": 16, "KWI": 2, "VWM": 2, "VWN": 8, "STRM": 0, "STRN": 1, "SA": 1, "SB": 0, "KREG": 1, "PRECISION": 32, "core_freqs": [840.0, 840.0, 840.0, 840.0, 840.0, 840.0, 840.0], "core_freq": 840.0, "mem_freqs": [6501.0, 6501.0, 6501.0, 6501.0, 6501.0, 6501.0, 6501.0], "mem_freq": 6501.0, "temperatures": [58.0, 58.0, 58.765799256505574, 59.0, 59.0, 59.0, 59.0], "temperature": 58.680828465215086, "time": 22.77931885714285, "times": [22.782975999999998, 22.779904, 22.769664, 22.775807999999998, 22.779904, 22.786047999999997, 22.780928], "compile_time": 154.133016243577, "verification_time": 0, "benchmark_time": 161.9403325021267, "GFLOP/s": 6034.970086952057, "strategy_time": 0.059993937611579895, "framework_time": 1.8681157380342484, "timestamp": "2024-07-09 10:44:17.609552+00:00"}, "total_framework_time": 216.86126478016376, "total_strategy_time": 743.3118652552366, "total_compile_time": 29158.64100307226, "total_verification_time": 0, "total_benchmark_time": 34637.820133939385, "overhead_time": 4002.2088550031185, "execution_time": 68.77379083633423}