{"device_name": "NVIDIA RTX A4000", "simulation": true, "simulated_time": 120046.17018997669, "best_config": {"nvml_gr_clock": 840, "nvml_mem_clock": 6501, "GEMMK": 0, "MWG": 128, "NWG": 128, "KWG": 16, "MDIMC": 16, "NDIMC": 8, "MDIMA": 32, "NDIMB": 32, "KWI": 2, "VWM": 4, "VWN": 4, "STRM": 1, "STRN": 1, "SA": 0, "SB": 1, "KREG": 1, "PRECISION": 32, "core_freqs": [840.0, 840.0, 840.0, 840.0, 840.0, 840.0, 840.0, 840.0, 840.0, 840.0, 840.0, 840.0, 840.0, 840.0, 840.0, 840.0, 840.0, 840.0, 840.0, 840.0, 840.0, 840.0, 840.0, 840.0, 840.0, 840.0, 840.0, 840.0, 840.0, 840.0, 840.0, 840.0], "core_freq": 840.0, "mem_freqs": [6501.0, 6501.0, 6501.0, 6501.0, 6501.0, 6501.0, 6501.0, 6501.0, 6501.0, 6501.0, 6501.0, 6501.0, 6501.0, 6501.0, 6501.0, 6501.0, 6501.0, 6501.0, 6501.0, 6501.0, 6501.0, 6501.0, 6501.0, 6501.0, 6501.0, 6501.0, 6501.0, 6501.0, 6501.0, 6501.0, 6501.0, 6501.0], "mem_freq": 6501.0, "temperatures": [54.0, 54.0, 54.0, 54.75095785440613, 55.0, 55.0, 55.0, 55.0, 55.0, 55.0, 55.125786163522015, 56.0, 56.0, 56.0, 56.0, 56.0, 56.0, 56.0, 56.0, 56.0, 56.0, 56.0, 56.0, 56.0, 56.0, 56.0, 56.0, 56.0, 56.0, 56.0, 56.0, 56.0], "temperature": 55.55864825056025, "time": 23.282943, "times": [23.155711999999998, 23.631871999999998, 23.257088, 23.154688, 23.565312, 23.31648, 23.354367999999997, 23.197696, 23.276543999999998, 23.233535999999997, 23.528447999999997, 23.189504, 23.299072, 23.245824, 23.177215999999998, 23.274496, 23.26016, 23.257088, 23.186432, 23.26016, 23.325696, 23.222272, 23.219199999999997, 23.282688, 23.26528, 23.283711999999998, 23.274496, 23.337984, 23.26016, 23.283711999999998, 23.199744, 23.277535999999998], "pwr_core_freqs": [840.0], "pwr_core_freq": 840.0, "pwr_mem_freqs": [6501.0], "pwr_mem_freq": 6501.0, "pwr_temperatures": [56.0], "pwr_temperature": 56.0, "nvml_energy": 1.8623793276270002, "compile_time": 340.86605720221996, "verification_time": 0, "benchmark_time": 2545.7684183493257, "GFLOP/s": 5904.430032921525, "strategy_time": 0.0016831327229738235, "framework_time": 0.04290090873837471, "timestamp": "2024-02-15 03:52:43.544743+00:00"}, "total_framework_time": 1.3728903140872717, "total_strategy_time": 7532.652340829372, "total_compile_time": 7495.001149363816, "total_verification_time": 0, "total_benchmark_time": 112551.16904061288, "overhead_time": 516.6605808772147, "execution_time": 8.648098945617676}