{"platform_name": "NVIDIA CUDA", "platform_version": "OpenCL 3.0 CUDA 12.3.68", "device_name": "NVIDIA RTX A4000", "device_version": "OpenCL 3.0 CUDA", "opencl_c_version": "OpenCL C 1.2 ", "driver_version": "545.23.06", "iterations": 7, "compiler_options": ["-I/home/fjwillem/Code/kernel_tuner_paper/kernels/gemm_cltune_opencl/"], "best_config": {"nvml_gr_clock": 840, "nvml_mem_clock": 6501, "GEMMK": 0, "MWG": 128, "NWG": 128, "KWG": 32, "MDIMC": 8, "NDIMC": 32, "MDIMA": 16, "NDIMB": 32, "KWI": 2, "VWM": 2, "VWN": 4, "STRM": 1, "STRN": 1, "SA": 1, "SB": 1, "KREG": 1, "PRECISION": 32, "core_freqs": [840.0, 840.0, 840.0, 840.0, 840.0, 840.0, 840.0], "core_freq": 840.0, "mem_freqs": [6501.0, 6501.0, 6501.0, 6501.0, 6501.0, 6501.0, 6501.0], "mem_freq": 6501.0, "temperatures": [59.0, 59.43181818181818, 60.0, 61.0, 61.0, 61.0, 61.0], "temperature": 60.3474025974026, "time": 20.786898285714283, "times": [20.790271999999998, 20.78208, 20.788224, 20.785152, 20.79232, 20.777919999999998, 20.79232], "compile_time": 617.3959670122713, "verification_time": 0, "benchmark_time": 149.79800395667553, "GFLOP/s": 6613.420916119912, "strategy_time": 0.007915077731013298, "framework_time": 1.5758879017084837, "timestamp": "2024-03-15 15:32:40.458028+00:00"}, "total_framework_time": 307.63343581929803, "total_strategy_time": 348.80634769797325, "total_compile_time": 45276.79570275359, "total_verification_time": 0, "total_benchmark_time": 73853.98357291706, "overhead_time": 2471.00270469673, "execution_time": 122.27231860160828}