{"platform_name": "NVIDIA CUDA", "platform_version": "OpenCL 3.0 CUDA 12.3.68", "device_name": "NVIDIA RTX A4000", "device_version": "OpenCL 3.0 CUDA", "opencl_c_version": "OpenCL C 1.2 ", "driver_version": "545.23.06", "iterations": 7, "compiler_options": ["-I/home/fjwillem/Code/kernel_tuner_paper/kernels/gemm_cltune_opencl/"], "best_config": {"nvml_gr_clock": 840, "nvml_mem_clock": 6501, "GEMMK": 0, "MWG": 128, "NWG": 64, "KWG": 32, "MDIMC": 16, "NDIMC": 8, "MDIMA": 16, "NDIMB": 32, "KWI": 2, "VWM": 4, "VWN": 2, "STRM": 1, "STRN": 0, "SA": 1, "SB": 0, "KREG": 1, "PRECISION": 32, "core_freqs": [840.0, 840.0, 840.0, 840.0, 840.0, 840.0, 840.0], "core_freq": 840.0, "mem_freqs": [6501.0, 6501.0, 6501.0, 6501.0, 6501.0, 6501.0, 6501.0], "mem_freq": 6501.0, "temperatures": [60.0, 60.25941422594142, 61.0, 61.0, 61.50420168067227, 62.0, 62.0], "temperature": 61.1090879866591, "time": 21.629796571428574, "times": [21.5552, 21.655488, 21.646335999999998, 21.528575999999997, 21.615616, 21.664768, 21.742592], "compile_time": 62.78122775256634, "verification_time": 0, "benchmark_time": 154.54882010817528, "GFLOP/s": 6355.700454695511, "strategy_time": 0.05380064249038696, "framework_time": 1.789875328540802, "timestamp": "2024-07-11 09:10:56.744438+00:00"}, "total_framework_time": 197.66543060541153, "total_strategy_time": 676.6930017620325, "total_compile_time": 19111.705159768462, "total_verification_time": 0, "total_benchmark_time": 20546.414528042078, "overhead_time": 2611.494366079569, "execution_time": 43.153979778289795}