{"platform_name": "NVIDIA CUDA", "platform_version": "OpenCL 3.0 CUDA 12.3.68", "device_name": "NVIDIA RTX A4000", "device_version": "OpenCL 3.0 CUDA", "opencl_c_version": "OpenCL C 1.2 ", "driver_version": "545.23.06", "iterations": 7, "compiler_options": ["-I/home/fjwillem/Code/kernel_tuner_paper/kernels/gemm_cltune_opencl/"], "best_config": {"nvml_gr_clock": 840, "nvml_mem_clock": 6501, "GEMMK": 0, "MWG": 128, "NWG": 128, "KWG": 32, "MDIMC": 16, "NDIMC": 8, "MDIMA": 16, "NDIMB": 16, "KWI": 2, "VWM": 8, "VWN": 8, "STRM": 1, "STRN": 1, "SA": 1, "SB": 0, "KREG": 1, "PRECISION": 32, "core_freqs": [840.0, 840.0, 840.0, 840.0, 840.0, 840.0, 840.0], "core_freq": 840.0, "mem_freqs": [6501.0, 6501.0, 6501.0, 6501.0, 6501.0, 6501.0, 6501.0], "mem_freq": 6501.0, "temperatures": [48.0, 48.514084507042256, 49.0, 49.0, 49.0, 49.556363636363635, 50.0], "temperature": 49.01006402048655, "time": 22.46245485714286, "times": [22.326272, 22.388735999999998, 22.578176, 22.341632, 22.596608, 22.515648, 22.490112], "compile_time": 213.44613656401634, "verification_time": 0, "benchmark_time": 159.9072553217411, "GFLOP/s": 6120.101688720143, "strategy_time": 0.06328150629997253, "framework_time": 1.622011885046959, "timestamp": "2024-07-09 09:22:14.633198+00:00"}, "total_framework_time": 199.54445213079453, "total_strategy_time": 797.5999154150486, "total_compile_time": 34328.24329845607, "total_verification_time": 0, "total_benchmark_time": 23001.38383731246, "overhead_time": 2768.204741179943, "execution_time": 61.10788416862488}