{"device_name": "NVIDIA RTX A4000", "simulation": true, "simulated_time": 55711.927271215245, "best_config": {"nvml_gr_clock": 840, "nvml_mem_clock": 6501, "GEMMK": 0, "MWG": 64, "NWG": 64, "KWG": 16, "MDIMC": 8, "NDIMC": 8, "MDIMA": 8, "NDIMB": 8, "KWI": 2, "VWM": 2, "VWN": 8, "STRM": 1, "STRN": 1, "SA": 1, "SB": 0, "KREG": 1, "PRECISION": 32, "core_freqs": [840.0, 840.0, 840.0, 840.0, 840.0, 840.0, 840.0], "core_freq": 840.0, "mem_freqs": [6501.0, 6501.0, 6501.0, 6501.0, 6501.0, 6501.0, 6501.0], "mem_freq": 6501.0, "temperatures": [59.0, 59.0, 59.93939393939394, 60.0, 60.23841059602649, 61.0, 61.0], "temperature": 60.0254006479172, "time": 22.128342857142858, "times": [22.238176, 22.23104, 21.96992, 22.112256, 22.078464, 22.234112, 22.034432], "compile_time": 330.80569794401526, "verification_time": 0, "benchmark_time": 159.5412229653448, "GFLOP/s": 6212.50803964405, "strategy_time": 0.005662441253662109, "framework_time": 0.10249018669128418, "timestamp": "2024-03-15 12:54:54.327436+00:00"}, "total_framework_time": 12.028764933347702, "total_strategy_time": 4979.1523180902, "total_compile_time": 31958.126744488254, "total_verification_time": 0, "total_benchmark_time": 23753.80052672699, "overhead_time": 254.62616235017776, "execution_time": 5.31603741645813}