{"device_name": "NVIDIA RTX A4000", "simulation": true, "simulated_time": 54668.842611601576, "best_config": {"nvml_gr_clock": 840, "nvml_mem_clock": 6501, "GEMMK": 0, "MWG": 64, "NWG": 128, "KWG": 16, "MDIMC": 16, "NDIMC": 8, "MDIMA": 16, "NDIMB": 16, "KWI": 2, "VWM": 4, "VWN": 4, "STRM": 0, "STRN": 0, "SA": 0, "SB": 1, "KREG": 1, "PRECISION": 32, "core_freqs": [840.0, 840.0, 840.0, 840.0, 840.0, 840.0, 840.0], "core_freq": 840.0, "mem_freqs": [6501.0, 6501.0, 6501.0, 6501.0, 6501.0, 6501.0, 6501.0], "mem_freq": 6501.0, "temperatures": [59.0, 59.0, 59.02076124567474, 60.0, 60.0, 60.0, 60.0], "temperature": 59.57439446366782, "time": 20.654505142857143, "times": [20.657152, 20.63968, 20.663296, 20.642784, 20.65408, 20.666368, 20.658175999999997], "compile_time": 168.85223402641714, "verification_time": 0, "benchmark_time": 149.63474799878895, "GFLOP/s": 6655.812228526885, "strategy_time": 0.020518898963928223, "framework_time": 0.10568834841251373, "timestamp": "2024-03-15 15:26:35.927208+00:00"}, "total_framework_time": 12.807361781597137, "total_strategy_time": 5179.443379864097, "total_compile_time": 30809.984569903463, "total_verification_time": 0, "total_benchmark_time": 23858.858041698113, "overhead_time": 267.80638098716736, "execution_time": 5.524439811706543}