{"device_name": "NVIDIA RTX A4000", "simulation": true, "simulated_time": 53341.599707026035, "best_config": {"nvml_gr_clock": 840, "nvml_mem_clock": 6501, "GEMMK": 0, "MWG": 128, "NWG": 128, "KWG": 32, "MDIMC": 16, "NDIMC": 8, "MDIMA": 16, "NDIMB": 32, "KWI": 2, "VWM": 2, "VWN": 4, "STRM": 1, "STRN": 1, "SA": 1, "SB": 1, "KREG": 1, "PRECISION": 32, "core_freqs": [840.0, 840.0, 840.0, 840.0, 840.0, 840.0, 840.0], "core_freq": 840.0, "mem_freqs": [6501.0, 6501.0, 6501.0, 6501.0, 6501.0, 6501.0, 6501.0], "mem_freq": 6501.0, "temperatures": [53.45161290322581, 54.0, 54.0, 54.34586466165413, 55.0, 55.0, 55.21969696969697], "temperature": 54.43102493351099, "time": 19.228233142857142, "times": [19.233791999999998, 19.202047999999998, 19.219455999999997, 19.255295999999998, 19.243008, 19.214336, 19.229696], "compile_time": 406.9078208412975, "verification_time": 0, "benchmark_time": 137.627410935238, "GFLOP/s": 7149.513264304679, "strategy_time": 0.005820766091346741, "framework_time": 0.10878406465053558, "timestamp": "2024-03-16 00:45:01.898256+00:00"}, "total_framework_time": 13.108015060424805, "total_strategy_time": 5244.934234768152, "total_compile_time": 34940.51014841534, "total_verification_time": 0, "total_benchmark_time": 18401.089558610693, "overhead_time": 276.57870203256607, "execution_time": 5.601679086685181}