{"device_name": "NVIDIA RTX A4000", "simulation": true, "simulated_time": 45000.22406713106, "best_config": {"nvml_gr_clock": 840, "nvml_mem_clock": 6501, "GEMMK": 0, "MWG": 128, "NWG": 64, "KWG": 32, "MDIMC": 16, "NDIMC": 8, "MDIMA": 16, "NDIMB": 16, "KWI": 2, "VWM": 4, "VWN": 2, "STRM": 1, "STRN": 0, "SA": 1, "SB": 0, "KREG": 1, "PRECISION": 32, "core_freqs": [840.0, 840.0, 840.0, 840.0, 840.0, 840.0, 840.0], "core_freq": 840.0, "mem_freqs": [6501.0, 6501.0, 6501.0, 6501.0, 6501.0, 6501.0, 6501.0], "mem_freq": 6501.0, "temperatures": [59.0, 59.96206896551724, 60.0, 60.27622377622377, 61.0, 61.0, 61.0], "temperature": 60.319756105963, "time": 21.61473828571428, "times": [21.530624, 21.5808, 21.649407999999998, 21.593087999999998, 21.640192, 21.692415999999998, 21.61664], "compile_time": 207.76026090607047, "verification_time": 0, "benchmark_time": 154.77545117028058, "GFLOP/s": 6360.128264650745, "strategy_time": 0.015540048480033875, "framework_time": 0.11004693806171417, "timestamp": "2024-03-15 22:04:49.404756+00:00"}, "total_framework_time": 12.374620884656906, "total_strategy_time": 5277.010189369321, "total_compile_time": 22437.268029199913, "total_verification_time": 0, "total_benchmark_time": 22562.956037931144, "overhead_time": 314.98876586556435, "execution_time": 5.669653654098511}