{"platform_name": "NVIDIA CUDA", "platform_version": "OpenCL 3.0 CUDA 12.3.68", "device_name": "NVIDIA RTX A4000", "device_version": "OpenCL 3.0 CUDA", "opencl_c_version": "OpenCL C 1.2 ", "driver_version": "545.23.06", "iterations": 7, "compiler_options": ["-I/home/fjwillem/Code/kernel_tuner_paper/kernels/gemm_cltune_opencl/"], "best_config": {"nvml_gr_clock": 840, "nvml_mem_clock": 6501, "GEMMK": 0, "MWG": 64, "NWG": 128, "KWG": 16, "MDIMC": 16, "NDIMC": 8, "MDIMA": 16, "NDIMB": 32, "KWI": 2, "VWM": 4, "VWN": 4, "STRM": 1, "STRN": 0, "SA": 0, "SB": 1, "KREG": 1, "PRECISION": 32, "core_freqs": [840.0, 840.0, 840.0, 840.0, 840.0, 840.0, 840.0], "core_freq": 840.0, "mem_freqs": [6501.0, 6501.0, 6501.0, 6501.0, 6501.0, 6501.0, 6501.0], "mem_freq": 6501.0, "temperatures": [61.0, 61.66548042704626, 62.0, 62.0, 62.907534246575345, 63.0, 63.0], "temperature": 62.22471638194594, "time": 20.960694857142858, "times": [20.962304, 20.963328, 20.938751999999997, 20.989952, 20.950015999999998, 20.971519999999998, 20.948992], "compile_time": 165.6295908614993, "verification_time": 0, "benchmark_time": 149.98151292093098, "GFLOP/s": 6558.585430537526, "strategy_time": 0.007394002750515938, "framework_time": 1.457537291571498, "timestamp": "2024-03-15 15:44:59.975076+00:00"}, "total_framework_time": 309.71904075704515, "total_strategy_time": 343.987216707319, "total_compile_time": 38226.93144902587, "total_verification_time": 0, "total_benchmark_time": 80245.95875781961, "overhead_time": 2788.3546287193894, "execution_time": 121.92726135253906}