{"platform_name": "NVIDIA CUDA", "platform_version": "OpenCL 3.0 CUDA 12.3.68", "device_name": "NVIDIA RTX A4000", "device_version": "OpenCL 3.0 CUDA", "opencl_c_version": "OpenCL C 1.2 ", "driver_version": "545.23.06", "iterations": 7, "compiler_options": ["-I/home/fjwillem/Code/kernel_tuner_paper/kernels/gemm_cltune_opencl/"], "best_config": {"nvml_gr_clock": 840, "nvml_mem_clock": 6501, "GEMMK": 0, "MWG": 64, "NWG": 128, "KWG": 16, "MDIMC": 16, "NDIMC": 8, "MDIMA": 32, "NDIMB": 32, "KWI": 2, "VWM": 2, "VWN": 4, "STRM": 1, "STRN": 0, "SA": 1, "SB": 1, "KREG": 1, "PRECISION": 32, "core_freqs": [840.0, 840.0, 840.0, 840.0, 840.0, 840.0, 840.0], "core_freq": 840.0, "mem_freqs": [6501.0, 6501.0, 6501.0, 6501.0, 6501.0, 6501.0, 6501.0], "mem_freq": 6501.0, "temperatures": [52.0, 52.0, 52.91880341880342, 53.39903846153846, 54.0, 54.0, 54.0], "temperature": 53.18826312576312, "time": 19.126857142857144, "times": [19.130368, 19.126272, 19.130368, 19.131391999999998, 19.13344, 19.122176, 19.113984], "compile_time": 136.08679547905922, "verification_time": 0, "benchmark_time": 136.29331067204475, "GFLOP/s": 7187.407051625239, "strategy_time": 0.051295384764671326, "framework_time": 1.6235411167144775, "timestamp": "2024-07-09 09:23:16.942874+00:00"}, "total_framework_time": 201.96064189076424, "total_strategy_time": 710.8831908553839, "total_compile_time": 29629.060216248035, "total_verification_time": 0, "total_benchmark_time": 19893.80849711597, "overhead_time": 2829.925673082471, "execution_time": 53.27863121032715}