{"platform_name": "NVIDIA CUDA", "platform_version": "OpenCL 3.0 CUDA 12.3.68", "device_name": "NVIDIA RTX A4000", "device_version": "OpenCL 3.0 CUDA", "opencl_c_version": "OpenCL C 1.2 ", "driver_version": "545.23.06", "iterations": 7, "compiler_options": ["-I/home/fjwillem/Code/kernel_tuner_paper/kernels/gemm_cltune_opencl/"], "best_config": {"nvml_gr_clock": 840, "nvml_mem_clock": 6501, "GEMMK": 0, "MWG": 64, "NWG": 128, "KWG": 32, "MDIMC": 8, "NDIMC": 16, "MDIMA": 8, "NDIMB": 8, "KWI": 2, "VWM": 4, "VWN": 2, "STRM": 1, "STRN": 0, "SA": 0, "SB": 0, "KREG": 1, "PRECISION": 32, "core_freqs": [840.0, 840.0, 840.0, 840.0, 840.0, 840.0, 840.0], "core_freq": 840.0, "mem_freqs": [6501.0, 6501.0, 6501.0, 6501.0, 6501.0, 6501.0, 6501.0], "mem_freq": 6501.0, "temperatures": [60.0, 60.30769230769231, 61.0, 61.0, 61.76548672566372, 62.0, 62.0], "temperature": 61.15331129047944, "time": 22.99933257142857, "times": [23.035904, 23.066623999999997, 22.988799999999998, 22.996992, 23.000064, 22.933504, 22.97344], "compile_time": 233.22496749460697, "verification_time": 0, "benchmark_time": 165.24852439761162, "GFLOP/s": 5977.239012351961, "strategy_time": 0.07324852049350739, "framework_time": 2.1975915879011154, "timestamp": "2024-07-09 09:43:41.205003+00:00"}, "total_framework_time": 236.7621511220932, "total_strategy_time": 690.2808528393507, "total_compile_time": 22542.318735271692, "total_verification_time": 0, "total_benchmark_time": 30868.70858632028, "overhead_time": 2929.7700356692076, "execution_time": 57.281171560287476}