{"device_name": "NVIDIA RTX A4000", "simulation": true, "simulated_time": 46173.79815643653, "best_config": {"nvml_gr_clock": 840, "nvml_mem_clock": 6501, "GEMMK": 0, "MWG": 64, "NWG": 64, "KWG": 32, "MDIMC": 8, "NDIMC": 8, "MDIMA": 8, "NDIMB": 16, "KWI": 2, "VWM": 4, "VWN": 4, "STRM": 1, "STRN": 0, "SA": 1, "SB": 0, "KREG": 1, "PRECISION": 32, "core_freqs": [840.0, 840.0, 840.0, 840.0, 840.0, 840.0, 840.0], "core_freq": 840.0, "mem_freqs": [6501.0, 6501.0, 6501.0, 6501.0, 6501.0, 6501.0, 6501.0], "mem_freq": 6501.0, "temperatures": [60.0, 60.0, 60.60839160839161, 61.0, 61.0, 61.65217391304348, 62.0], "temperature": 60.89436650306215, "time": 20.554459428571427, "times": [20.49024, 20.620288, 20.535296, 20.511744, 20.622336, 20.595712, 20.505599999999998], "compile_time": 200.2999889664352, "verification_time": 0, "benchmark_time": 147.27197703905404, "GFLOP/s": 6688.208385227993, "strategy_time": 0.01498684287071228, "framework_time": 0.11027976870536804, "timestamp": "2024-03-15 13:36:13.228506+00:00"}, "total_framework_time": 12.05277256667614, "total_strategy_time": 5132.301211357117, "total_compile_time": 21479.091562563553, "total_verification_time": 0, "total_benchmark_time": 24694.70659387298, "overhead_time": 244.86562050879002, "execution_time": 5.454156160354614}