{"platform_name": "NVIDIA CUDA", "platform_version": "OpenCL 3.0 CUDA 12.3.68", "device_name": "NVIDIA RTX A4000", "device_version": "OpenCL 3.0 CUDA", "opencl_c_version": "OpenCL C 1.2 ", "driver_version": "545.23.06", "iterations": 7, "compiler_options": ["-I/home/fjwillem/Code/kernel_tuner_paper/kernels/gemm_cltune_opencl/"], "best_config": {"nvml_gr_clock": 840, "nvml_mem_clock": 6501, "GEMMK": 0, "MWG": 128, "NWG": 128, "KWG": 16, "MDIMC": 16, "NDIMC": 8, "MDIMA": 16, "NDIMB": 32, "KWI": 2, "VWM": 8, "VWN": 4, "STRM": 0, "STRN": 1, "SA": 0, "SB": 1, "KREG": 1, "PRECISION": 32, "core_freqs": [840.0, 840.0, 840.0, 840.0, 840.0, 840.0, 840.0], "core_freq": 840.0, "mem_freqs": [6501.0, 6501.0, 6501.0, 6501.0, 6501.0, 6501.0, 6501.0], "mem_freq": 6501.0, "temperatures": [56.01442307692308, 57.0, 57.0, 57.0945945945946, 58.0, 58.0, 58.0], "temperature": 57.30128823878824, "time": 20.150710857142858, "times": [20.187136, 20.186111999999998, 20.176896, 20.170752, 20.112384, 20.186111999999998, 20.035584], "compile_time": 284.28709879517555, "verification_time": 0, "benchmark_time": 143.81171762943268, "GFLOP/s": 6822.216291951302, "strategy_time": 0.06857700645923615, "framework_time": 1.7882324755191803, "timestamp": "2024-07-09 09:35:13.744977+00:00"}, "total_framework_time": 194.81462612748146, "total_strategy_time": 682.9844955354929, "total_compile_time": 42987.500259652734, "total_verification_time": 0, "total_benchmark_time": 33545.00685445964, "overhead_time": 2988.1026204675436, "execution_time": 80.40934801101685}