{"platform_name": "NVIDIA CUDA", "platform_version": "OpenCL 3.0 CUDA 12.3.68", "device_name": "NVIDIA RTX A4000", "device_version": "OpenCL 3.0 CUDA", "opencl_c_version": "OpenCL C 1.2 ", "driver_version": "545.23.06", "iterations": 32, "compiler_options": ["-I/home/fjwillem/Code/kernel_tuner_paper/kernels/gemm_cltune_opencl/"], "best_config": {"nvml_gr_clock": 840, "nvml_mem_clock": 6501, "GEMMK": 0, "MWG": 64, "NWG": 128, "KWG": 16, "MDIMC": 8, "NDIMC": 8, "MDIMA": 16, "NDIMB": 16, "KWI": 2, "VWM": 2, "VWN": 4, "STRM": 1, "STRN": 0, "SA": 1, "SB": 1, "KREG": 1, "PRECISION": 32, "core_freqs": [840.0, 840.0, 840.0, 840.0, 840.0, 840.0, 840.0, 840.0, 840.0, 840.0, 840.0, 840.0, 840.0, 840.0, 840.0, 840.0, 840.0, 840.0, 840.0, 840.0, 840.0, 840.0, 840.0, 840.0, 840.0, 840.0, 840.0, 840.0, 840.0, 840.0, 840.0, 840.0], "core_freq": 840.0, "mem_freqs": [6501.0, 6501.0, 6501.0, 6501.0, 6501.0, 6501.0, 6501.0, 6501.0, 6501.0, 6501.0, 6501.0, 6501.0, 6501.0, 6501.0, 6501.0, 6501.0, 6501.0, 6501.0, 6501.0, 6501.0, 6501.0, 6501.0, 6501.0, 6501.0, 6501.0, 6501.0, 6501.0, 6501.0, 6501.0, 6501.0, 6501.0, 6501.0], "mem_freq": 6501.0, "temperatures": [65.0, 65.0, 65.79513888888889, 66.0, 66.0, 66.0, 66.76305220883535, 67.0, 67.0, 67.0, 67.0, 67.0, 67.0, 67.0, 67.0, 67.0, 67.0, 67.0, 67.0, 67.0, 67.0, 67.0, 67.0, 67.0, 67.0, 67.14532871972318, 68.0, 67.27586206896552, 67.40766550522648, 68.0, 67.0, 67.62033898305084], "temperature": 66.84398082420907, "time": 21.103007999999996, "times": [21.0688, 21.109759999999998, 21.105663999999997, 21.09952, 21.083136, 21.093376, 21.085183999999998, 21.107712, 21.11488, 21.121024, 21.105663999999997, 21.116927999999998, 21.127167999999998, 21.113856, 21.090304, 21.080064, 21.102591999999998, 21.095423999999998, 21.124095999999998, 21.116927999999998, 21.116927999999998, 21.105663999999997, 21.096448, 21.106688, 21.112831999999997, 21.088255999999998, 21.078015999999998, 21.082112, 21.095423999999998, 21.11488, 21.115904, 21.121024], "pwr_core_freqs": [840.0], "pwr_core_freq": 840.0, "pwr_mem_freqs": [6501.0], "pwr_mem_freq": 6501.0, "pwr_temperatures": [68.0], "pwr_temperature": 68.0, "nvml_energy": 2.3092810624319995, "compile_time": 411.96739487349987, "verification_time": 0, "benchmark_time": 1706.3233850058168, "GFLOP/s": 6514.356053127593, "strategy_time": 0.006502028554677963, "framework_time": 1.7003449611365795, "timestamp": "2024-03-14 10:09:25.149265+00:00"}, "total_framework_time": 69.66024939902127, "total_strategy_time": 338.60389702022076, "total_compile_time": 12143.325785873458, "total_verification_time": 0, "total_benchmark_time": 107122.30640253983, "overhead_time": 4688.260592054576, "execution_time": 124.37255597114563}