{"platform_name": "NVIDIA CUDA", "platform_version": "OpenCL 3.0 CUDA 12.3.68", "device_name": "NVIDIA RTX A4000", "device_version": "OpenCL 3.0 CUDA", "opencl_c_version": "OpenCL C 1.2 ", "driver_version": "545.23.06", "iterations": 7, "compiler_options": ["-I/home/fjwillem/Code/kernel_tuner_paper/kernels/gemm_cltune_opencl/"], "best_config": {"nvml_gr_clock": 840, "nvml_mem_clock": 6501, "GEMMK": 0, "MWG": 128, "NWG": 128, "KWG": 32, "MDIMC": 16, "NDIMC": 8, "MDIMA": 32, "NDIMB": 32, "KWI": 2, "VWM": 4, "VWN": 2, "STRM": 1, "STRN": 0, "SA": 1, "SB": 1, "KREG": 1, "PRECISION": 32, "core_freqs": [840.0, 840.0, 840.0, 840.0, 840.0, 840.0, 840.0], "core_freq": 840.0, "mem_freqs": [6501.0, 6501.0, 6501.0, 6501.0, 6501.0, 6501.0, 6501.0], "mem_freq": 6501.0, "temperatures": [58.0, 58.0, 58.0, 58.96666666666667, 59.0, 59.0, 59.0], "temperature": 58.56666666666667, "time": 18.45233371428571, "times": [18.466815999999998, 18.443264, 18.443264, 18.454528, 18.449408, 18.461696, 18.44736], "compile_time": 157.9123269766569, "verification_time": 0, "benchmark_time": 132.64453038573265, "GFLOP/s": 7450.1420813546965, "strategy_time": 0.082334503531456, "framework_time": 2.4324841797351837, "timestamp": "2024-07-11 08:21:11.832036+00:00"}, "total_framework_time": 247.35857918858528, "total_strategy_time": 706.340316683054, "total_compile_time": 18252.85862199962, "total_verification_time": 0, "total_benchmark_time": 20385.827438905835, "overhead_time": 2644.1187020391226, "execution_time": 42.251166343688965}