{"device_name": "NVIDIA RTX A4000", "simulation": true, "simulated_time": 58344.10894755274, "best_config": {"nvml_gr_clock": 840, "nvml_mem_clock": 6501, "GEMMK": 0, "MWG": 128, "NWG": 128, "KWG": 32, "MDIMC": 16, "NDIMC": 8, "MDIMA": 16, "NDIMB": 16, "KWI": 2, "VWM": 2, "VWN": 4, "STRM": 1, "STRN": 1, "SA": 1, "SB": 1, "KREG": 1, "PRECISION": 32, "core_freqs": [840.0, 840.0, 840.0, 840.0, 840.0, 840.0, 840.0], "core_freq": 840.0, "mem_freqs": [6501.0, 6501.0, 6501.0, 6501.0, 6501.0, 6501.0, 6501.0], "mem_freq": 6501.0, "temperatures": [53.0, 53.0, 53.87640449438202, 54.0, 54.0, 54.84701492537314, 55.0], "temperature": 53.96048848853645, "time": 19.138701714285713, "times": [19.122176, 19.1416, 19.141631999999998, 19.142656, 19.139584, 19.147776, 19.135488], "compile_time": 485.4126130230725, "verification_time": 0, "benchmark_time": 138.98346410132945, "GFLOP/s": 7182.958904750907, "strategy_time": 0.014787539839744568, "framework_time": 0.10311417281627655, "timestamp": "2024-03-16 00:42:40.686071+00:00"}, "total_framework_time": 12.164874002337456, "total_strategy_time": 5151.198847219348, "total_compile_time": 37542.38656302914, "total_verification_time": 0, "total_benchmark_time": 20801.7223845236, "overhead_time": 259.0053379535675, "execution_time": 5.4912333488464355}