{"platform_name": "NVIDIA CUDA", "platform_version": "OpenCL 3.0 CUDA 12.3.68", "device_name": "NVIDIA RTX A4000", "device_version": "OpenCL 3.0 CUDA", "opencl_c_version": "OpenCL C 1.2 ", "driver_version": "545.23.06", "iterations": 7, "compiler_options": ["-I/home/fjwillem/Code/kernel_tuner_paper/kernels/gemm_cltune_opencl/"], "best_config": {"nvml_gr_clock": 840, "nvml_mem_clock": 6501, "GEMMK": 0, "MWG": 64, "NWG": 64, "KWG": 32, "MDIMC": 8, "NDIMC": 8, "MDIMA": 16, "NDIMB": 8, "KWI": 2, "VWM": 4, "VWN": 2, "STRM": 1, "STRN": 0, "SA": 0, "SB": 0, "KREG": 1, "PRECISION": 32, "core_freqs": [840.0, 840.0, 840.0, 840.0, 840.0, 840.0, 840.0], "core_freq": 840.0, "mem_freqs": [6501.0, 6501.0, 6501.0, 6501.0, 6501.0, 6501.0, 6501.0], "mem_freq": 6501.0, "temperatures": [54.21285140562249, 55.0, 55.0, 55.0, 55.53220338983051, 56.0, 56.0], "temperature": 55.24929354220757, "time": 22.790729142857145, "times": [22.486016, 22.801408, 22.500352, 22.923264, 23.189504, 22.603776, 23.030784], "compile_time": 72.89707288146019, "verification_time": 0, "benchmark_time": 163.4135004132986, "GFLOP/s": 6031.948650799763, "strategy_time": 0.04662759602069855, "framework_time": 1.4633387327194214, "timestamp": "2024-07-11 11:56:33.147745+00:00"}, "total_framework_time": 162.03718818724155, "total_strategy_time": 734.2888433486223, "total_compile_time": 8997.935557737947, "total_verification_time": 0, "total_benchmark_time": 23718.895314261317, "overhead_time": 2704.9316596239805, "execution_time": 36.33015823364258}