{"platform_name": "NVIDIA CUDA", "platform_version": "OpenCL 3.0 CUDA 12.3.68", "device_name": "NVIDIA RTX A4000", "device_version": "OpenCL 3.0 CUDA", "opencl_c_version": "OpenCL C 1.2 ", "driver_version": "545.23.06", "iterations": 7, "compiler_options": ["-I/home/fjwillem/Code/kernel_tuner_paper/kernels/gemm_cltune_opencl/"], "best_config": {"nvml_gr_clock": 840, "nvml_mem_clock": 6501, "GEMMK": 0, "MWG": 64, "NWG": 128, "KWG": 32, "MDIMC": 16, "NDIMC": 8, "MDIMA": 32, "NDIMB": 16, "KWI": 2, "VWM": 2, "VWN": 2, "STRM": 1, "STRN": 1, "SA": 0, "SB": 1, "KREG": 1, "PRECISION": 32, "core_freqs": [840.0, 840.0, 840.0, 840.0, 840.0, 840.0, 840.0], "core_freq": 840.0, "mem_freqs": [6501.0, 6501.0, 6501.0, 6501.0, 6501.0, 6501.0, 6501.0], "mem_freq": 6501.0, "temperatures": [55.02620087336245, 56.0, 56.61206896551724, 57.0, 57.0, 57.80869565217391, 58.0], "temperature": 56.77813792729337, "time": 20.763501714285717, "times": [20.772864, 20.748288, 20.767744, 20.75648, 20.760576, 20.772864, 20.765696], "compile_time": 539.4333153963089, "verification_time": 0, "benchmark_time": 148.11468310654163, "GFLOP/s": 6620.87300088771, "strategy_time": 0.05584396421909332, "framework_time": 1.758277416229248, "timestamp": "2024-07-08 14:41:14.818935+00:00"}, "total_framework_time": 183.7757769972086, "total_strategy_time": 741.3073219358921, "total_compile_time": 36338.79926241934, "total_verification_time": 0, "total_benchmark_time": 21747.000947594643, "overhead_time": 2805.20236492157, "execution_time": 61.82787108421326}