{"device_name": "NVIDIA RTX A4000", "simulation": true, "simulated_time": 50685.18177769147, "best_config": {"nvml_gr_clock": 840, "nvml_mem_clock": 6501, "GEMMK": 0, "MWG": 32, "NWG": 64, "KWG": 32, "MDIMC": 8, "NDIMC": 8, "MDIMA": 8, "NDIMB": 16, "KWI": 2, "VWM": 2, "VWN": 4, "STRM": 0, "STRN": 1, "SA": 0, "SB": 1, "KREG": 1, "PRECISION": 32, "core_freqs": [840.0, 840.0, 840.0, 840.0, 840.0, 840.0, 840.0], "core_freq": 840.0, "mem_freqs": [6501.0, 6501.0, 6501.0, 6501.0, 6501.0, 6501.0, 6501.0], "mem_freq": 6501.0, "temperatures": [62.06976744186046, 63.0, 63.0, 63.4468085106383, 64.0, 64.0, 64.0], "temperature": 63.35951085035697, "time": 21.863273142857143, "times": [21.870559999999998, 21.863424, 21.859327999999998, 21.864448, 21.862399999999997, 21.864448, 21.858304], "compile_time": 286.48106614127755, "verification_time": 0, "benchmark_time": 157.52773801796138, "GFLOP/s": 6287.828313982944, "strategy_time": 0.013444572687149048, "framework_time": 0.11055730283260345, "timestamp": "2024-03-15 08:44:22.121146+00:00"}, "total_framework_time": 12.993277981877327, "total_strategy_time": 5171.896439045668, "total_compile_time": 25455.03628347069, "total_verification_time": 0, "total_benchmark_time": 25230.14549422078, "overhead_time": 275.0067748129368, "execution_time": 5.5243706703186035}