{"device_name": "NVIDIA RTX A4000", "simulation": true, "simulated_time": 120141.63547568023, "best_config": {"nvml_gr_clock": 840, "nvml_mem_clock": 6501, "GEMMK": 0, "MWG": 128, "NWG": 128, "KWG": 16, "MDIMC": 16, "NDIMC": 16, "MDIMA": 32, "NDIMB": 16, "KWI": 2, "VWM": 4, "VWN": 4, "STRM": 1, "STRN": 1, "SA": 1, "SB": 1, "KREG": 1, "PRECISION": 32, "core_freqs": [840.0, 840.0, 840.0, 840.0, 840.0, 840.0, 840.0, 840.0, 840.0, 840.0, 840.0, 840.0, 840.0, 840.0, 840.0, 840.0, 840.0, 840.0, 840.0, 840.0, 840.0, 840.0, 840.0, 840.0, 840.0, 840.0, 840.0, 840.0, 840.0, 840.0, 840.0, 840.0], "core_freq": 840.0, "mem_freqs": [6501.0, 6501.0, 6501.0, 6501.0, 6501.0, 6501.0, 6501.0, 6501.0, 6501.0, 6501.0, 6501.0, 6501.0, 6501.0, 6501.0, 6501.0, 6501.0, 6501.0, 6501.0, 6501.0, 6501.0, 6501.0, 6501.0, 6501.0, 6501.0, 6501.0, 6501.0, 6501.0, 6501.0, 6501.0, 6501.0, 6501.0, 6501.0], "mem_freq": 6501.0, "temperatures": [58.0, 58.0, 58.871212121212125, 59.0, 59.0, 59.0, 59.0, 59.0, 59.0, 59.091787439613526, 60.0, 60.0, 60.0, 60.0, 60.0, 60.0, 60.0, 60.0, 60.0, 60.0, 60.0, 60.0, 60.0, 60.0, 60.0, 60.0, 60.0, 60.0, 60.0, 60.0, 60.0, 60.0], "temperature": 59.6238437362758, "time": 19.190336000000002, "times": [19.226623999999997, 19.162112, 19.193856, 19.196928, 19.188736, 19.173375999999998, 19.177471999999998, 19.181568, 19.206144, 19.188736, 19.217408, 19.188736, 19.190784, 19.165184, 19.185664, 19.206144, 19.190784, 19.209215999999998, 19.170303999999998, 19.166207999999997, 19.18976, 19.196928, 19.184639999999998, 19.197952, 19.176448, 19.21024, 19.201024, 19.184639999999998, 19.173375999999998, 19.185664, 19.17952, 19.224576], "pwr_core_freqs": [840.0], "pwr_core_freq": 840.0, "pwr_mem_freqs": [6501.0], "pwr_mem_freq": 6501.0, "pwr_temperatures": [60.82676136827496], "pwr_temperature": 60.82676136827496, "nvml_energy": 1.8411016455040001, "compile_time": 287.346163764596, "verification_time": 0, "benchmark_time": 2437.9350636154413, "GFLOP/s": 7163.63214818125, "strategy_time": 0.001684064045548439, "framework_time": 0.045854831114411354, "timestamp": "2024-02-15 04:25:06.243461+00:00"}, "total_framework_time": 1.3671517372131348, "total_strategy_time": 7666.7078353930265, "total_compile_time": 7873.587382957339, "total_verification_time": 0, "total_benchmark_time": 112268.0480927229, "overhead_time": 513.3930437732488, "execution_time": 8.766953945159912}