{"platform_name": "NVIDIA CUDA", "platform_version": "OpenCL 3.0 CUDA 12.3.68", "device_name": "NVIDIA RTX A4000", "device_version": "OpenCL 3.0 CUDA", "opencl_c_version": "OpenCL C 1.2 ", "driver_version": "545.23.06", "iterations": 7, "compiler_options": ["-I/home/fjwillem/Code/kernel_tuner_paper/kernels/gemm_cltune_opencl/"], "best_config": {"nvml_gr_clock": 840, "nvml_mem_clock": 6501, "GEMMK": 0, "MWG": 128, "NWG": 128, "KWG": 16, "MDIMC": 16, "NDIMC": 16, "MDIMA": 16, "NDIMB": 32, "KWI": 2, "VWM": 4, "VWN": 2, "STRM": 1, "STRN": 1, "SA": 1, "SB": 1, "KREG": 1, "PRECISION": 32, "core_freqs": [840.0, 840.0, 840.0, 840.0, 840.0, 840.0, 840.0], "core_freq": 840.0, "mem_freqs": [6501.0, 6501.0, 6501.0, 6501.0, 6501.0, 6501.0, 6501.0], "mem_freq": 6501.0, "temperatures": [61.0, 61.0, 61.20754716981132, 62.0, 62.0, 62.0, 62.0], "temperature": 61.60107816711591, "time": 20.906418285714288, "times": [20.9152, 20.90496, 20.90496, 20.903935999999998, 20.90496, 20.90496, 20.905952], "compile_time": 391.6817740537226, "verification_time": 0, "benchmark_time": 150.71935299783945, "GFLOP/s": 6575.612619304441, "strategy_time": 0.011480879038572311, "framework_time": 1.62564218044281, "timestamp": "2024-03-15 16:19:42.757538+00:00"}, "total_framework_time": 347.0392080489546, "total_strategy_time": 345.69993056356907, "total_compile_time": 41725.32859980129, "total_verification_time": 0, "total_benchmark_time": 76229.90270890296, "overhead_time": 3261.1429896205664, "execution_time": 121.92233514785767}