{"device_name": "NVIDIA RTX A4000", "simulation": true, "simulated_time": 122693.58324445784, "best_config": {"nvml_gr_clock": 840, "nvml_mem_clock": 6501, "GEMMK": 0, "MWG": 64, "NWG": 128, "KWG": 32, "MDIMC": 8, "NDIMC": 8, "MDIMA": 16, "NDIMB": 32, "KWI": 2, "VWM": 2, "VWN": 4, "STRM": 0, "STRN": 0, "SA": 1, "SB": 1, "KREG": 1, "PRECISION": 32, "core_freqs": [840.0, 840.0, 840.0, 840.0, 840.0, 840.0, 840.0, 840.0, 840.0, 840.0, 840.0, 840.0, 840.0, 840.0, 840.0, 840.0, 840.0, 840.0, 840.0, 840.0, 840.0, 840.0, 840.0, 840.0, 840.0, 840.0, 840.0, 840.0, 840.0, 840.0, 840.0, 840.0], "core_freq": 840.0, "mem_freqs": [6501.0, 6501.0, 6501.0, 6501.0, 6501.0, 6501.0, 6501.0, 6501.0, 6501.0, 6501.0, 6501.0, 6501.0, 6501.0, 6501.0, 6501.0, 6501.0, 6501.0, 6501.0, 6501.0, 6501.0, 6501.0, 6501.0, 6501.0, 6501.0, 6501.0, 6501.0, 6501.0, 6501.0, 6501.0, 6501.0, 6501.0, 6501.0], "mem_freq": 6501.0, "temperatures": [57.0, 57.212025316455694, 58.0, 58.0, 58.0, 58.422222222222224, 59.0, 59.0, 59.0, 59.0, 59.0, 59.0, 59.0, 59.0, 59.0, 59.0, 59.0, 59.0, 59.0, 59.0, 59.0, 59.0, 59.0, 59.0, 59.0, 59.15064102564103, 60.0, 60.0, 60.0, 60.0, 60.0, 60.0], "temperature": 58.962027767634964, "time": 23.226940999999997, "times": [23.159807999999998, 23.192576, 23.236608, 23.211008, 23.245824, 23.23456, 23.240703999999997, 23.221248, 23.201791999999998, 23.211008, 23.218176, 23.238656, 23.21408, 23.246848, 23.242752, 23.219199999999997, 23.237568, 23.211008, 23.223295999999998, 23.256064, 23.220223999999998, 23.237631999999998, 23.261184, 23.225344, 23.23968, 23.218176, 23.228416, 23.202816, 23.206912, 23.245824, 23.25808, 23.255039999999997], "pwr_core_freqs": [840.0], "pwr_core_freq": 840.0, "pwr_mem_freqs": [6501.0], "pwr_mem_freq": 6501.0, "pwr_temperatures": [60.0], "pwr_temperature": 60.0, "nvml_energy": 2.2130397115389995, "compile_time": 441.8400414288044, "verification_time": 0, "benchmark_time": 2582.176043651998, "GFLOP/s": 5918.666082804447, "strategy_time": 0.001783948391675949, "framework_time": 0.04267902113497257, "timestamp": "2024-02-13 07:08:02.339920+00:00"}, "total_framework_time": 1.5352016780525446, "total_strategy_time": 7790.434162598103, "total_compile_time": 8548.984672874212, "total_verification_time": 0, "total_benchmark_time": 114144.59857158363, "overhead_time": 501.6299227718264, "execution_time": 8.875919103622437}