{"platform_name": "NVIDIA CUDA", "platform_version": "OpenCL 3.0 CUDA 12.3.68", "device_name": "NVIDIA RTX A4000", "device_version": "OpenCL 3.0 CUDA", "opencl_c_version": "OpenCL C 1.2 ", "driver_version": "545.23.06", "iterations": 7, "compiler_options": ["-I/home/fjwillem/Code/kernel_tuner_paper/kernels/gemm_cltune_opencl/"], "best_config": {"nvml_gr_clock": 840, "nvml_mem_clock": 6501, "GEMMK": 0, "MWG": 64, "NWG": 64, "KWG": 32, "MDIMC": 8, "NDIMC": 8, "MDIMA": 32, "NDIMB": 32, "KWI": 2, "VWM": 2, "VWN": 2, "STRM": 0, "STRN": 0, "SA": 0, "SB": 1, "KREG": 1, "PRECISION": 32, "core_freqs": [840.0, 840.0, 840.0, 840.0, 840.0, 840.0, 840.0], "core_freq": 840.0, "mem_freqs": [6501.0, 6501.0, 6501.0, 6501.0, 6501.0, 6501.0, 6501.0], "mem_freq": 6501.0, "temperatures": [59.180672268907564, 60.0, 60.0, 60.71063829787234, 61.0, 61.0, 61.0], "temperature": 60.41304436668285, "time": 23.793225142857143, "times": [23.791615999999998, 23.78752, 23.788543999999998, 23.824384, 23.793664, 23.7824, 23.784447999999998], "compile_time": 87.88048848509789, "verification_time": 0, "benchmark_time": 170.16198858618736, "GFLOP/s": 5777.800490627055, "strategy_time": 0.0781770795583725, "framework_time": 2.328610047698021, "timestamp": "2024-07-09 10:52:11.268324+00:00"}, "total_framework_time": 235.91940850019455, "total_strategy_time": 740.9726828336716, "total_compile_time": 26504.382422193885, "total_verification_time": 0, "total_benchmark_time": 35463.360503315926, "overhead_time": 2952.124999836087, "execution_time": 65.91210222244263}