{"platform_name": "NVIDIA CUDA", "platform_version": "OpenCL 3.0 CUDA 12.3.68", "device_name": "NVIDIA RTX A4000", "device_version": "OpenCL 3.0 CUDA", "opencl_c_version": "OpenCL C 1.2 ", "driver_version": "545.23.06", "iterations": 7, "compiler_options": ["-I/home/fjwillem/Code/kernel_tuner_paper/kernels/gemm_cltune_opencl/"], "best_config": {"nvml_gr_clock": 840, "nvml_mem_clock": 6501, "GEMMK": 0, "MWG": 128, "NWG": 64, "KWG": 16, "MDIMC": 32, "NDIMC": 8, "MDIMA": 32, "NDIMB": 32, "KWI": 2, "VWM": 4, "VWN": 2, "STRM": 0, "STRN": 0, "SA": 1, "SB": 1, "KREG": 1, "PRECISION": 32, "core_freqs": [840.0, 840.0, 840.0, 840.0, 840.0, 840.0, 840.0], "core_freq": 840.0, "mem_freqs": [6501.0, 6501.0, 6501.0, 6501.0, 6501.0, 6501.0, 6501.0], "mem_freq": 6501.0, "temperatures": [60.0, 60.18705035971223, 61.0, 61.0, 61.0, 61.0, 61.0], "temperature": 60.7410071942446, "time": 21.414029714285714, "times": [21.41696, 21.410816, 21.405696, 21.423104, 21.421056, 21.402624, 21.417952], "compile_time": 87.89252303540707, "verification_time": 0, "benchmark_time": 154.20908387750387, "GFLOP/s": 6419.7402234988685, "strategy_time": 337.30532694607973, "framework_time": 0, "timestamp": "2024-03-15 16:48:06.030553+00:00"}, "total_framework_time": 350.9848804678768, "total_strategy_time": 339.4375927746296, "total_compile_time": 42104.5304776635, "total_verification_time": 0, "total_benchmark_time": 76844.60499417037, "overhead_time": 2528.8898039143533, "execution_time": 122.18259239196777}