{"platform_name": "NVIDIA CUDA", "platform_version": "OpenCL 3.0 CUDA 12.3.68", "device_name": "NVIDIA RTX A4000", "device_version": "OpenCL 3.0 CUDA", "opencl_c_version": "OpenCL C 1.2 ", "driver_version": "545.23.06", "iterations": 7, "compiler_options": ["-I/home/fjwillem/Code/kernel_tuner_paper/kernels/gemm_cltune_opencl/"], "best_config": {"nvml_gr_clock": 840, "nvml_mem_clock": 6501, "GEMMK": 0, "MWG": 128, "NWG": 64, "KWG": 16, "MDIMC": 8, "NDIMC": 8, "MDIMA": 32, "NDIMB": 8, "KWI": 2, "VWM": 1, "VWN": 8, "STRM": 1, "STRN": 1, "SA": 1, "SB": 0, "KREG": 1, "PRECISION": 32, "core_freqs": [840.0, 840.0, 840.0, 840.0, 840.0, 840.0, 840.0], "core_freq": 840.0, "mem_freqs": [6501.0, 6501.0, 6501.0, 6501.0, 6501.0, 6501.0, 6501.0], "mem_freq": 6501.0, "temperatures": [49.0, 50.349624060150376, 51.0, 51.0, 51.914414414414416, 52.0, 52.0], "temperature": 51.037719782080686, "time": 21.766290285714284, "times": [21.770239999999998, 21.764096, 21.770239999999998, 21.76512, 21.763071999999998, 21.770239999999998, 21.761024], "compile_time": 444.36968117952347, "verification_time": 0, "benchmark_time": 154.81341630220413, "GFLOP/s": 6315.844643229185, "strategy_time": 0.023303553462028503, "framework_time": 1.0321028530597687, "timestamp": "2024-07-11 07:52:16.652302+00:00"}, "total_framework_time": 208.1785388290882, "total_strategy_time": 711.4018872380257, "total_compile_time": 30200.037475675344, "total_verification_time": 0, "total_benchmark_time": 23703.603457659483, "overhead_time": 2734.8884008824825, "execution_time": 57.56960391998291}