{"device_name": "NVIDIA RTX A4000", "simulation": true, "simulated_time": 47867.98306298442, "best_config": {"nvml_gr_clock": 840, "nvml_mem_clock": 6501, "GEMMK": 0, "MWG": 64, "NWG": 128, "KWG": 16, "MDIMC": 16, "NDIMC": 8, "MDIMA": 32, "NDIMB": 8, "KWI": 2, "VWM": 2, "VWN": 4, "STRM": 1, "STRN": 1, "SA": 1, "SB": 1, "KREG": 1, "PRECISION": 32, "core_freqs": [840.0, 840.0, 840.0, 840.0, 840.0, 840.0, 840.0], "core_freq": 840.0, "mem_freqs": [6501.0, 6501.0, 6501.0, 6501.0, 6501.0, 6501.0, 6501.0], "mem_freq": 6501.0, "temperatures": [57.0, 57.573076923076925, 58.02325581395349, 59.0, 59.0, 59.0, 59.0], "temperature": 58.37090467671863, "time": 19.002066285714285, "times": [19.016704, 19.009536, 18.99008, 18.993152, 18.996223999999998, 18.999232, 19.009536], "compile_time": 381.2058391049504, "verification_time": 0, "benchmark_time": 136.43725006841123, "GFLOP/s": 7234.608375582374, "strategy_time": 0.005550682544708252, "framework_time": 0.1059994101524353, "timestamp": "2024-03-15 15:29:19.334360+00:00"}, "total_framework_time": 13.226969167590141, "total_strategy_time": 4972.399305552244, "total_compile_time": 30040.902530774474, "total_verification_time": 0, "total_benchmark_time": 17827.080532209948, "overhead_time": 259.0428777039051, "execution_time": 5.313817739486694}