{"platform_name": "NVIDIA CUDA", "platform_version": "OpenCL 3.0 CUDA 12.3.68", "device_name": "NVIDIA RTX A4000", "device_version": "OpenCL 3.0 CUDA", "opencl_c_version": "OpenCL C 1.2 ", "driver_version": "545.23.06", "iterations": 7, "compiler_options": ["-I/home/fjwillem/Code/kernel_tuner_paper/kernels/gemm_cltune_opencl/"], "best_config": {"nvml_gr_clock": 840, "nvml_mem_clock": 6501, "GEMMK": 0, "MWG": 128, "NWG": 128, "KWG": 32, "MDIMC": 16, "NDIMC": 8, "MDIMA": 32, "NDIMB": 16, "KWI": 2, "VWM": 4, "VWN": 1, "STRM": 1, "STRN": 0, "SA": 0, "SB": 0, "KREG": 1, "PRECISION": 32, "core_freqs": [840.0, 840.0, 840.0, 840.0, 840.0, 840.0, 840.0], "core_freq": 840.0, "mem_freqs": [6501.0, 6501.0, 6501.0, 6501.0, 6501.0, 6501.0, 6501.0], "mem_freq": 6501.0, "temperatures": [52.0, 52.83745583038869, 53.0, 53.522267206477736, 54.0, 54.0, 54.0], "temperature": 53.33710329098092, "time": 25.51456914285714, "times": [25.488384, 25.540608, 25.562112, 25.522175999999998, 25.517056, 25.518079999999998, 25.453567999999997], "compile_time": 358.80889743566513, "verification_time": 0, "benchmark_time": 181.61256611347198, "GFLOP/s": 5388.000366938813, "strategy_time": 0.06899796426296234, "framework_time": 2.0346492528915405, "timestamp": "2024-07-09 11:08:10.265439+00:00"}, "total_framework_time": 203.2018881291151, "total_strategy_time": 722.7708138525486, "total_compile_time": 34583.14557000995, "total_verification_time": 0, "total_benchmark_time": 28475.54121352732, "overhead_time": 3128.2429452985525, "execution_time": 67.12205457687378}