{"platform_name": "NVIDIA CUDA", "platform_version": "OpenCL 3.0 CUDA 12.3.68", "device_name": "NVIDIA RTX A4000", "device_version": "OpenCL 3.0 CUDA", "opencl_c_version": "OpenCL C 1.2 ", "driver_version": "545.23.06", "iterations": 7, "compiler_options": ["-I/home/fjwillem/Code/kernel_tuner_paper/kernels/gemm_cltune_opencl/"], "best_config": {"nvml_gr_clock": 840, "nvml_mem_clock": 6501, "GEMMK": 0, "MWG": 128, "NWG": 128, "KWG": 32, "MDIMC": 16, "NDIMC": 8, "MDIMA": 8, "NDIMB": 8, "KWI": 2, "VWM": 4, "VWN": 2, "STRM": 1, "STRN": 1, "SA": 0, "SB": 1, "KREG": 1, "PRECISION": 32, "core_freqs": [840.0, 840.0, 840.0, 840.0, 840.0, 840.0, 840.0], "core_freq": 840.0, "mem_freqs": [6501.0, 6501.0, 6501.0, 6501.0, 6501.0, 6501.0, 6501.0], "mem_freq": 6501.0, "temperatures": [48.0, 48.27, 49.0, 49.0, 49.40372670807454, 50.0, 50.0], "temperature": 49.09624667258208, "time": 19.901586285714284, "times": [19.930111999999998, 19.873791999999998, 19.897344, 19.902464, 19.893248, 19.892224, 19.92192], "compile_time": 158.45884382724762, "verification_time": 0, "benchmark_time": 142.92732439935207, "GFLOP/s": 6907.615600605678, "strategy_time": 0.07085129618644714, "framework_time": 2.217864617705345, "timestamp": "2024-07-11 09:06:40.891301+00:00"}, "total_framework_time": 211.36694960296154, "total_strategy_time": 884.1312769800425, "total_compile_time": 23828.356068581343, "total_verification_time": 0, "total_benchmark_time": 22528.785932809114, "overhead_time": 2908.8425803929567, "execution_time": 50.37324810028076}