{"platform_name": "NVIDIA CUDA", "platform_version": "OpenCL 3.0 CUDA 12.3.68", "device_name": "NVIDIA RTX A4000", "device_version": "OpenCL 3.0 CUDA", "opencl_c_version": "OpenCL C 1.2 ", "driver_version": "545.23.06", "iterations": 7, "compiler_options": ["-I/home/fjwillem/Code/kernel_tuner_paper/kernels/gemm_cltune_opencl/"], "best_config": {"nvml_gr_clock": 840, "nvml_mem_clock": 6501, "GEMMK": 0, "MWG": 128, "NWG": 64, "KWG": 32, "MDIMC": 16, "NDIMC": 8, "MDIMA": 16, "NDIMB": 32, "KWI": 2, "VWM": 4, "VWN": 2, "STRM": 1, "STRN": 0, "SA": 1, "SB": 0, "KREG": 1, "PRECISION": 32, "core_freqs": [840.0, 840.0, 840.0, 840.0, 840.0, 840.0, 840.0], "core_freq": 840.0, "mem_freqs": [6501.0, 6501.0, 6501.0, 6501.0, 6501.0, 6501.0, 6501.0], "mem_freq": 6501.0, "temperatures": [61.507246376811594, 62.0, 62.0, 62.79425837320574, 63.0, 63.0, 63.0], "temperature": 62.47164353571676, "time": 21.65365028571429, "times": [21.67296, 21.61152, 21.584896, 21.641216, 21.661696, 21.581823999999997, 21.82144], "compile_time": 81.2829714268446, "verification_time": 0, "benchmark_time": 154.99509498476982, "GFLOP/s": 6348.69899947981, "strategy_time": 0.034185126423835754, "framework_time": 1.1235885322093964, "timestamp": "2024-07-09 10:46:56.435773+00:00"}, "total_framework_time": 222.39482030272484, "total_strategy_time": 692.6557831466198, "total_compile_time": 18540.96617922187, "total_verification_time": 0, "total_benchmark_time": 21948.22762720287, "overhead_time": 2745.497213676572, "execution_time": 44.163498401641846}