{"platform_name": "NVIDIA CUDA", "platform_version": "OpenCL 3.0 CUDA 12.3.68", "device_name": "NVIDIA RTX A4000", "device_version": "OpenCL 3.0 CUDA", "opencl_c_version": "OpenCL C 1.2 ", "driver_version": "545.23.06", "iterations": 7, "compiler_options": ["-I/home/fjwillem/Code/kernel_tuner_paper/kernels/gemm_cltune_opencl/"], "best_config": {"nvml_gr_clock": 840, "nvml_mem_clock": 6501, "GEMMK": 0, "MWG": 128, "NWG": 128, "KWG": 32, "MDIMC": 16, "NDIMC": 8, "MDIMA": 32, "NDIMB": 32, "KWI": 2, "VWM": 4, "VWN": 2, "STRM": 1, "STRN": 0, "SA": 1, "SB": 1, "KREG": 1, "PRECISION": 32, "core_freqs": [840.0, 840.0, 840.0, 840.0, 840.0, 840.0, 840.0], "core_freq": 840.0, "mem_freqs": [6501.0, 6501.0, 6501.0, 6501.0, 6501.0, 6501.0, 6501.0], "mem_freq": 6501.0, "temperatures": [39.0, 39.3027027027027, 40.0, 40.72432432432432, 41.0, 41.0, 41.0], "temperature": 40.28957528957529, "time": 18.45672228571428, "times": [18.473983999999998, 18.449408, 18.455552, 18.458624, 18.450432, 18.454528, 18.454528], "compile_time": 159.41985324025154, "verification_time": 0, "benchmark_time": 132.71990045905113, "GFLOP/s": 7448.370614017708, "strategy_time": 0.0703316181898117, "framework_time": 2.1362528204917908, "timestamp": "2024-07-09 10:00:35.016901+00:00"}, "total_framework_time": 206.43577352166176, "total_strategy_time": 720.8618354052305, "total_compile_time": 23875.41035376489, "total_verification_time": 0, "total_benchmark_time": 24141.35191962123, "overhead_time": 2731.5629050135612, "execution_time": 51.6899094581604}