{"platform_name": "NVIDIA CUDA", "platform_version": "OpenCL 3.0 CUDA 12.3.68", "device_name": "NVIDIA RTX A4000", "device_version": "OpenCL 3.0 CUDA", "opencl_c_version": "OpenCL C 1.2 ", "driver_version": "545.23.06", "iterations": 7, "compiler_options": ["-I/home/fjwillem/Code/kernel_tuner_paper/kernels/gemm_cltune_opencl/"], "best_config": {"nvml_gr_clock": 840, "nvml_mem_clock": 6501, "GEMMK": 0, "MWG": 64, "NWG": 128, "KWG": 16, "MDIMC": 16, "NDIMC": 8, "MDIMA": 8, "NDIMB": 16, "KWI": 2, "VWM": 4, "VWN": 8, "STRM": 0, "STRN": 0, "SA": 0, "SB": 1, "KREG": 1, "PRECISION": 32, "core_freqs": [840.0, 840.0, 840.0, 840.0, 840.0, 840.0, 840.0], "core_freq": 840.0, "mem_freqs": [6501.0, 6501.0, 6501.0, 6501.0, 6501.0, 6501.0, 6501.0], "mem_freq": 6501.0, "temperatures": [58.0, 58.36612021857923, 59.0, 59.86274509803921, 60.0, 60.0, 60.0], "temperature": 59.31840933094549, "time": 20.360626285714286, "times": [20.369408, 20.358144, 20.363263999999997, 20.355072, 20.36016, 20.35712, 20.361216], "compile_time": 235.03811843693256, "verification_time": 0, "benchmark_time": 146.0192445665598, "GFLOP/s": 6751.88012268834, "strategy_time": 0.07049925625324249, "framework_time": 2.0753853023052216, "timestamp": "2024-07-09 11:17:20.194364+00:00"}, "total_framework_time": 208.75895768404007, "total_strategy_time": 822.5425481796265, "total_compile_time": 27114.147698506713, "total_verification_time": 0, "total_benchmark_time": 21906.873274594545, "overhead_time": 2747.346919029951, "execution_time": 52.81057024002075}