{"device_name": "NVIDIA RTX A4000", "simulation": true, "simulated_time": 120380.77920116484, "best_config": {"nvml_gr_clock": 840, "nvml_mem_clock": 6501, "GEMMK": 0, "MWG": 128, "NWG": 128, "KWG": 32, "MDIMC": 16, "NDIMC": 8, "MDIMA": 8, "NDIMB": 32, "KWI": 2, "VWM": 8, "VWN": 2, "STRM": 1, "STRN": 1, "SA": 1, "SB": 1, "KREG": 1, "PRECISION": 32, "core_freqs": [840.0, 840.0, 840.0, 840.0, 840.0, 840.0, 840.0, 840.0, 840.0, 840.0, 840.0, 840.0, 840.0, 840.0, 840.0, 840.0, 840.0, 840.0, 840.0, 840.0, 840.0, 840.0, 840.0, 840.0, 840.0, 840.0, 840.0, 840.0, 840.0, 840.0, 840.0, 840.0], "core_freq": 840.0, "mem_freqs": [6501.0, 6501.0, 6501.0, 6501.0, 6501.0, 6501.0, 6501.0, 6501.0, 6501.0, 6501.0, 6501.0, 6501.0, 6501.0, 6501.0, 6501.0, 6501.0, 6501.0, 6501.0, 6501.0, 6501.0, 6501.0, 6501.0, 6501.0, 6501.0, 6501.0, 6501.0, 6501.0, 6501.0, 6501.0, 6501.0, 6501.0, 6501.0], "mem_freq": 6501.0, "temperatures": [52.0, 52.91588785046729, 53.37735849056604, 54.0, 54.0, 54.0, 54.0, 54.0, 54.0, 54.0, 54.99239543726236, 55.0, 55.0, 55.0, 55.0, 55.0, 55.0, 55.0, 55.0, 55.0, 55.0, 55.0, 55.0, 55.0, 55.0, 55.0, 55.0, 55.0, 55.0, 55.0, 55.0, 55.0], "temperature": 54.57142630557174, "time": 19.741981, "times": [19.741695999999997, 19.75808, 19.75808, 19.746816, 19.763199999999998, 19.777535999999998, 19.761152, 19.755008, 19.762176, 19.745791999999998, 19.755968, 19.714048, 19.7376, 19.716096, 19.72224, 19.715072, 19.74272, 19.746816, 19.724287999999998, 19.724287999999998, 19.708928, 19.704832, 19.714048, 19.727359999999997, 19.756031999999998, 19.759104, 19.750912, 19.738623999999998, 19.751936, 19.752959999999998, 19.743744, 19.76624], "pwr_core_freqs": [840.0], "pwr_core_freq": 840.0, "pwr_mem_freqs": [6501.0], "pwr_mem_freq": 6501.0, "pwr_temperatures": [55.85843891756609], "pwr_temperature": 55.85843891756609, "nvml_energy": 1.8332206136789997, "compile_time": 313.54362051934004, "verification_time": 0, "benchmark_time": 2424.519270658493, "GFLOP/s": 6963.460652910162, "strategy_time": 0.0017941929399967194, "framework_time": 0.04384084604680538, "timestamp": "2024-02-15 09:25:12.552530+00:00"}, "total_framework_time": 1.5127393417060375, "total_strategy_time": 7302.853538189083, "total_compile_time": 8832.620453089476, "total_verification_time": 0, "total_benchmark_time": 111548.15874807537, "overhead_time": 499.4504814967513, "execution_time": 8.40719747543335}