{"platform_name": "NVIDIA CUDA", "platform_version": "OpenCL 3.0 CUDA 12.3.68", "device_name": "NVIDIA RTX A4000", "device_version": "OpenCL 3.0 CUDA", "opencl_c_version": "OpenCL C 1.2 ", "driver_version": "545.23.06", "iterations": 7, "compiler_options": ["-I/home/fjwillem/Code/kernel_tuner_paper/kernels/gemm_cltune_opencl/"], "best_config": {"nvml_gr_clock": 840, "nvml_mem_clock": 6501, "GEMMK": 0, "MWG": 128, "NWG": 128, "KWG": 32, "MDIMC": 32, "NDIMC": 8, "MDIMA": 8, "NDIMB": 16, "KWI": 2, "VWM": 4, "VWN": 2, "STRM": 1, "STRN": 1, "SA": 0, "SB": 1, "KREG": 1, "PRECISION": 32, "core_freqs": [840.0, 840.0, 840.0, 840.0, 840.0, 840.0, 840.0], "core_freq": 840.0, "mem_freqs": [6501.0, 6501.0, 6501.0, 6501.0, 6501.0, 6501.0, 6501.0], "mem_freq": 6501.0, "temperatures": [54.0, 54.69583333333333, 55.22457627118644, 56.0, 56.0, 56.34016393442623, 57.0], "temperature": 55.60865336270657, "time": 20.500333714285713, "times": [20.507648, 20.492288, 20.49024, 20.50048, 20.511744, 20.487168, 20.512767999999998], "compile_time": 460.8816187828779, "verification_time": 0, "benchmark_time": 146.08279056847095, "GFLOP/s": 6705.866832216585, "strategy_time": 0.009015202522277832, "framework_time": 0.9294431656599045, "timestamp": "2024-07-08 14:36:13.454157+00:00"}, "total_framework_time": 195.24065777659416, "total_strategy_time": 729.9329712986946, "total_compile_time": 29258.343124762177, "total_verification_time": 0, "total_benchmark_time": 19366.497272625566, "overhead_time": 2653.7891905754805, "execution_time": 52.216302156448364}