{"platform_name": "NVIDIA CUDA", "platform_version": "OpenCL 3.0 CUDA 12.3.68", "device_name": "NVIDIA RTX A4000", "device_version": "OpenCL 3.0 CUDA", "opencl_c_version": "OpenCL C 1.2 ", "driver_version": "545.23.06", "iterations": 7, "compiler_options": ["-I/home/fjwillem/Code/kernel_tuner_paper/kernels/gemm_cltune_opencl/"], "best_config": {"nvml_gr_clock": 840, "nvml_mem_clock": 6501, "GEMMK": 0, "MWG": 128, "NWG": 64, "KWG": 32, "MDIMC": 8, "NDIMC": 8, "MDIMA": 8, "NDIMB": 32, "KWI": 2, "VWM": 4, "VWN": 1, "STRM": 1, "STRN": 0, "SA": 0, "SB": 0, "KREG": 1, "PRECISION": 32, "core_freqs": [840.0, 840.0, 840.0, 840.0, 840.0, 840.0, 840.0], "core_freq": 840.0, "mem_freqs": [6501.0, 6501.0, 6501.0, 6501.0, 6501.0, 6501.0, 6501.0], "mem_freq": 6501.0, "temperatures": [57.0, 57.68382352941177, 58.0, 58.0, 58.0, 58.0, 58.0], "temperature": 57.811974789915965, "time": 24.579364571428567, "times": [24.5504, 24.635392, 24.553472, 24.509439999999998, 24.617984, 24.660992, 24.527872], "compile_time": 109.63881388306618, "verification_time": 0, "benchmark_time": 174.92551170289516, "GFLOP/s": 5593.004957654608, "strategy_time": 0.008756294846534729, "framework_time": 0.8219219744205475, "timestamp": "2024-07-09 10:03:08.151507+00:00"}, "total_framework_time": 189.01869654655457, "total_strategy_time": 725.4134994000196, "total_compile_time": 18665.00215791166, "total_verification_time": 0, "total_benchmark_time": 27710.379673168063, "overhead_time": 3173.194879665971, "execution_time": 50.47353386878967}