{"platform_name": "NVIDIA CUDA", "platform_version": "OpenCL 3.0 CUDA 12.3.68", "device_name": "NVIDIA RTX A4000", "device_version": "OpenCL 3.0 CUDA", "opencl_c_version": "OpenCL C 1.2 ", "driver_version": "545.23.06", "iterations": 7, "compiler_options": ["-I/home/fjwillem/Code/kernel_tuner_paper/kernels/gemm_cltune_opencl/"], "best_config": {"nvml_gr_clock": 840, "nvml_mem_clock": 6501, "GEMMK": 0, "MWG": 128, "NWG": 128, "KWG": 16, "MDIMC": 32, "NDIMC": 8, "MDIMA": 16, "NDIMB": 32, "KWI": 2, "VWM": 4, "VWN": 4, "STRM": 0, "STRN": 0, "SA": 0, "SB": 1, "KREG": 1, "PRECISION": 32, "core_freqs": [840.0, 840.0, 840.0, 840.0, 840.0, 840.0, 840.0], "core_freq": 840.0, "mem_freqs": [6501.0, 6501.0, 6501.0, 6501.0, 6501.0, 6501.0, 6501.0], "mem_freq": 6501.0, "temperatures": [55.0, 55.0, 55.38075313807531, 56.0, 56.0, 56.0, 56.016666666666666], "temperature": 55.62820282924885, "time": 20.38051657142857, "times": [20.391935999999998, 20.374527999999998, 20.38368, 20.371456, 20.374527999999998, 20.386816, 20.380672], "compile_time": 279.8557635396719, "verification_time": 0, "benchmark_time": 145.20934782922268, "GFLOP/s": 6745.290651598233, "strategy_time": 8.07696208357811, "framework_time": 9.40941646695137, "timestamp": "2024-07-08 14:42:44.243551+00:00"}, "total_framework_time": 212.52232417464256, "total_strategy_time": 735.6036975979805, "total_compile_time": 34816.90687686205, "total_verification_time": 0, "total_benchmark_time": 36949.158200994134, "overhead_time": 2629.0248073637486, "execution_time": 75.35289287567139}