{"device_name": "NVIDIA RTX A4000", "simulation": true, "simulated_time": 123702.46119983494, "best_config": {"nvml_gr_clock": 840, "nvml_mem_clock": 6501, "GEMMK": 0, "MWG": 64, "NWG": 128, "KWG": 32, "MDIMC": 8, "NDIMC": 16, "MDIMA": 8, "NDIMB": 8, "KWI": 2, "VWM": 8, "VWN": 4, "STRM": 1, "STRN": 1, "SA": 0, "SB": 1, "KREG": 1, "PRECISION": 32, "core_freqs": [840.0, 840.0, 840.0, 840.0, 840.0, 840.0, 840.0, 840.0, 840.0, 840.0, 840.0, 840.0, 840.0, 840.0, 840.0, 840.0, 840.0, 840.0, 840.0, 840.0, 840.0, 840.0, 840.0, 840.0, 840.0, 840.0, 840.0, 840.0, 840.0, 840.0, 840.0, 840.0], "core_freq": 840.0, "mem_freqs": [6501.0, 6501.0, 6501.0, 6501.0, 6501.0, 6501.0, 6501.0, 6501.0, 6501.0, 6501.0, 6501.0, 6501.0, 6501.0, 6501.0, 6501.0, 6501.0, 6501.0, 6501.0, 6501.0, 6501.0, 6501.0, 6501.0, 6501.0, 6501.0, 6501.0, 6501.0, 6501.0, 6501.0, 6501.0, 6501.0, 6501.0, 6501.0], "mem_freq": 6501.0, "temperatures": [59.0, 59.0, 59.54697986577181, 60.0, 60.0, 60.0, 60.0, 60.11726384364821, 61.0, 61.0, 61.0, 61.0, 61.0, 61.0, 61.0, 61.0, 61.0, 61.0, 61.0, 61.0, 61.0, 61.0, 61.0, 61.0, 61.0, 61.0, 61.0, 61.0, 61.0, 61.0, 61.0, 61.0], "temperature": 60.67700761591938, "time": 21.890623, "times": [21.946368, 21.89312, 21.887999999999998, 21.869567999999997, 21.854208, 21.879808, 21.863424, 21.945344, 21.883903999999998, 21.870592, 21.9136, 21.869567999999997, 21.899264, 21.894144, 21.894144, 21.916672, 21.838848, 21.875712, 21.901312, 21.87776, 21.908448, 21.916672, 21.912575999999998, 21.828608, 21.922815999999997, 21.84704, 21.92384, 21.910528, 21.881856, 21.858304, 21.909504, 21.904384], "pwr_core_freqs": [840.0], "pwr_core_freq": 840.0, "pwr_mem_freqs": [6501.0], "pwr_mem_freq": 6501.0, "pwr_temperatures": [61.67997727457187], "pwr_temperature": 61.67997727457187, "nvml_energy": 2.0652270456890003, "compile_time": 183.0829568207264, "verification_time": 0, "benchmark_time": 2509.599252603948, "GFLOP/s": 6279.972383791909, "strategy_time": 0.0017830170691013336, "framework_time": 0.04130811430513859, "timestamp": "2024-02-13 07:42:37.943558+00:00"}, "total_framework_time": 1.5953900292515755, "total_strategy_time": 7631.14813528955, "total_compile_time": 8335.42765956372, "total_verification_time": 0, "total_benchmark_time": 115367.03354027122, "overhead_time": 488.97961573675275, "execution_time": 8.708234310150146}