{"platform_name": "NVIDIA CUDA", "platform_version": "OpenCL 3.0 CUDA 12.3.68", "device_name": "NVIDIA RTX A4000", "device_version": "OpenCL 3.0 CUDA", "opencl_c_version": "OpenCL C 1.2 ", "driver_version": "545.23.06", "iterations": 7, "compiler_options": ["-I/home/fjwillem/Code/kernel_tuner_paper/kernels/gemm_cltune_opencl/"], "best_config": {"nvml_gr_clock": 840, "nvml_mem_clock": 6501, "GEMMK": 0, "MWG": 128, "NWG": 128, "KWG": 32, "MDIMC": 32, "NDIMC": 8, "MDIMA": 8, "NDIMB": 8, "KWI": 2, "VWM": 2, "VWN": 4, "STRM": 1, "STRN": 1, "SA": 1, "SB": 1, "KREG": 1, "PRECISION": 32, "core_freqs": [840.0, 840.0, 840.0, 840.0, 840.0, 840.0, 840.0], "core_freq": 840.0, "mem_freqs": [6501.0, 6501.0, 6501.0, 6501.0, 6501.0, 6501.0, 6501.0], "mem_freq": 6501.0, "temperatures": [58.0, 58.4, 59.0, 59.0, 59.0, 59.276018099547514, 60.0], "temperature": 58.95371687136393, "time": 21.170898285714284, "times": [21.177343999999998, 21.166079999999997, 21.167104, 21.174208, 21.169152, 21.169152, 21.173247999999997], "compile_time": 322.18535616993904, "verification_time": 0, "benchmark_time": 151.17783658206463, "GFLOP/s": 6493.465985652759, "strategy_time": 0.03427453339099884, "framework_time": 1.1999905109405518, "timestamp": "2024-07-09 09:45:39.249536+00:00"}, "total_framework_time": 223.03159534931183, "total_strategy_time": 716.4913397282362, "total_compile_time": 28389.53522592783, "total_verification_time": 0, "total_benchmark_time": 21290.28275050223, "overhead_time": 2679.5400492846966, "execution_time": 53.312575817108154}