{"device_name": "NVIDIA RTX A4000", "simulation": true, "simulated_time": 53466.09576488845, "best_config": {"nvml_gr_clock": 840, "nvml_mem_clock": 6501, "GEMMK": 0, "MWG": 64, "NWG": 128, "KWG": 16, "MDIMC": 16, "NDIMC": 8, "MDIMA": 16, "NDIMB": 16, "KWI": 2, "VWM": 4, "VWN": 8, "STRM": 0, "STRN": 0, "SA": 0, "SB": 1, "KREG": 1, "PRECISION": 32, "core_freqs": [840.0, 840.0, 840.0, 840.0, 840.0, 840.0, 840.0], "core_freq": 840.0, "mem_freqs": [6501.0, 6501.0, 6501.0, 6501.0, 6501.0, 6501.0, 6501.0], "mem_freq": 6501.0, "temperatures": [58.50902527075812, 59.018181818181816, 60.0, 60.0, 60.0, 60.0, 60.0], "temperature": 59.64674386984856, "time": 20.361796571428574, "times": [20.36224, 20.375552, 20.366336, 20.349952, 20.368384, 20.354015999999998, 20.356095999999997], "compile_time": 316.51428318582475, "verification_time": 0, "benchmark_time": 145.89726901613176, "GFLOP/s": 6751.492061211326, "strategy_time": 0.015074387192726135, "framework_time": 0.1114141196012497, "timestamp": "2024-03-15 15:26:42.818369+00:00"}, "total_framework_time": 13.418953865766525, "total_strategy_time": 5043.771976605058, "total_compile_time": 28690.36095053889, "total_verification_time": 0, "total_benchmark_time": 24775.734814349562, "overhead_time": 304.4562730938196, "execution_time": 5.427685022354126}