{"device_name": "NVIDIA RTX A4000", "simulation": true, "simulated_time": 121767.01834239066, "best_config": {"nvml_gr_clock": 840, "nvml_mem_clock": 6501, "GEMMK": 0, "MWG": 128, "NWG": 128, "KWG": 32, "MDIMC": 16, "NDIMC": 8, "MDIMA": 8, "NDIMB": 32, "KWI": 2, "VWM": 2, "VWN": 1, "STRM": 1, "STRN": 0, "SA": 1, "SB": 1, "KREG": 1, "PRECISION": 32, "core_freqs": [840.0, 840.0, 840.0, 840.0, 840.0, 840.0, 840.0, 840.0, 840.0, 840.0, 840.0, 840.0, 840.0, 840.0, 840.0, 840.0, 840.0, 840.0, 840.0, 840.0, 840.0, 840.0, 840.0, 840.0, 840.0, 840.0, 840.0, 840.0, 840.0, 840.0, 840.0, 840.0], "core_freq": 840.0, "mem_freqs": [6501.0, 6501.0, 6501.0, 6501.0, 6501.0, 6501.0, 6501.0, 6501.0, 6501.0, 6501.0, 6501.0, 6501.0, 6501.0, 6501.0, 6501.0, 6501.0, 6501.0, 6501.0, 6501.0, 6501.0, 6501.0, 6501.0, 6501.0, 6501.0, 6501.0, 6501.0, 6501.0, 6501.0, 6501.0, 6501.0, 6501.0, 6501.0], "mem_freq": 6501.0, "temperatures": [53.0, 53.39333333333333, 54.0, 54.0, 54.0, 54.0, 54.137123745819395, 55.0, 55.0, 55.0, 55.0, 55.0, 55.0, 55.0, 55.0, 55.0, 55.0, 55.0, 55.0, 55.0, 55.0, 55.0, 55.0, 55.0, 55.0, 55.7463768115942, 56.0, 56.0, 56.0, 56.0, 56.0, 56.0], "temperature": 54.946151059085835, "time": 22.166238, "times": [22.160384, 22.154239999999998, 22.163456, 22.163391999999998, 22.167552, 22.171647999999998, 22.178815999999998, 22.18496, 22.178815999999998, 22.182911999999998, 22.171647999999998, 22.192128, 22.175743999999998, 22.160384, 22.150143999999997, 22.142975999999997, 22.168575999999998, 22.142975999999997, 22.151168, 22.151168, 22.158336, 22.147071999999998, 22.147071999999998, 22.147071999999998, 22.177792, 22.163456, 22.163456, 22.172672, 22.187008, 22.196223999999997, 22.165504, 22.180864], "pwr_core_freqs": [840.0], "pwr_core_freq": 840.0, "pwr_mem_freqs": [6501.0], "pwr_mem_freq": 6501.0, "pwr_temperatures": [56.0], "pwr_temperature": 56.0, "nvml_energy": 2.144849521356, "compile_time": 500.36739837378263, "verification_time": 0, "benchmark_time": 2518.3376474305987, "GFLOP/s": 6201.887208104505, "strategy_time": 0.0016130506992340088, "framework_time": 0.04504481330513954, "timestamp": "2024-02-15 09:19:15.506236+00:00"}, "total_framework_time": 1.578254858031869, "total_strategy_time": 7808.480706065893, "total_compile_time": 8210.527757182717, "total_verification_time": 0, "total_benchmark_time": 113556.49058520794, "overhead_time": 512.8568380605429, "execution_time": 8.903528690338135}