{"platform_name": "NVIDIA CUDA", "platform_version": "OpenCL 3.0 CUDA 12.3.68", "device_name": "NVIDIA RTX A4000", "device_version": "OpenCL 3.0 CUDA", "opencl_c_version": "OpenCL C 1.2 ", "driver_version": "545.23.06", "iterations": 7, "compiler_options": ["-I/home/fjwillem/Code/kernel_tuner_paper/kernels/gemm_cltune_opencl/"], "best_config": {"nvml_gr_clock": 840, "nvml_mem_clock": 6501, "GEMMK": 0, "MWG": 128, "NWG": 128, "KWG": 16, "MDIMC": 16, "NDIMC": 8, "MDIMA": 32, "NDIMB": 32, "KWI": 2, "VWM": 4, "VWN": 1, "STRM": 1, "STRN": 1, "SA": 0, "SB": 1, "KREG": 1, "PRECISION": 32, "core_freqs": [840.0, 840.0, 840.0, 840.0, 840.0, 840.0, 840.0], "core_freq": 840.0, "mem_freqs": [6501.0, 6501.0, 6501.0, 6501.0, 6501.0, 6501.0, 6501.0], "mem_freq": 6501.0, "temperatures": [59.0, 59.51495016611295, 60.0, 60.0, 60.87171052631579, 61.0, 61.0], "temperature": 60.198094384632675, "time": 22.054619428571424, "times": [22.072319999999998, 22.177792, 22.036479999999997, 21.993472, 22.076416, 22.011903999999998, 22.013952], "compile_time": 821.2880741339177, "verification_time": 0, "benchmark_time": 160.30013002455235, "GFLOP/s": 6233.274999336712, "strategy_time": 0.00930693931877613, "framework_time": 1.5728217549622059, "timestamp": "2024-03-15 15:43:10.568757+00:00"}, "total_framework_time": 324.77325736545026, "total_strategy_time": 339.7798982914537, "total_compile_time": 41820.83929842338, "total_verification_time": 0, "total_benchmark_time": 76309.66900382191, "overhead_time": 3451.0970439296216, "execution_time": 122.26100754737854}