{"device_name": "NVIDIA RTX A4000", "simulation": true, "simulated_time": 121159.07401964068, "best_config": {"nvml_gr_clock": 840, "nvml_mem_clock": 6501, "GEMMK": 0, "MWG": 32, "NWG": 128, "KWG": 16, "MDIMC": 8, "NDIMC": 8, "MDIMA": 8, "NDIMB": 32, "KWI": 2, "VWM": 1, "VWN": 4, "STRM": 1, "STRN": 1, "SA": 0, "SB": 1, "KREG": 1, "PRECISION": 32, "core_freqs": [840.0, 840.0, 840.0, 840.0, 840.0, 840.0, 840.0, 840.0, 840.0, 840.0, 840.0, 840.0, 840.0, 840.0, 840.0, 840.0, 840.0, 840.0, 840.0, 840.0, 840.0, 840.0, 840.0, 840.0, 840.0, 840.0, 840.0, 840.0, 840.0, 840.0, 840.0, 840.0], "core_freq": 840.0, "mem_freqs": [6501.0, 6501.0, 6501.0, 6501.0, 6501.0, 6501.0, 6501.0, 6501.0, 6501.0, 6501.0, 6501.0, 6501.0, 6501.0, 6501.0, 6501.0, 6501.0, 6501.0, 6501.0, 6501.0, 6501.0, 6501.0, 6501.0, 6501.0, 6501.0, 6501.0, 6501.0, 6501.0, 6501.0, 6501.0, 6501.0, 6501.0, 6501.0], "mem_freq": 6501.0, "temperatures": [62.0, 62.0, 62.420245398773005, 63.0, 63.0, 63.8625, 64.0, 64.0, 64.0, 64.0, 64.0, 64.0, 64.0, 64.0, 64.0, 64.80555555555556, 65.0, 65.0, 65.0, 65.0, 65.0, 65.0, 65.0, 65.0, 65.0, 65.0, 65.0, 65.0, 65.0, 65.0, 65.0, 65.0], "temperature": 64.28400940482277, "time": 23.35302, "times": [23.346176, 23.371744, 23.349248, 23.333887999999998, 23.380992, 23.34208, 23.35744, 23.358463999999998, 23.335936, 23.341056, 23.349248, 23.348224, 23.346176, 23.368703999999997, 23.353344, 23.359455999999998, 23.371776, 23.334912, 23.372799999999998, 23.380992, 23.33184, 23.333887999999998, 23.351295999999998, 23.364544, 23.356416, 23.35232, 23.343104, 23.347199999999997, 23.359488, 23.341056, 23.360512, 23.35232], "pwr_core_freqs": [840.0], "pwr_core_freq": 840.0, "pwr_mem_freqs": [6501.0], "pwr_mem_freq": 6501.0, "pwr_temperatures": [65.2358498249043], "pwr_temperature": 65.2358498249043, "nvml_energy": 2.8045108778400003, "compile_time": 443.6390670016408, "verification_time": 0, "benchmark_time": 2506.499565206468, "GFLOP/s": 5886.7122069865045, "strategy_time": 0.0020440202206373215, "framework_time": 0.044353073462843895, "timestamp": "2024-02-11 02:13:40.962546+00:00"}, "total_framework_time": 1.5093889087438583, "total_strategy_time": 8091.455555520952, "total_compile_time": 8556.067176163197, "total_verification_time": 0, "total_benchmark_time": 112603.00684347749, "overhead_time": 542.0758575201035, "execution_time": 9.248688220977783}