{"platform_name": "NVIDIA CUDA", "platform_version": "OpenCL 3.0 CUDA 12.3.68", "device_name": "NVIDIA RTX A4000", "device_version": "OpenCL 3.0 CUDA", "opencl_c_version": "OpenCL C 1.2 ", "driver_version": "545.23.06", "iterations": 7, "compiler_options": ["-I/home/fjwillem/Code/kernel_tuner_paper/kernels/gemm_cltune_opencl/"], "best_config": {"nvml_gr_clock": 840, "nvml_mem_clock": 6501, "GEMMK": 0, "MWG": 64, "NWG": 128, "KWG": 32, "MDIMC": 8, "NDIMC": 16, "MDIMA": 16, "NDIMB": 32, "KWI": 2, "VWM": 4, "VWN": 2, "STRM": 1, "STRN": 0, "SA": 1, "SB": 0, "KREG": 1, "PRECISION": 32, "core_freqs": [840.0, 840.0, 840.0, 840.0, 840.0, 840.0, 840.0], "core_freq": 840.0, "mem_freqs": [6501.0, 6501.0, 6501.0, 6501.0, 6501.0, 6501.0, 6501.0], "mem_freq": 6501.0, "temperatures": [60.0, 60.366336633663366, 61.0, 61.0, 61.0, 61.0, 61.990196078431374], "temperature": 60.90807610172782, "time": 20.092927999999997, "times": [20.082687999999997, 20.093951999999998, 20.007936, 20.164607999999998, 20.077568, 20.146176, 20.077568], "compile_time": 80.6292723864317, "verification_time": 0, "benchmark_time": 143.95209029316902, "GFLOP/s": 6841.835490775661, "strategy_time": 0.06986968219280243, "framework_time": 2.0979363471269608, "timestamp": "2024-07-11 08:32:51.361208+00:00"}, "total_framework_time": 220.21074406802654, "total_strategy_time": 700.4843205213547, "total_compile_time": 16498.447297140956, "total_verification_time": 0, "total_benchmark_time": 21175.373323261738, "overhead_time": 2650.135202333331, "execution_time": 41.257883071899414}