{"platform_name": "NVIDIA CUDA", "platform_version": "OpenCL 3.0 CUDA 12.3.68", "device_name": "NVIDIA RTX A4000", "device_version": "OpenCL 3.0 CUDA", "opencl_c_version": "OpenCL C 1.2 ", "driver_version": "545.23.06", "iterations": 7, "compiler_options": ["-I/home/fjwillem/Code/kernel_tuner_paper/kernels/gemm_cltune_opencl/"], "best_config": {"nvml_gr_clock": 840, "nvml_mem_clock": 6501, "GEMMK": 0, "MWG": 128, "NWG": 128, "KWG": 16, "MDIMC": 8, "NDIMC": 16, "MDIMA": 16, "NDIMB": 32, "KWI": 2, "VWM": 2, "VWN": 2, "STRM": 1, "STRN": 1, "SA": 1, "SB": 1, "KREG": 1, "PRECISION": 32, "core_freqs": [840.0, 840.0, 840.0, 840.0, 840.0, 840.0, 840.0], "core_freq": 840.0, "mem_freqs": [6501.0, 6501.0, 6501.0, 6501.0, 6501.0, 6501.0, 6501.0], "mem_freq": 6501.0, "temperatures": [61.0, 61.0, 61.894366197183096, 62.0, 62.0, 62.0, 62.58024691358025], "temperature": 61.78208758725191, "time": 20.760425142857144, "times": [20.789248, 20.710368, 20.662271999999998, 20.74624, 20.7872, 20.819968, 20.807679999999998], "compile_time": 679.0589459706098, "verification_time": 0, "benchmark_time": 149.13618005812168, "GFLOP/s": 6621.8541748553225, "strategy_time": 0.007503898814320564, "framework_time": 1.4084349386394024, "timestamp": "2024-03-15 16:21:53.123657+00:00"}, "total_framework_time": 320.81279857084155, "total_strategy_time": 342.1588612254709, "total_compile_time": 37315.4411627911, "total_verification_time": 0, "total_benchmark_time": 80780.84094938822, "overhead_time": 3030.333800241351, "execution_time": 121.80475616455078}