{"platform_name": "NVIDIA CUDA", "platform_version": "OpenCL 3.0 CUDA 12.3.68", "device_name": "NVIDIA RTX A4000", "device_version": "OpenCL 3.0 CUDA", "opencl_c_version": "OpenCL C 1.2 ", "driver_version": "545.23.06", "iterations": 7, "compiler_options": ["-I/home/fjwillem/Code/kernel_tuner_paper/kernels/gemm_cltune_opencl/"], "best_config": {"nvml_gr_clock": 840, "nvml_mem_clock": 6501, "GEMMK": 0, "MWG": 128, "NWG": 128, "KWG": 16, "MDIMC": 8, "NDIMC": 16, "MDIMA": 32, "NDIMB": 16, "KWI": 2, "VWM": 2, "VWN": 2, "STRM": 1, "STRN": 1, "SA": 1, "SB": 1, "KREG": 1, "PRECISION": 32, "core_freqs": [840.0, 840.0, 840.0, 840.0, 840.0, 840.0, 840.0], "core_freq": 840.0, "mem_freqs": [6501.0, 6501.0, 6501.0, 6501.0, 6501.0, 6501.0, 6501.0], "mem_freq": 6501.0, "temperatures": [56.56692913385827, 57.11538461538461, 58.0, 58.0, 58.0, 58.0, 58.6865671641791], "temperature": 57.766982987631714, "time": 20.42704457142857, "times": [20.29568, 20.484095999999997, 20.50048, 20.658175999999997, 20.338687999999998, 20.491263999999997, 20.220928], "compile_time": 612.8512658178806, "verification_time": 0, "benchmark_time": 145.16851492226124, "GFLOP/s": 6729.926467007548, "strategy_time": 0.09617023169994354, "framework_time": 1.7742086201906204, "timestamp": "2024-07-11 08:27:10.700215+00:00"}, "total_framework_time": 197.88840971887112, "total_strategy_time": 668.5983948409557, "total_compile_time": 29579.197285696864, "total_verification_time": 0, "total_benchmark_time": 19666.581697762012, "overhead_time": 2518.5303408652544, "execution_time": 52.6412787437439}