{"platform_name": "NVIDIA CUDA", "platform_version": "OpenCL 3.0 CUDA 12.3.68", "device_name": "NVIDIA RTX A4000", "device_version": "OpenCL 3.0 CUDA", "opencl_c_version": "OpenCL C 1.2 ", "driver_version": "545.23.06", "iterations": 7, "compiler_options": ["-I/home/fjwillem/Code/kernel_tuner_paper/kernels/gemm_cltune_opencl/"], "best_config": {"nvml_gr_clock": 840, "nvml_mem_clock": 6501, "GEMMK": 0, "MWG": 128, "NWG": 64, "KWG": 32, "MDIMC": 16, "NDIMC": 8, "MDIMA": 16, "NDIMB": 16, "KWI": 2, "VWM": 4, "VWN": 4, "STRM": 1, "STRN": 0, "SA": 1, "SB": 0, "KREG": 1, "PRECISION": 32, "core_freqs": [840.0, 840.0, 840.0, 840.0, 840.0, 840.0, 840.0], "core_freq": 840.0, "mem_freqs": [6501.0, 6501.0, 6501.0, 6501.0, 6501.0, 6501.0, 6501.0], "mem_freq": 6501.0, "temperatures": [56.0, 56.46829268292683, 57.0, 57.0, 57.0, 57.35329341317365, 58.0], "temperature": 56.974512299442935, "time": 20.977225142857144, "times": [21.066751999999997, 20.927488, 21.12512, 20.989952, 20.954112, 21.010431999999998, 20.76672], "compile_time": 81.93853124976158, "verification_time": 0, "benchmark_time": 152.4549350142479, "GFLOP/s": 6553.417192588511, "strategy_time": 0.0704396516084671, "framework_time": 2.126198261976242, "timestamp": "2024-07-11 07:59:45.032800+00:00"}, "total_framework_time": 1556.7261092364788, "total_strategy_time": 8064.760092645884, "total_compile_time": 27039.34283554554, "total_verification_time": 0, "total_benchmark_time": 19942.712912335992, "overhead_time": 3077.259251847863, "execution_time": 59.69502329826355}