{"platform_name": "NVIDIA CUDA", "platform_version": "OpenCL 3.0 CUDA 12.3.68", "device_name": "NVIDIA RTX A4000", "device_version": "OpenCL 3.0 CUDA", "opencl_c_version": "OpenCL C 1.2 ", "driver_version": "545.23.06", "iterations": 7, "compiler_options": ["-I/home/fjwillem/Code/kernel_tuner_paper/kernels/gemm_cltune_opencl/"], "best_config": {"nvml_gr_clock": 840, "nvml_mem_clock": 6501, "GEMMK": 0, "MWG": 64, "NWG": 64, "KWG": 32, "MDIMC": 8, "NDIMC": 8, "MDIMA": 32, "NDIMB": 16, "KWI": 2, "VWM": 2, "VWN": 2, "STRM": 1, "STRN": 1, "SA": 1, "SB": 0, "KREG": 1, "PRECISION": 32, "core_freqs": [840.0, 840.0, 840.0, 840.0, 840.0, 840.0, 840.0], "core_freq": 840.0, "mem_freqs": [6501.0, 6501.0, 6501.0, 6501.0, 6501.0, 6501.0, 6501.0], "mem_freq": 6501.0, "temperatures": [58.0, 58.593023255813954, 59.0, 59.06719367588933, 60.0, 60.0, 60.0], "temperature": 59.23717384738619, "time": 23.39898057142857, "times": [23.436287999999998, 23.3984, 23.414783999999997, 23.473152, 23.292928, 23.502848, 23.274464], "compile_time": 287.3681001365185, "verification_time": 0, "benchmark_time": 166.68247804045677, "GFLOP/s": 5875.149452957853, "strategy_time": 0.06989017128944397, "framework_time": 2.0672474056482315, "timestamp": "2024-07-11 08:11:05.640738+00:00"}, "total_framework_time": 222.83480316400528, "total_strategy_time": 698.9593748003244, "total_compile_time": 33032.6637160033, "total_verification_time": 0, "total_benchmark_time": 28609.86696742475, "overhead_time": 3011.701498180628, "execution_time": 65.59070086479187}