{"device_name": "NVIDIA RTX A4000", "simulation": true, "simulated_time": 120205.67430346273, "best_config": {"nvml_gr_clock": 840, "nvml_mem_clock": 6501, "GEMMK": 0, "MWG": 128, "NWG": 64, "KWG": 16, "MDIMC": 16, "NDIMC": 8, "MDIMA": 32, "NDIMB": 8, "KWI": 2, "VWM": 4, "VWN": 4, "STRM": 1, "STRN": 1, "SA": 1, "SB": 1, "KREG": 1, "PRECISION": 32, "core_freqs": [840.0, 840.0, 840.0, 840.0, 840.0, 840.0, 840.0], "core_freq": 840.0, "mem_freqs": [6501.0, 6501.0, 6501.0, 6501.0, 6501.0, 6501.0, 6501.0], "mem_freq": 6501.0, "temperatures": [59.0, 59.7027027027027, 60.08365019011407, 61.0, 61.0, 61.0, 61.0], "temperature": 60.39805041325955, "time": 18.880365714285713, "times": [18.890752, 18.870272, 18.871295999999997, 18.882559999999998, 18.883584, 18.883584, 18.880512], "compile_time": 303.8678898010403, "verification_time": 0, "benchmark_time": 135.43519098311663, "GFLOP/s": 7281.241792895053, "strategy_time": 0.0016230624169111252, "framework_time": 0.039272941648960114, "timestamp": "2024-03-15 20:55:33.737760+00:00"}, "total_framework_time": 7.923973025754094, "total_strategy_time": 3805.4926979821175, "total_compile_time": 46123.861314263195, "total_verification_time": 0, "total_benchmark_time": 74081.81298919953, "overhead_time": 258.9048808440566, "execution_time": 4.1358301639556885}