{"device_name": "NVIDIA RTX A4000", "simulation": true, "simulated_time": 71163.36851543747, "best_config": {"nvml_gr_clock": 840, "nvml_mem_clock": 6501, "GEMMK": 0, "MWG": 64, "NWG": 128, "KWG": 16, "MDIMC": 8, "NDIMC": 8, "MDIMA": 32, "NDIMB": 32, "KWI": 2, "VWM": 2, "VWN": 2, "STRM": 0, "STRN": 1, "SA": 1, "SB": 1, "KREG": 1, "PRECISION": 32, "core_freqs": [840.0, 840.0, 840.0, 840.0, 840.0, 840.0, 840.0], "core_freq": 840.0, "mem_freqs": [6501.0, 6501.0, 6501.0, 6501.0, 6501.0, 6501.0, 6501.0], "mem_freq": 6501.0, "temperatures": [53.7864406779661, 54.277966101694915, 55.0, 55.0, 55.0, 55.0, 55.94444444444444], "temperature": 54.85840731772935, "time": 20.413284571428573, "times": [20.457472, 20.423679999999997, 20.41856, 20.449216, 20.365312, 20.424704, 20.354048], "compile_time": 608.818890992552, "verification_time": 0, "benchmark_time": 145.57683002203703, "GFLOP/s": 6734.46291423445, "strategy_time": 0.013645738363265991, "framework_time": 0.10534562170505524, "timestamp": "2024-03-15 14:52:47.557957+00:00"}, "total_framework_time": 12.614764273166656, "total_strategy_time": 5209.612958133221, "total_compile_time": 41035.097368992865, "total_verification_time": 0, "total_benchmark_time": 30128.271146444604, "overhead_time": 265.20046032965183, "execution_time": 5.552525997161865}