{"device_name": "NVIDIA RTX A4000", "simulation": true, "simulated_time": 48445.15313254669, "best_config": {"nvml_gr_clock": 840, "nvml_mem_clock": 6501, "GEMMK": 0, "MWG": 64, "NWG": 128, "KWG": 32, "MDIMC": 8, "NDIMC": 16, "MDIMA": 8, "NDIMB": 16, "KWI": 2, "VWM": 4, "VWN": 2, "STRM": 1, "STRN": 1, "SA": 0, "SB": 0, "KREG": 1, "PRECISION": 32, "core_freqs": [840.0, 840.0, 840.0, 840.0, 840.0, 840.0, 840.0], "core_freq": 840.0, "mem_freqs": [6501.0, 6501.0, 6501.0, 6501.0, 6501.0, 6501.0, 6501.0], "mem_freq": 6501.0, "temperatures": [58.0, 58.76996805111821, 59.0, 59.39344262295082, 60.0, 60.0, 60.0], "temperature": 59.30905866772415, "time": 24.514121142857142, "times": [24.595456, 24.479744, 24.510464, 24.37632, 24.561664, 24.60672, 24.46848], "compile_time": 249.5220829732716, "verification_time": 0, "benchmark_time": 176.1483009904623, "GFLOP/s": 5607.890533903817, "strategy_time": 0.013737007975578308, "framework_time": 0.10929442942142487, "timestamp": "2024-03-15 16:01:57.535804+00:00"}, "total_framework_time": 11.689642444252968, "total_strategy_time": 5137.469382956624, "total_compile_time": 21078.681082930416, "total_verification_time": 0, "total_benchmark_time": 27366.472049616277, "overhead_time": 266.88873395323753, "execution_time": 5.4836790561676025}