{"device_name": "NVIDIA RTX A4000", "simulation": true, "simulated_time": 56564.492160920054, "best_config": {"nvml_gr_clock": 840, "nvml_mem_clock": 6501, "GEMMK": 0, "MWG": 64, "NWG": 128, "KWG": 32, "MDIMC": 8, "NDIMC": 8, "MDIMA": 16, "NDIMB": 16, "KWI": 2, "VWM": 4, "VWN": 8, "STRM": 1, "STRN": 1, "SA": 1, "SB": 0, "KREG": 1, "PRECISION": 32, "core_freqs": [840.0, 840.0, 840.0, 840.0, 840.0, 840.0, 840.0], "core_freq": 840.0, "mem_freqs": [6501.0, 6501.0, 6501.0, 6501.0, 6501.0, 6501.0, 6501.0], "mem_freq": 6501.0, "temperatures": [54.278481012658226, 55.0, 55.0, 55.0, 55.32492113564669, 56.0, 56.0], "temperature": 55.22905744975784, "time": 22.65364114285714, "times": [22.67232, 22.64576, 22.643648, 22.623231999999998, 22.650879999999997, 22.690815999999998, 22.648832], "compile_time": 129.27107815630734, "verification_time": 0, "benchmark_time": 162.02725190669298, "GFLOP/s": 6068.45085242935, "strategy_time": 0.013815239071846008, "framework_time": 0.11351518332958221, "timestamp": "2024-03-15 15:53:03.375991+00:00"}, "total_framework_time": 12.639140710234642, "total_strategy_time": 4998.849850147963, "total_compile_time": 33388.48082534969, "total_verification_time": 0, "total_benchmark_time": 23176.011335570365, "overhead_time": 295.7397289574146, "execution_time": 5.373582601547241}