{"platform_name": "NVIDIA CUDA", "platform_version": "OpenCL 3.0 CUDA 12.3.68", "device_name": "NVIDIA RTX A4000", "device_version": "OpenCL 3.0 CUDA", "opencl_c_version": "OpenCL C 1.2 ", "driver_version": "545.23.06", "iterations": 7, "compiler_options": ["-I/home/fjwillem/Code/kernel_tuner_paper/kernels/gemm_cltune_opencl/"], "best_config": {"nvml_gr_clock": 840, "nvml_mem_clock": 6501, "GEMMK": 0, "MWG": 128, "NWG": 64, "KWG": 32, "MDIMC": 8, "NDIMC": 8, "MDIMA": 32, "NDIMB": 16, "KWI": 2, "VWM": 4, "VWN": 1, "STRM": 1, "STRN": 0, "SA": 0, "SB": 0, "KREG": 1, "PRECISION": 32, "core_freqs": [840.0, 840.0, 840.0, 840.0, 840.0, 840.0, 840.0], "core_freq": 840.0, "mem_freqs": [6501.0, 6501.0, 6501.0, 6501.0, 6501.0, 6501.0, 6501.0], "mem_freq": 6501.0, "temperatures": [60.0, 60.0, 60.471311475409834, 61.0, 61.0, 61.0, 61.0], "temperature": 60.63875878220141, "time": 24.55581257142857, "times": [24.455168, 24.585216, 24.667136, 24.543232, 24.58624, 24.466431999999998, 24.587263999999998], "compile_time": 145.62710002064705, "verification_time": 0, "benchmark_time": 175.38883537054062, "GFLOP/s": 5598.369327185426, "strategy_time": 0.07498078048229218, "framework_time": 2.1914318203926086, "timestamp": "2024-07-11 08:14:47.113184+00:00"}, "total_framework_time": 226.26330517232418, "total_strategy_time": 723.2783082872629, "total_compile_time": 19139.479199424386, "total_verification_time": 0, "total_benchmark_time": 24071.61690853536, "overhead_time": 2571.105733513832, "execution_time": 46.744885206222534}