{"platform_name": "NVIDIA CUDA", "platform_version": "OpenCL 3.0 CUDA 12.3.68", "device_name": "NVIDIA RTX A4000", "device_version": "OpenCL 3.0 CUDA", "opencl_c_version": "OpenCL C 1.2 ", "driver_version": "545.23.06", "iterations": 7, "compiler_options": ["-I/home/fjwillem/Code/kernel_tuner_paper/kernels/gemm_cltune_opencl/"], "best_config": {"nvml_gr_clock": 840, "nvml_mem_clock": 6501, "GEMMK": 0, "MWG": 128, "NWG": 64, "KWG": 32, "MDIMC": 16, "NDIMC": 8, "MDIMA": 16, "NDIMB": 16, "KWI": 2, "VWM": 4, "VWN": 4, "STRM": 1, "STRN": 0, "SA": 1, "SB": 0, "KREG": 1, "PRECISION": 32, "core_freqs": [840.0, 840.0, 840.0, 840.0, 840.0, 840.0, 840.0], "core_freq": 840.0, "mem_freqs": [6501.0, 6501.0, 6501.0, 6501.0, 6501.0, 6501.0, 6501.0], "mem_freq": 6501.0, "temperatures": [36.0, 36.18840579710145, 37.0, 37.0, 37.0, 37.00595238095238, 38.0], "temperature": 36.88490831115054, "time": 21.08474514285714, "times": [21.155839999999998, 21.05344, 20.989952, 21.286911999999997, 21.153792, 21.045247999999997, 20.908032], "compile_time": 80.90301975607872, "verification_time": 0, "benchmark_time": 150.9437244385481, "GFLOP/s": 6519.998556898442, "strategy_time": 0.01996569335460663, "framework_time": 2.1088551729917526, "timestamp": "2024-07-09 11:05:41.753612+00:00"}, "total_framework_time": 219.30680610239506, "total_strategy_time": 765.4537223279476, "total_compile_time": 25892.043316736817, "total_verification_time": 0, "total_benchmark_time": 25467.270705848932, "overhead_time": 2717.136835679412, "execution_time": 55.07472515106201}