{"device_name": "NVIDIA RTX A4000", "simulation": true, "simulated_time": 120458.54822639376, "best_config": {"nvml_gr_clock": 840, "nvml_mem_clock": 6501, "GEMMK": 0, "MWG": 128, "NWG": 128, "KWG": 16, "MDIMC": 16, "NDIMC": 8, "MDIMA": 16, "NDIMB": 16, "KWI": 2, "VWM": 4, "VWN": 2, "STRM": 1, "STRN": 0, "SA": 1, "SB": 1, "KREG": 1, "PRECISION": 32, "core_freqs": [840.0, 840.0, 840.0, 840.0, 840.0, 840.0, 840.0], "core_freq": 840.0, "mem_freqs": [6501.0, 6501.0, 6501.0, 6501.0, 6501.0, 6501.0, 6501.0], "mem_freq": 6501.0, "temperatures": [52.45569620253165, 53.0, 53.95594713656388, 54.0, 54.0, 54.0, 54.0], "temperature": 53.63023476272793, "time": 19.822591999999997, "times": [19.841023999999997, 19.83488, 19.820543999999998, 19.807232, 19.810304, 19.830783999999998, 19.813375999999998], "compile_time": 160.06660694256425, "verification_time": 0, "benchmark_time": 143.1201898958534, "GFLOP/s": 6935.142886661846, "strategy_time": 0.0016230624169111252, "framework_time": 0.03932393155992031, "timestamp": "2024-03-15 23:26:50.003239+00:00"}, "total_framework_time": 8.04935023188591, "total_strategy_time": 4013.6589957401156, "total_compile_time": 46475.964474957436, "total_verification_time": 0, "total_benchmark_time": 73982.58375143632, "overhead_time": 257.31292297132313, "execution_time": 4.344171762466431}