{"platform_name": "NVIDIA CUDA", "platform_version": "OpenCL 3.0 CUDA 12.3.68", "device_name": "NVIDIA RTX A4000", "device_version": "OpenCL 3.0 CUDA", "opencl_c_version": "OpenCL C 1.2 ", "driver_version": "545.23.06", "iterations": 7, "compiler_options": ["-I/home/fjwillem/Code/kernel_tuner_paper/kernels/gemm_cltune_opencl/"], "best_config": {"nvml_gr_clock": 840, "nvml_mem_clock": 6501, "GEMMK": 0, "MWG": 128, "NWG": 128, "KWG": 16, "MDIMC": 16, "NDIMC": 8, "MDIMA": 8, "NDIMB": 8, "KWI": 2, "VWM": 8, "VWN": 2, "STRM": 1, "STRN": 1, "SA": 1, "SB": 1, "KREG": 1, "PRECISION": 32, "core_freqs": [840.0, 840.0, 840.0, 840.0, 840.0, 840.0, 840.0], "core_freq": 840.0, "mem_freqs": [6501.0, 6501.0, 6501.0, 6501.0, 6501.0, 6501.0, 6501.0], "mem_freq": 6501.0, "temperatures": [62.0, 62.0, 62.0, 62.247058823529414, 63.0, 63.0, 63.0], "temperature": 62.463865546218486, "time": 20.666953142857142, "times": [20.673536, 20.660224, 20.661248, 20.663296, 20.686847999999998, 20.668416, 20.655103999999998], "compile_time": 151.26146003603935, "verification_time": 0, "benchmark_time": 151.12097701057792, "GFLOP/s": 6651.80333809935, "strategy_time": 0.009047100320458412, "framework_time": 1.6866547521203756, "timestamp": "2024-03-15 16:00:08.430683+00:00"}, "total_framework_time": 339.7099880967289, "total_strategy_time": 356.31362861022353, "total_compile_time": 41736.92284338176, "total_verification_time": 0, "total_benchmark_time": 77398.22814869694, "overhead_time": 2757.678905269131, "execution_time": 122.60336756706238}