{"platform_name": "NVIDIA CUDA", "platform_version": "OpenCL 3.0 CUDA 12.3.68", "device_name": "NVIDIA RTX A4000", "device_version": "OpenCL 3.0 CUDA", "opencl_c_version": "OpenCL C 1.2 ", "driver_version": "545.23.06", "iterations": 7, "compiler_options": ["-I/home/fjwillem/Code/kernel_tuner_paper/kernels/gemm_cltune_opencl/"], "best_config": {"nvml_gr_clock": 840, "nvml_mem_clock": 6501, "GEMMK": 0, "MWG": 64, "NWG": 64, "KWG": 32, "MDIMC": 8, "NDIMC": 8, "MDIMA": 8, "NDIMB": 16, "KWI": 2, "VWM": 8, "VWN": 4, "STRM": 0, "STRN": 0, "SA": 0, "SB": 0, "KREG": 1, "PRECISION": 32, "core_freqs": [840.0, 840.0, 840.0, 840.0, 840.0, 840.0, 840.0], "core_freq": 840.0, "mem_freqs": [6501.0, 6501.0, 6501.0, 6501.0, 6501.0, 6501.0, 6501.0], "mem_freq": 6501.0, "temperatures": [59.16597510373444, 60.0, 60.0, 60.0, 60.0, 60.266666666666666, 61.0], "temperature": 60.06180596720016, "time": 23.98032457142857, "times": [23.945216, 24.068096, 24.000512, 23.929855999999997, 23.9104, 24.060928, 23.947264], "compile_time": 77.47594080865383, "verification_time": 0, "benchmark_time": 171.45062051713467, "GFLOP/s": 5732.720901859353, "strategy_time": 0.06334669888019562, "framework_time": 2.2026151418685913, "timestamp": "2024-07-11 08:14:06.471981+00:00"}, "total_framework_time": 216.08781442046165, "total_strategy_time": 695.5750156193972, "total_compile_time": 26164.731511846185, "total_verification_time": 0, "total_benchmark_time": 21969.371365383267, "overhead_time": 2670.0043585151434, "execution_time": 51.730026721954346}