{"device_name": "NVIDIA RTX A4000", "simulation": true, "simulated_time": 48073.311529587954, "best_config": {"nvml_gr_clock": 840, "nvml_mem_clock": 6501, "GEMMK": 0, "MWG": 128, "NWG": 64, "KWG": 32, "MDIMC": 8, "NDIMC": 8, "MDIMA": 8, "NDIMB": 32, "KWI": 2, "VWM": 4, "VWN": 1, "STRM": 1, "STRN": 0, "SA": 0, "SB": 0, "KREG": 1, "PRECISION": 32, "core_freqs": [840.0, 840.0, 840.0, 840.0, 840.0, 840.0, 840.0], "core_freq": 840.0, "mem_freqs": [6501.0, 6501.0, 6501.0, 6501.0, 6501.0, 6501.0, 6501.0], "mem_freq": 6501.0, "temperatures": [55.0, 55.0, 55.420711974110034, 56.0, 56.0, 56.0, 56.0], "temperature": 55.63153028201572, "time": 24.57482514285714, "times": [24.600544, 24.36608, 24.605696, 24.437759999999997, 24.657919999999997, 24.671232, 24.684544], "compile_time": 147.28339994326234, "verification_time": 0, "benchmark_time": 176.564518827945, "GFLOP/s": 5594.038089990538, "strategy_time": 0.015659257769584656, "framework_time": 0.10428577661514282, "timestamp": "2024-03-15 21:14:29.711165+00:00"}, "total_framework_time": 12.334408238530159, "total_strategy_time": 5018.419589847326, "total_compile_time": 23943.052210612223, "total_verification_time": 0, "total_benchmark_time": 24130.25931897573, "overhead_time": 268.9218409359455, "execution_time": 5.366748094558716}