{"device_name": "NVIDIA RTX A4000", "simulation": true, "simulated_time": 43521.225467091426, "best_config": {"nvml_gr_clock": 840, "nvml_mem_clock": 6501, "GEMMK": 0, "MWG": 128, "NWG": 64, "KWG": 32, "MDIMC": 16, "NDIMC": 8, "MDIMA": 32, "NDIMB": 32, "KWI": 2, "VWM": 4, "VWN": 2, "STRM": 1, "STRN": 0, "SA": 1, "SB": 0, "KREG": 1, "PRECISION": 32, "core_freqs": [840.0, 840.0, 840.0, 840.0, 840.0, 840.0, 840.0], "core_freq": 840.0, "mem_freqs": [6501.0, 6501.0, 6501.0, 6501.0, 6501.0, 6501.0, 6501.0], "mem_freq": 6501.0, "temperatures": [59.0, 59.0, 59.70479704797048, 60.0, 60.0, 60.0, 60.69491525423729], "temperature": 59.77138747174397, "time": 21.710848, "times": [21.651456, 21.76512, 21.706751999999998, 21.69344, 21.844991999999998, 21.722112, 21.592064], "compile_time": 209.83627391979098, "verification_time": 0, "benchmark_time": 155.39098507724702, "GFLOP/s": 6331.973210074521, "strategy_time": 0.014306977391242981, "framework_time": 0.10251253843307495, "timestamp": "2024-03-15 22:10:16.264130+00:00"}, "total_framework_time": 12.427274137735367, "total_strategy_time": 4917.000750079751, "total_compile_time": 20851.421465398744, "total_verification_time": 0, "total_benchmark_time": 22669.804001692683, "overhead_time": 253.30771692097187, "execution_time": 5.250229120254517}