{"device_name": "NVIDIA RTX A4000", "simulation": true, "simulated_time": 56154.428696259856, "best_config": {"nvml_gr_clock": 840, "nvml_mem_clock": 6501, "GEMMK": 0, "MWG": 128, "NWG": 64, "KWG": 32, "MDIMC": 8, "NDIMC": 8, "MDIMA": 32, "NDIMB": 8, "KWI": 2, "VWM": 4, "VWN": 1, "STRM": 1, "STRN": 0, "SA": 0, "SB": 0, "KREG": 1, "PRECISION": 32, "core_freqs": [840.0, 840.0, 840.0, 840.0, 840.0, 840.0, 840.0], "core_freq": 840.0, "mem_freqs": [6501.0, 6501.0, 6501.0, 6501.0, 6501.0, 6501.0, 6501.0], "mem_freq": 6501.0, "temperatures": [55.0, 55.586092715231786, 56.0, 56.0, 56.0, 56.0, 56.0], "temperature": 55.79801324503311, "time": 24.535040000000002, "times": [24.707072, 24.479744, 24.700927999999998, 24.58624, 24.265728, 24.507392, 24.498175999999997], "compile_time": 292.49212983995676, "verification_time": 0, "benchmark_time": 181.02634721435606, "GFLOP/s": 5603.1091819699495, "strategy_time": 0.006332993507385254, "framework_time": 0.11177919805049896, "timestamp": "2024-03-15 21:22:52.132836+00:00"}, "total_framework_time": 12.667812407016754, "total_strategy_time": 5061.146395280957, "total_compile_time": 27835.82896227017, "total_verification_time": 0, "total_benchmark_time": 28318.599733989686, "overhead_time": 265.4287926852703, "execution_time": 5.407990217208862}