{"device_name": "NVIDIA RTX A4000", "simulation": true, "simulated_time": 47178.68844070472, "best_config": {"nvml_gr_clock": 840, "nvml_mem_clock": 6501, "GEMMK": 0, "MWG": 64, "NWG": 128, "KWG": 32, "MDIMC": 8, "NDIMC": 16, "MDIMA": 16, "NDIMB": 8, "KWI": 2, "VWM": 4, "VWN": 2, "STRM": 1, "STRN": 0, "SA": 1, "SB": 0, "KREG": 1, "PRECISION": 32, "core_freqs": [840.0, 840.0, 840.0, 840.0, 840.0, 840.0, 840.0], "core_freq": 840.0, "mem_freqs": [6501.0, 6501.0, 6501.0, 6501.0, 6501.0, 6501.0, 6501.0], "mem_freq": 6501.0, "temperatures": [60.0, 60.78021978021978, 61.0, 61.0, 61.0, 61.521186440677965, 62.0], "temperature": 61.043058031556825, "time": 20.129787428571426, "times": [20.169728, 20.16256, 20.078592, 20.123648, 20.08576, 20.170752, 20.117472], "compile_time": 196.90715102478862, "verification_time": 0, "benchmark_time": 145.19281778484583, "GFLOP/s": 6829.307482347129, "strategy_time": 0.015130266547203064, "framework_time": 0.10641664266586304, "timestamp": "2024-03-15 16:05:32.074760+00:00"}, "total_framework_time": 12.137280777096748, "total_strategy_time": 5022.320479154587, "total_compile_time": 23056.73976917751, "total_verification_time": 0, "total_benchmark_time": 24121.948671527207, "overhead_time": 282.0273730903864, "execution_time": 5.382669448852539}