{"platform_name": "NVIDIA CUDA", "platform_version": "OpenCL 3.0 CUDA 12.3.68", "device_name": "NVIDIA RTX A4000", "device_version": "OpenCL 3.0 CUDA", "opencl_c_version": "OpenCL C 1.2 ", "driver_version": "545.23.06", "iterations": 7, "compiler_options": ["-I/home/fjwillem/Code/kernel_tuner_paper/kernels/gemm_cltune_opencl/"], "best_config": {"nvml_gr_clock": 840, "nvml_mem_clock": 6501, "GEMMK": 0, "MWG": 64, "NWG": 128, "KWG": 16, "MDIMC": 16, "NDIMC": 8, "MDIMA": 16, "NDIMB": 32, "KWI": 2, "VWM": 4, "VWN": 2, "STRM": 1, "STRN": 1, "SA": 1, "SB": 1, "KREG": 1, "PRECISION": 32, "core_freqs": [840.0, 840.0, 840.0, 840.0, 840.0, 840.0, 840.0], "core_freq": 840.0, "mem_freqs": [6501.0, 6501.0, 6501.0, 6501.0, 6501.0, 6501.0, 6501.0], "mem_freq": 6501.0, "temperatures": [60.0, 60.0, 61.0, 61.0, 61.106463878327, 62.0, 62.0], "temperature": 61.01520912547529, "time": 20.34043885714286, "times": [20.348928, 20.333568, 20.341728, 20.335615999999998, 20.337664, 20.350976, 20.334592], "compile_time": 232.84771805629134, "verification_time": 0, "benchmark_time": 149.92534811608493, "GFLOP/s": 6758.581212013742, "strategy_time": 0.009526964277029037, "framework_time": 1.7482417169958353, "timestamp": "2024-03-15 16:06:47.262622+00:00"}, "total_framework_time": 357.22902650013566, "total_strategy_time": 350.1705520320684, "total_compile_time": 48736.44856829196, "total_verification_time": 0, "total_benchmark_time": 69968.56504003517, "overhead_time": 2646.2142730597407, "execution_time": 122.07043170928955}