{"device_name": "NVIDIA RTX A4000", "simulation": true, "simulated_time": 53585.4001743719, "best_config": {"nvml_gr_clock": 840, "nvml_mem_clock": 6501, "GEMMK": 0, "MWG": 64, "NWG": 64, "KWG": 32, "MDIMC": 8, "NDIMC": 8, "MDIMA": 8, "NDIMB": 8, "KWI": 2, "VWM": 4, "VWN": 1, "STRM": 0, "STRN": 0, "SA": 0, "SB": 0, "KREG": 1, "PRECISION": 32, "core_freqs": [840.0, 840.0, 840.0, 840.0, 840.0, 840.0, 840.0], "core_freq": 840.0, "mem_freqs": [6501.0, 6501.0, 6501.0, 6501.0, 6501.0, 6501.0, 6501.0], "mem_freq": 6501.0, "temperatures": [60.0, 60.96275071633238, 61.0, 61.0, 61.487031700288185, 62.0, 62.0], "temperature": 61.207111773802936, "time": 25.25242057142857, "times": [25.350144, 25.245696, 25.268224, 25.202688, 25.268224, 25.176032, 25.255936], "compile_time": 192.63326097279787, "verification_time": 0, "benchmark_time": 180.1861838903278, "GFLOP/s": 5443.933880126367, "strategy_time": 0.005640089511871338, "framework_time": 0.10708160698413849, "timestamp": "2024-03-15 13:34:07.643763+00:00"}, "total_framework_time": 12.554381042718887, "total_strategy_time": 4933.588556945324, "total_compile_time": 21900.479887612164, "total_verification_time": 0, "total_benchmark_time": 31684.920286759734, "overhead_time": 312.3225923627615, "execution_time": 5.329209089279175}