{"platform_name": "NVIDIA CUDA", "platform_version": "OpenCL 3.0 CUDA 12.3.68", "device_name": "NVIDIA RTX A4000", "device_version": "OpenCL 3.0 CUDA", "opencl_c_version": "OpenCL C 1.2 ", "driver_version": "545.23.06", "iterations": 7, "compiler_options": ["-I/home/fjwillem/Code/kernel_tuner_paper/kernels/gemm_cltune_opencl/"], "best_config": {"nvml_gr_clock": 840, "nvml_mem_clock": 6501, "GEMMK": 0, "MWG": 64, "NWG": 128, "KWG": 16, "MDIMC": 8, "NDIMC": 16, "MDIMA": 32, "NDIMB": 8, "KWI": 2, "VWM": 2, "VWN": 4, "STRM": 1, "STRN": 1, "SA": 1, "SB": 0, "KREG": 1, "PRECISION": 32, "core_freqs": [840.0, 840.0, 840.0, 840.0, 840.0, 840.0, 840.0], "core_freq": 840.0, "mem_freqs": [6501.0, 6501.0, 6501.0, 6501.0, 6501.0, 6501.0, 6501.0], "mem_freq": 6501.0, "temperatures": [58.0, 58.012145748987855, 59.0, 59.0, 59.18623481781376, 60.0, 60.0], "temperature": 59.02834008097166, "time": 20.851565714285716, "times": [20.803584, 20.892671999999997, 20.596736, 21.16096, 20.955136, 20.82816, 20.723712], "compile_time": 306.7772947251797, "verification_time": 0, "benchmark_time": 148.28966930508614, "GFLOP/s": 6592.91056545531, "strategy_time": 0.0088568776845932, "framework_time": 1.176789402961731, "timestamp": "2024-07-09 09:28:37.270108+00:00"}, "total_framework_time": 203.32407765090466, "total_strategy_time": 685.6981422752142, "total_compile_time": 30689.597448334098, "total_verification_time": 0, "total_benchmark_time": 24816.781532019377, "overhead_time": 3339.633524417877, "execution_time": 59.74636960029602}