{"device_name": "NVIDIA RTX A4000", "simulation": true, "simulated_time": 122652.60507166386, "best_config": {"nvml_gr_clock": 840, "nvml_mem_clock": 6501, "GEMMK": 0, "MWG": 64, "NWG": 128, "KWG": 32, "MDIMC": 8, "NDIMC": 16, "MDIMA": 16, "NDIMB": 16, "KWI": 2, "VWM": 4, "VWN": 4, "STRM": 1, "STRN": 1, "SA": 1, "SB": 1, "KREG": 1, "PRECISION": 32, "core_freqs": [840.0, 840.0, 840.0, 840.0, 840.0, 840.0, 840.0, 840.0, 840.0, 840.0, 840.0, 840.0, 840.0, 840.0, 840.0, 840.0, 840.0, 840.0, 840.0, 840.0, 840.0, 840.0, 840.0, 840.0, 840.0, 840.0, 840.0, 840.0, 840.0, 840.0, 840.0, 840.0], "core_freq": 840.0, "mem_freqs": [6501.0, 6501.0, 6501.0, 6501.0, 6501.0, 6501.0, 6501.0, 6501.0, 6501.0, 6501.0, 6501.0, 6501.0, 6501.0, 6501.0, 6501.0, 6501.0, 6501.0, 6501.0, 6501.0, 6501.0, 6501.0, 6501.0, 6501.0, 6501.0, 6501.0, 6501.0, 6501.0, 6501.0, 6501.0, 6501.0, 6501.0, 6501.0], "mem_freq": 6501.0, "temperatures": [58.08480565371025, 59.0, 59.0, 59.50157728706625, 60.0, 60.0, 60.0, 60.0, 60.0, 60.0, 60.0, 60.0, 60.40127388535032, 61.0, 61.0, 61.0, 61.0, 61.0, 61.0, 61.0, 61.0, 61.0, 61.0, 61.0, 61.0, 61.0, 61.0, 61.0, 61.0, 61.0, 61.0, 61.0], "temperature": 60.46836427581646, "time": 22.656799999999997, "times": [22.66624, 22.667264, 22.66112, 22.668288, 22.649856, 22.652928, 22.665215999999997, 22.651904, 22.665215999999997, 22.651904, 22.660096, 22.64576, 22.670336, 22.651904, 22.659072, 22.660096, 22.657024, 22.657024, 22.647807999999998, 22.657024, 22.649856, 22.665215999999997, 22.64576, 22.653952, 22.649856, 22.662143999999998, 22.658047999999997, 22.651904, 22.651904, 22.641664, 22.663168, 22.658047999999997], "pwr_core_freqs": [840.0], "pwr_core_freq": 840.0, "pwr_mem_freqs": [6501.0], "pwr_mem_freq": 6501.0, "pwr_temperatures": [61.00062208398134], "pwr_temperature": 61.00062208398134, "nvml_energy": 2.2639127695999997, "compile_time": 205.76969161629677, "verification_time": 0, "benchmark_time": 2550.076572224498, "GFLOP/s": 6067.604776667491, "strategy_time": 7791.107332799584, "framework_time": 0.14039315283298492, "timestamp": "2024-02-13 08:24:29.688483+00:00"}, "total_framework_time": 1.4918902888894081, "total_strategy_time": 7791.159131098539, "total_compile_time": 7367.289382964373, "total_verification_time": 0, "total_benchmark_time": 115285.31568869948, "overhead_time": 504.7220247797668, "execution_time": 8.879786968231201}