{"platform_name": "NVIDIA CUDA", "platform_version": "OpenCL 3.0 CUDA 12.3.68", "device_name": "NVIDIA RTX A4000", "device_version": "OpenCL 3.0 CUDA", "opencl_c_version": "OpenCL C 1.2 ", "driver_version": "545.23.06", "iterations": 7, "compiler_options": ["-I/home/fjwillem/Code/kernel_tuner_paper/kernels/gemm_cltune_opencl/"], "best_config": {"nvml_gr_clock": 840, "nvml_mem_clock": 6501, "GEMMK": 0, "MWG": 32, "NWG": 128, "KWG": 16, "MDIMC": 8, "NDIMC": 8, "MDIMA": 8, "NDIMB": 16, "KWI": 2, "VWM": 4, "VWN": 4, "STRM": 1, "STRN": 1, "SA": 0, "SB": 1, "KREG": 1, "PRECISION": 32, "core_freqs": [840.0, 840.0, 840.0, 840.0, 840.0, 840.0, 840.0], "core_freq": 840.0, "mem_freqs": [6501.0, 6501.0, 6501.0, 6501.0, 6501.0, 6501.0, 6501.0], "mem_freq": 6501.0, "temperatures": [57.573170731707314, 58.13469387755102, 59.0, 59.0, 59.310483870967744, 60.0, 60.0], "temperature": 59.00262121146087, "time": 20.907007999999998, "times": [20.922368, 20.922368, 20.88448, 20.901888, 20.896767999999998, 20.919296, 20.901888], "compile_time": 322.8831645101309, "verification_time": 0, "benchmark_time": 148.99099245667458, "GFLOP/s": 6575.427144046628, "strategy_time": 0.017432495951652527, "framework_time": 1.8327347934246063, "timestamp": "2024-07-11 09:02:25.799493+00:00"}, "total_framework_time": 195.92635706067085, "total_strategy_time": 8163.696318864822, "total_compile_time": 35236.86641827226, "total_verification_time": 0, "total_benchmark_time": 22321.7651322484, "overhead_time": 2947.1756387501955, "execution_time": 68.87720251083374}