{"platform_name": "NVIDIA CUDA", "platform_version": "OpenCL 3.0 CUDA 12.3.68", "device_name": "NVIDIA RTX A4000", "device_version": "OpenCL 3.0 CUDA", "opencl_c_version": "OpenCL C 1.2 ", "driver_version": "545.23.06", "iterations": 7, "compiler_options": ["-I/home/fjwillem/Code/kernel_tuner_paper/kernels/gemm_cltune_opencl/"], "best_config": {"nvml_gr_clock": 840, "nvml_mem_clock": 6501, "GEMMK": 0, "MWG": 64, "NWG": 128, "KWG": 16, "MDIMC": 16, "NDIMC": 8, "MDIMA": 32, "NDIMB": 32, "KWI": 2, "VWM": 2, "VWN": 4, "STRM": 1, "STRN": 0, "SA": 1, "SB": 1, "KREG": 1, "PRECISION": 32, "core_freqs": [840.0, 840.0, 840.0, 840.0, 840.0, 840.0, 840.0], "core_freq": 840.0, "mem_freqs": [6501.0, 6501.0, 6501.0, 6501.0, 6501.0, 6501.0, 6501.0], "mem_freq": 6501.0, "temperatures": [55.0, 55.570048309178745, 56.0, 57.0, 57.0, 57.0, 57.0], "temperature": 56.367149758454104, "time": 19.133142857142854, "times": [19.125248, 19.130368, 19.127295999999998, 19.145728, 19.130368, 19.137536, 19.135455999999998], "compile_time": 175.39085447788239, "verification_time": 0, "benchmark_time": 137.1005680412054, "GFLOP/s": 7185.045809276349, "strategy_time": 0.052791088819503784, "framework_time": 1.951487734913826, "timestamp": "2024-07-09 09:24:13.207959+00:00"}, "total_framework_time": 186.95660680532455, "total_strategy_time": 687.5724270939827, "total_compile_time": 20508.41810926795, "total_verification_time": 0, "total_benchmark_time": 21911.900293082, "overhead_time": 2661.1241288483143, "execution_time": 45.96684789657593}