{"platform_name": "NVIDIA CUDA", "platform_version": "OpenCL 3.0 CUDA 12.3.68", "device_name": "NVIDIA RTX A4000", "device_version": "OpenCL 3.0 CUDA", "opencl_c_version": "OpenCL C 1.2 ", "driver_version": "545.23.06", "iterations": 7, "compiler_options": ["-I/home/fjwillem/Code/kernel_tuner_paper/kernels/gemm_cltune_opencl/"], "best_config": {"nvml_gr_clock": 840, "nvml_mem_clock": 6501, "GEMMK": 0, "MWG": 128, "NWG": 128, "KWG": 16, "MDIMC": 16, "NDIMC": 16, "MDIMA": 16, "NDIMB": 16, "KWI": 2, "VWM": 4, "VWN": 2, "STRM": 1, "STRN": 0, "SA": 1, "SB": 1, "KREG": 1, "PRECISION": 32, "core_freqs": [840.0, 840.0, 840.0, 840.0, 840.0, 840.0, 840.0], "core_freq": 840.0, "mem_freqs": [6501.0, 6501.0, 6501.0, 6501.0, 6501.0, 6501.0, 6501.0], "mem_freq": 6501.0, "temperatures": [61.0, 61.46594982078853, 62.0, 62.0, 62.0, 62.223404255319146, 63.0], "temperature": 61.955622010872524, "time": 20.821138285714287, "times": [20.953087999999997, 20.98688, 20.707328, 20.902912, 20.734976, 20.734976, 20.727808], "compile_time": 286.868778988719, "verification_time": 0, "benchmark_time": 149.06504889950156, "GFLOP/s": 6602.5452603771455, "strategy_time": 0.0073141418397426605, "framework_time": 1.6311120707541704, "timestamp": "2024-03-15 15:22:23.287534+00:00"}, "total_framework_time": 333.98591447621584, "total_strategy_time": 346.271017100662, "total_compile_time": 41678.601689171046, "total_verification_time": 0, "total_benchmark_time": 77168.24025381356, "overhead_time": 2608.7967325001955, "execution_time": 122.14929866790771}