{"device_name": "NVIDIA RTX A4000", "simulation": true, "simulated_time": 125918.50796621293, "best_config": {"nvml_gr_clock": 840, "nvml_mem_clock": 6501, "GEMMK": 0, "MWG": 128, "NWG": 128, "KWG": 16, "MDIMC": 32, "NDIMC": 8, "MDIMA": 32, "NDIMB": 16, "KWI": 2, "VWM": 2, "VWN": 4, "STRM": 0, "STRN": 1, "SA": 1, "SB": 1, "KREG": 1, "PRECISION": 32, "core_freqs": [840.0, 840.0, 840.0, 840.0, 840.0, 840.0, 840.0, 840.0, 840.0, 840.0, 840.0, 840.0, 840.0, 840.0, 840.0, 840.0, 840.0, 840.0, 840.0, 840.0, 840.0, 840.0, 840.0, 840.0, 840.0, 840.0, 840.0, 840.0, 840.0, 840.0, 840.0, 840.0], "core_freq": 840.0, "mem_freqs": [6501.0, 6501.0, 6501.0, 6501.0, 6501.0, 6501.0, 6501.0, 6501.0, 6501.0, 6501.0, 6501.0, 6501.0, 6501.0, 6501.0, 6501.0, 6501.0, 6501.0, 6501.0, 6501.0, 6501.0, 6501.0, 6501.0, 6501.0, 6501.0, 6501.0, 6501.0, 6501.0, 6501.0, 6501.0, 6501.0, 6501.0, 6501.0], "mem_freq": 6501.0, "temperatures": [55.0, 55.68181818181818, 56.228873239436616, 57.0, 57.0, 57.0, 57.0, 57.0, 57.0, 57.0, 57.03716216216216, 58.0, 58.0, 58.0, 58.0, 58.0, 58.0, 58.0, 58.0, 58.0, 58.0, 58.0, 58.0, 58.0, 58.0, 58.0, 58.0, 58.0, 58.0, 58.0, 58.0, 58.0], "temperature": 57.52962042448178, "time": 21.439935999999996, "times": [21.474304, 21.449728, 21.409792, 21.448704, 21.422079999999998, 21.431296, 21.430272, 21.429247999999998, 21.459968, 21.434368, 21.44256, 21.431296, 21.402624, 21.435392, 21.457919999999998, 21.44768, 21.449728, 21.435392, 21.434368, 21.4528, 21.440512, 21.465087999999998, 21.440512, 21.44768, 21.434368, 21.456896, 21.407743999999997, 21.444608, 21.458944, 21.451776, 21.420032, 21.430272], "pwr_core_freqs": [840.0], "pwr_core_freq": 840.0, "pwr_mem_freqs": [6501.0], "pwr_mem_freq": 6501.0, "pwr_temperatures": [58.27172897196262], "pwr_temperature": 58.27172897196262, "nvml_energy": 2.0165546204159996, "compile_time": 370.52839808166027, "verification_time": 0, "benchmark_time": 2490.5568193644285, "GFLOP/s": 6411.9831283078465, "strategy_time": 0.0017329584807157516, "framework_time": 0.04207901656627655, "timestamp": "2024-02-15 05:05:31.640855+00:00"}, "total_framework_time": 1.4949343167245388, "total_strategy_time": 7394.21067899093, "total_compile_time": 7938.517337664962, "total_verification_time": 0, "total_benchmark_time": 117979.99062854797, "overhead_time": 521.9566656742245, "execution_time": 8.5128653049469}