{"platform_name": "NVIDIA CUDA", "platform_version": "OpenCL 3.0 CUDA 12.3.68", "device_name": "NVIDIA RTX A4000", "device_version": "OpenCL 3.0 CUDA", "opencl_c_version": "OpenCL C 1.2 ", "driver_version": "545.23.06", "iterations": 7, "compiler_options": ["-I/home/fjwillem/Code/kernel_tuner_paper/kernels/gemm_cltune_opencl/"], "best_config": {"nvml_gr_clock": 840, "nvml_mem_clock": 6501, "GEMMK": 0, "MWG": 64, "NWG": 128, "KWG": 32, "MDIMC": 8, "NDIMC": 16, "MDIMA": 8, "NDIMB": 32, "KWI": 2, "VWM": 4, "VWN": 2, "STRM": 1, "STRN": 0, "SA": 0, "SB": 0, "KREG": 1, "PRECISION": 32, "core_freqs": [840.0, 840.0, 840.0, 840.0, 840.0, 840.0, 840.0], "core_freq": 840.0, "mem_freqs": [6501.0, 6501.0, 6501.0, 6501.0, 6501.0, 6501.0, 6501.0], "mem_freq": 6501.0, "temperatures": [61.15725806451613, 62.0, 62.0, 62.0, 62.337899543378995, 63.0, 63.0], "temperature": 62.21359394398502, "time": 23.022582857142858, "times": [23.011328, 23.002048, 22.996992, 22.998016, 23.020543999999997, 23.07584, 23.053312], "compile_time": 57.96637199819088, "verification_time": 0, "benchmark_time": 163.98318484425545, "GFLOP/s": 5971.202655976045, "strategy_time": 0.052677467465400696, "framework_time": 1.7610322684049606, "timestamp": "2024-07-09 11:21:13.331811+00:00"}, "total_framework_time": 206.29127137362957, "total_strategy_time": 692.7855778485537, "total_compile_time": 20870.19301392138, "total_verification_time": 0, "total_benchmark_time": 23962.7429228276, "overhead_time": 2599.2264728993177, "execution_time": 48.34190893173218}