{"device_name": "NVIDIA RTX A4000", "simulation": true, "simulated_time": 120212.1710178908, "best_config": {"nvml_gr_clock": 840, "nvml_mem_clock": 6501, "GEMMK": 0, "MWG": 128, "NWG": 128, "KWG": 16, "MDIMC": 16, "NDIMC": 8, "MDIMA": 8, "NDIMB": 16, "KWI": 2, "VWM": 4, "VWN": 4, "STRM": 1, "STRN": 1, "SA": 1, "SB": 1, "KREG": 1, "PRECISION": 32, "core_freqs": [840.0, 840.0, 840.0, 840.0, 840.0, 840.0, 840.0], "core_freq": 840.0, "mem_freqs": [6501.0, 6501.0, 6501.0, 6501.0, 6501.0, 6501.0, 6501.0], "mem_freq": 6501.0, "temperatures": [53.0, 53.204460966542754, 54.0, 54.0, 54.198113207547166, 55.0, 55.0], "temperature": 54.05751059629856, "time": 19.232914285714287, "times": [19.244032, 19.236864, 19.224576, 19.222528, 19.223551999999998, 19.241984, 19.236864], "compile_time": 367.8961559198797, "verification_time": 0, "benchmark_time": 138.15515208989382, "GFLOP/s": 7147.773127971097, "strategy_time": 0.0016530975699424744, "framework_time": 0.04040589556097984, "timestamp": "2024-03-15 23:19:21.976535+00:00"}, "total_framework_time": 7.738961139693856, "total_strategy_time": 4045.2673453837633, "total_compile_time": 50829.71230172552, "total_verification_time": 0, "total_benchmark_time": 69382.45871616527, "overhead_time": 242.99874645657837, "execution_time": 4.35958456993103}