{"device_name": "NVIDIA RTX A4000", "simulation": true, "simulated_time": 63075.89439745061, "best_config": {"nvml_gr_clock": 840, "nvml_mem_clock": 6501, "GEMMK": 0, "MWG": 128, "NWG": 128, "KWG": 16, "MDIMC": 8, "NDIMC": 16, "MDIMA": 32, "NDIMB": 16, "KWI": 2, "VWM": 1, "VWN": 8, "STRM": 1, "STRN": 0, "SA": 1, "SB": 0, "KREG": 1, "PRECISION": 32, "core_freqs": [840.0, 840.0, 840.0, 840.0, 840.0, 840.0, 840.0], "core_freq": 840.0, "mem_freqs": [6501.0, 6501.0, 6501.0, 6501.0, 6501.0, 6501.0, 6501.0], "mem_freq": 6501.0, "temperatures": [52.0, 52.97923875432526, 53.0, 53.11904761904762, 54.0, 54.0, 54.0], "temperature": 53.299755196196124, "time": 20.778422857142857, "times": [20.788224, 20.775935999999998, 20.78208, 20.775935999999998, 20.773888, 20.775935999999998, 20.77696], "compile_time": 729.7775810584426, "verification_time": 0, "benchmark_time": 148.2709920965135, "GFLOP/s": 6616.1185018304695, "strategy_time": 0.01932680606842041, "framework_time": 0.10024569928646088, "timestamp": "2024-03-15 23:03:40.224640+00:00"}, "total_framework_time": 12.926517054438591, "total_strategy_time": 5161.639818921685, "total_compile_time": 37580.53257106803, "total_verification_time": 0, "total_benchmark_time": 25495.361826382577, "overhead_time": 272.1823286265135, "execution_time": 5.516517162322998}