{"platform_name": "NVIDIA CUDA", "platform_version": "OpenCL 3.0 CUDA 12.3.68", "device_name": "NVIDIA RTX A4000", "device_version": "OpenCL 3.0 CUDA", "opencl_c_version": "OpenCL C 1.2 ", "driver_version": "545.23.06", "iterations": 7, "compiler_options": ["-I/home/fjwillem/Code/kernel_tuner_paper/kernels/gemm_cltune_opencl/"], "best_config": {"nvml_gr_clock": 840, "nvml_mem_clock": 6501, "GEMMK": 0, "MWG": 128, "NWG": 128, "KWG": 16, "MDIMC": 16, "NDIMC": 8, "MDIMA": 16, "NDIMB": 16, "KWI": 2, "VWM": 4, "VWN": 2, "STRM": 1, "STRN": 0, "SA": 1, "SB": 1, "KREG": 1, "PRECISION": 32, "core_freqs": [840.0, 840.0, 840.0, 840.0, 840.0, 840.0, 840.0], "core_freq": 840.0, "mem_freqs": [6501.0, 6501.0, 6501.0, 6501.0, 6501.0, 6501.0, 6501.0], "mem_freq": 6501.0, "temperatures": [60.0, 60.0, 61.0, 61.0, 61.0, 61.0, 61.0], "temperature": 60.714285714285715, "time": 19.821705142857144, "times": [19.830752, 19.831808, 19.826688, 19.81952, 19.810271999999998, 19.81952, 19.813375999999998], "compile_time": 454.65878606773913, "verification_time": 0, "benchmark_time": 143.68827105499804, "GFLOP/s": 6935.453176869546, "strategy_time": 0.009687850251793861, "framework_time": 1.687648007646203, "timestamp": "2024-03-15 15:29:38.372189+00:00"}, "total_framework_time": 1018.7970648985356, "total_strategy_time": 343.72151969000697, "total_compile_time": 44117.223165230826, "total_verification_time": 0, "total_benchmark_time": 74409.91594013758, "overhead_time": 2848.2460828963667, "execution_time": 122.75195717811584}