{"device_name": "NVIDIA RTX A4000", "simulation": true, "simulated_time": 121284.61719397455, "best_config": {"nvml_gr_clock": 840, "nvml_mem_clock": 6501, "GEMMK": 0, "MWG": 128, "NWG": 128, "KWG": 32, "MDIMC": 8, "NDIMC": 32, "MDIMA": 8, "NDIMB": 32, "KWI": 2, "VWM": 2, "VWN": 2, "STRM": 1, "STRN": 1, "SA": 1, "SB": 0, "KREG": 1, "PRECISION": 32, "core_freqs": [840.0, 840.0, 840.0, 840.0, 840.0, 840.0, 840.0, 840.0, 840.0, 840.0, 840.0, 840.0, 840.0, 840.0, 840.0, 840.0, 840.0, 840.0, 840.0, 840.0, 840.0, 840.0, 840.0, 840.0, 840.0, 840.0, 840.0, 840.0, 840.0, 840.0, 840.0, 840.0], "core_freq": 840.0, "mem_freqs": [6501.0, 6501.0, 6501.0, 6501.0, 6501.0, 6501.0, 6501.0, 6501.0, 6501.0, 6501.0, 6501.0, 6501.0, 6501.0, 6501.0, 6501.0, 6501.0, 6501.0, 6501.0, 6501.0, 6501.0, 6501.0, 6501.0, 6501.0, 6501.0, 6501.0, 6501.0, 6501.0, 6501.0, 6501.0, 6501.0, 6501.0, 6501.0], "mem_freq": 6501.0, "temperatures": [52.0, 52.79136690647482, 53.0, 53.17153284671533, 54.0, 54.0, 54.0, 54.0, 54.0, 54.0, 54.78798586572438, 54.44444444444444, 54.285714285714285, 55.0, 55.0, 55.0, 55.0, 55.0, 55.0, 55.0, 55.0, 55.0, 55.0, 55.0, 55.0, 55.0, 55.0, 55.0, 55.0, 55.0, 55.0, 55.0], "temperature": 54.48378263590854, "time": 22.837787999999996, "times": [22.85568, 22.849536, 22.843391999999998, 22.838272, 22.84032, 22.817792, 22.839295999999997, 22.8352, 22.83008, 22.8352, 22.833152, 22.843391999999998, 22.838272, 22.839295999999997, 22.84032, 22.828032, 22.835136, 22.847488, 22.833152, 22.825984, 22.836223999999998, 22.853631999999998, 22.827008, 22.854656, 22.831104, 22.834111999999998, 22.841344, 22.84544, 22.831104, 22.834176, 22.833152, 22.838272], "pwr_core_freqs": [840.0], "pwr_core_freq": 840.0, "pwr_mem_freqs": [6501.0], "pwr_mem_freq": 6501.0, "pwr_temperatures": [55.56296613801972], "pwr_temperature": 55.56296613801972, "nvml_energy": 2.1559100249879997, "compile_time": 466.1200875416398, "verification_time": 0, "benchmark_time": 2533.8180866092443, "GFLOP/s": 6019.519399339376, "strategy_time": 0.0016328413039445877, "framework_time": 0.04188902676105499, "timestamp": "2024-02-15 07:40:16.147786+00:00"}, "total_framework_time": 1.3849860988557339, "total_strategy_time": 7268.445465713739, "total_compile_time": 8080.797015689313, "total_verification_time": 0, "total_benchmark_time": 113203.82017828524, "overhead_time": 504.7265412285924, "execution_time": 8.381587982177734}