{"platform_name": "NVIDIA CUDA", "platform_version": "OpenCL 3.0 CUDA 12.3.68", "device_name": "NVIDIA RTX A4000", "device_version": "OpenCL 3.0 CUDA", "opencl_c_version": "OpenCL C 1.2 ", "driver_version": "545.23.06", "iterations": 7, "compiler_options": ["-I/home/fjwillem/Code/kernel_tuner_paper/kernels/gemm_cltune_opencl/"], "best_config": {"nvml_gr_clock": 840, "nvml_mem_clock": 6501, "GEMMK": 0, "MWG": 128, "NWG": 64, "KWG": 16, "MDIMC": 8, "NDIMC": 16, "MDIMA": 32, "NDIMB": 8, "KWI": 2, "VWM": 4, "VWN": 4, "STRM": 1, "STRN": 1, "SA": 1, "SB": 1, "KREG": 1, "PRECISION": 32, "core_freqs": [840.0, 840.0, 840.0, 840.0, 840.0, 840.0, 840.0], "core_freq": 840.0, "mem_freqs": [6501.0, 6501.0, 6501.0, 6501.0, 6501.0, 6501.0, 6501.0], "mem_freq": 6501.0, "temperatures": [58.0, 58.66935483870968, 59.0, 59.0, 59.93089430894309, 60.0, 60.0], "temperature": 59.228607021093254, "time": 20.97824914285714, "times": [20.990976, 20.981759999999998, 20.973568, 20.973568, 20.971519999999998, 20.970496, 20.985856], "compile_time": 291.066724807024, "verification_time": 0, "benchmark_time": 149.49626103043556, "GFLOP/s": 6553.097304157428, "strategy_time": 0.04736706614494324, "framework_time": 0.8900240063667297, "timestamp": "2024-07-11 08:04:50.591901+00:00"}, "total_framework_time": 215.3034768998623, "total_strategy_time": 803.701464086771, "total_compile_time": 21769.69480700791, "total_verification_time": 0, "total_benchmark_time": 20796.149522066116, "overhead_time": 2767.118437215686, "execution_time": 46.36289715766907}