{"device_name": "NVIDIA RTX A4000", "simulation": true, "simulated_time": 120296.52246483602, "best_config": {"nvml_gr_clock": 840, "nvml_mem_clock": 6501, "GEMMK": 0, "MWG": 128, "NWG": 128, "KWG": 32, "MDIMC": 16, "NDIMC": 8, "MDIMA": 16, "NDIMB": 16, "KWI": 2, "VWM": 8, "VWN": 2, "STRM": 1, "STRN": 1, "SA": 1, "SB": 1, "KREG": 1, "PRECISION": 32, "core_freqs": [840.0, 840.0, 840.0, 840.0, 840.0, 840.0, 840.0], "core_freq": 840.0, "mem_freqs": [6501.0, 6501.0, 6501.0, 6501.0, 6501.0, 6501.0, 6501.0], "mem_freq": 6501.0, "temperatures": [53.0, 53.652830188679246, 54.154981549815496, 55.0, 55.0, 55.0, 55.0], "temperature": 54.4011159626421, "time": 19.97853257142857, "times": [19.977216, 19.979264, 19.983359999999998, 19.987455999999998, 19.979264, 19.970048, 19.973119999999998], "compile_time": 311.4285650663078, "verification_time": 0, "benchmark_time": 143.30322504974902, "GFLOP/s": 6881.011276103447, "strategy_time": 0.0017029233276844025, "framework_time": 0.04260009154677391, "timestamp": "2024-03-16 00:43:45.087489+00:00"}, "total_framework_time": 8.038333849981427, "total_strategy_time": 3787.2601989656687, "total_compile_time": 47727.16652369127, "total_verification_time": 0, "total_benchmark_time": 72569.35594114475, "overhead_time": 242.88015021011233, "execution_time": 4.102293252944946}