{"platform_name": "NVIDIA CUDA", "platform_version": "OpenCL 3.0 CUDA 12.3.68", "device_name": "NVIDIA RTX A4000", "device_version": "OpenCL 3.0 CUDA", "opencl_c_version": "OpenCL C 1.2 ", "driver_version": "545.23.06", "iterations": 7, "compiler_options": ["-I/home/fjwillem/Code/kernel_tuner_paper/kernels/gemm_cltune_opencl/"], "best_config": {"nvml_gr_clock": 840, "nvml_mem_clock": 6501, "GEMMK": 0, "MWG": 64, "NWG": 128, "KWG": 16, "MDIMC": 16, "NDIMC": 8, "MDIMA": 32, "NDIMB": 32, "KWI": 2, "VWM": 2, "VWN": 4, "STRM": 1, "STRN": 0, "SA": 1, "SB": 1, "KREG": 1, "PRECISION": 32, "core_freqs": [840.0, 840.0, 840.0, 840.0, 840.0, 840.0, 840.0], "core_freq": 840.0, "mem_freqs": [6501.0, 6501.0, 6501.0, 6501.0, 6501.0, 6501.0, 6501.0], "mem_freq": 6501.0, "temperatures": [58.0, 58.494949494949495, 59.0, 59.93582887700535, 60.0, 60.0, 60.0], "temperature": 59.3472540531364, "time": 19.13591314285714, "times": [19.150783999999998, 19.134463999999998, 19.142656, 19.134463999999998, 19.124223999999998, 19.13344, 19.13136], "compile_time": 219.33788806200027, "verification_time": 0, "benchmark_time": 137.15799152851105, "GFLOP/s": 7184.005637866011, "strategy_time": 0.07488206028938293, "framework_time": 2.264946699142456, "timestamp": "2024-07-09 10:55:58.029791+00:00"}, "total_framework_time": 230.09571619331837, "total_strategy_time": 709.6807304769754, "total_compile_time": 22823.714388534427, "total_verification_time": 0, "total_benchmark_time": 22282.16278553009, "overhead_time": 3066.875711083412, "execution_time": 49.1272873878479}