{"platform_name": "NVIDIA CUDA", "platform_version": "OpenCL 3.0 CUDA 12.3.68", "device_name": "NVIDIA RTX A4000", "device_version": "OpenCL 3.0 CUDA", "opencl_c_version": "OpenCL C 1.2 ", "driver_version": "545.23.06", "iterations": 7, "compiler_options": ["-I/home/fjwillem/Code/kernel_tuner_paper/kernels/gemm_cltune_opencl/"], "best_config": {"nvml_gr_clock": 840, "nvml_mem_clock": 6501, "GEMMK": 0, "MWG": 128, "NWG": 64, "KWG": 32, "MDIMC": 8, "NDIMC": 8, "MDIMA": 32, "NDIMB": 32, "KWI": 2, "VWM": 4, "VWN": 1, "STRM": 1, "STRN": 0, "SA": 0, "SB": 0, "KREG": 1, "PRECISION": 32, "core_freqs": [840.0, 840.0, 840.0, 840.0, 840.0, 840.0, 840.0], "core_freq": 840.0, "mem_freqs": [6501.0, 6501.0, 6501.0, 6501.0, 6501.0, 6501.0, 6501.0], "mem_freq": 6501.0, "temperatures": [62.10820895522388, 63.0, 63.0, 63.0, 63.503846153846155, 64.0, 64.0], "temperature": 63.23029358701001, "time": 24.54848914285714, "times": [24.435712, 24.480767999999998, 24.648704, 24.695808, 24.537087999999997, 24.512511999999997, 24.528831999999998], "compile_time": 109.77146029472351, "verification_time": 0, "benchmark_time": 174.70697686076164, "GFLOP/s": 5600.0394608399065, "strategy_time": 0.04197843372821808, "framework_time": 0.8237324655056, "timestamp": "2024-07-11 08:35:31.845715+00:00"}, "total_framework_time": 189.86130692064762, "total_strategy_time": 685.3192579001188, "total_compile_time": 12316.18476100266, "total_verification_time": 0, "total_benchmark_time": 26456.107644364238, "overhead_time": 2714.5605478435755, "execution_time": 42.37570142745972}