{"platform_name": "NVIDIA CUDA", "platform_version": "OpenCL 3.0 CUDA 12.3.68", "device_name": "NVIDIA RTX A4000", "device_version": "OpenCL 3.0 CUDA", "opencl_c_version": "OpenCL C 1.2 ", "driver_version": "545.23.06", "iterations": 32, "compiler_options": ["-I/home/fjwillem/Code/kernel_tuner_paper/kernels/gemm_cltune_opencl/"], "best_config": {"nvml_gr_clock": 840, "nvml_mem_clock": 6501, "GEMMK": 0, "MWG": 64, "NWG": 64, "KWG": 16, "MDIMC": 16, "NDIMC": 8, "MDIMA": 8, "NDIMB": 8, "KWI": 2, "VWM": 2, "VWN": 4, "STRM": 0, "STRN": 0, "SA": 0, "SB": 1, "KREG": 1, "PRECISION": 32, "core_freqs": [840.0, 840.0, 840.0, 840.0, 840.0, 840.0, 840.0, 840.0, 840.0, 840.0, 840.0, 840.0, 840.0, 840.0, 840.0, 840.0, 840.0, 840.0, 840.0, 840.0, 840.0, 840.0, 840.0, 840.0, 840.0, 840.0, 840.0, 840.0, 840.0, 840.0, 840.0, 840.0], "core_freq": 840.0, "mem_freqs": [6501.0, 6501.0, 6501.0, 6501.0, 6501.0, 6501.0, 6501.0, 6501.0, 6501.0, 6501.0, 6501.0, 6501.0, 6501.0, 6501.0, 6501.0, 6501.0, 6501.0, 6501.0, 6501.0, 6501.0, 6501.0, 6501.0, 6501.0, 6501.0, 6501.0, 6501.0, 6501.0, 6501.0, 6501.0, 6501.0, 6501.0, 6501.0], "mem_freq": 6501.0, "temperatures": [64.0, 64.53896103896103, 65.0, 65.0, 65.0, 65.92182410423453, 66.0, 66.0, 66.0, 66.0, 66.0, 66.0, 66.0, 66.0, 66.29553264604812, 67.0, 67.0, 66.97087378640776, 67.0, 67.0, 67.0, 67.0, 67.0, 67.0, 67.0, 67.0, 67.0, 67.0, 67.0, 67.0, 67.0, 67.0], "temperature": 66.3352247367391, "time": 24.094555999999997, "times": [24.09984, 24.09984, 24.093695999999998, 24.096736, 24.09984, 24.088576, 24.087552, 24.09984, 24.091648, 24.088576, 24.097792, 24.097792, 24.09472, 24.088576, 24.092672, 24.097792, 24.09472, 24.096767999999997, 24.092672, 24.095744, 24.092672, 24.088576, 24.093695999999998, 24.092672, 24.090624, 24.098784, 24.093695999999998, 24.09984, 24.086527999999998, 24.096767999999997, 24.089599999999997, 24.106944], "pwr_core_freqs": [840.0], "pwr_core_freq": 840.0, "pwr_mem_freqs": [6501.0], "pwr_mem_freq": 6501.0, "pwr_temperatures": [67.33782878204055], "pwr_temperature": 67.33782878204055, "nvml_energy": 2.9414633964799997, "compile_time": 274.4294051080942, "verification_time": 0, "benchmark_time": 1817.3445900902152, "GFLOP/s": 5705.542277018926, "strategy_time": 0.008314847946166992, "framework_time": 2.039531012997031, "timestamp": "2024-03-14 10:16:06.917010+00:00"}, "total_framework_time": 67.26887566037476, "total_strategy_time": 341.1953111644834, "total_compile_time": 12013.035723939538, "total_verification_time": 0, "total_benchmark_time": 104818.10185778886, "overhead_time": 4705.043546389788, "execution_time": 121.95670366287231}