{"device_name": "NVIDIA RTX A4000", "simulation": true, "simulated_time": 50902.99198171124, "best_config": {"nvml_gr_clock": 840, "nvml_mem_clock": 6501, "GEMMK": 0, "MWG": 64, "NWG": 128, "KWG": 32, "MDIMC": 8, "NDIMC": 16, "MDIMA": 8, "NDIMB": 16, "KWI": 2, "VWM": 4, "VWN": 2, "STRM": 0, "STRN": 0, "SA": 0, "SB": 0, "KREG": 1, "PRECISION": 32, "core_freqs": [840.0, 840.0, 840.0, 840.0, 840.0, 840.0, 840.0], "core_freq": 840.0, "mem_freqs": [6501.0, 6501.0, 6501.0, 6501.0, 6501.0, 6501.0, 6501.0], "mem_freq": 6501.0, "temperatures": [58.08695652173913, 59.0, 59.0, 59.56603773584906, 60.0, 60.0, 60.0], "temperature": 59.37899917965545, "time": 23.509430857142856, "times": [23.620607999999997, 23.43936, 23.513088, 23.543808, 23.422976, 23.504896, 23.521279999999997], "compile_time": 199.393403949216, "verification_time": 0, "benchmark_time": 168.56347699649632, "GFLOP/s": 5847.547256220871, "strategy_time": 0.014385208487510681, "framework_time": 0.10612979531288147, "timestamp": "2024-03-15 16:01:52.287367+00:00"}, "total_framework_time": 12.619942426681519, "total_strategy_time": 5223.942965269089, "total_compile_time": 20473.60384883359, "total_verification_time": 0, "total_benchmark_time": 30429.388132877648, "overhead_time": 254.67058643698692, "execution_time": 5.561022758483887}