{"device_name": "NVIDIA RTX A4000", "simulation": true, "simulated_time": 49823.79721850157, "best_config": {"nvml_gr_clock": 840, "nvml_mem_clock": 6501, "GEMMK": 0, "MWG": 64, "NWG": 128, "KWG": 16, "MDIMC": 8, "NDIMC": 16, "MDIMA": 16, "NDIMB": 16, "KWI": 2, "VWM": 4, "VWN": 4, "STRM": 1, "STRN": 1, "SA": 1, "SB": 1, "KREG": 1, "PRECISION": 32, "core_freqs": [840.0, 840.0, 840.0, 840.0, 840.0, 840.0, 840.0], "core_freq": 840.0, "mem_freqs": [6501.0, 6501.0, 6501.0, 6501.0, 6501.0, 6501.0, 6501.0], "mem_freq": 6501.0, "temperatures": [59.20392156862745, 60.0, 60.0, 60.128787878787875, 61.0, 61.0, 61.0], "temperature": 60.333244206773614, "time": 18.849051428571425, "times": [18.855936, 18.855936, 18.835392, 18.846719999999998, 18.847744, 18.85184, 18.849792], "compile_time": 306.07450916431844, "verification_time": 0, "benchmark_time": 135.30503399670124, "GFLOP/s": 7293.338257628124, "strategy_time": 0.014116987586021423, "framework_time": 0.10703876614570618, "timestamp": "2024-03-15 15:10:06.514609+00:00"}, "total_framework_time": 12.398025020956993, "total_strategy_time": 5168.305762112141, "total_compile_time": 32142.979393014684, "total_verification_time": 0, "total_benchmark_time": 17680.817825486884, "overhead_time": 243.32699179649353, "execution_time": 5.494073390960693}