{"platform_name": "NVIDIA CUDA", "platform_version": "OpenCL 3.0 CUDA 12.3.68", "device_name": "NVIDIA RTX A4000", "device_version": "OpenCL 3.0 CUDA", "opencl_c_version": "OpenCL C 1.2 ", "driver_version": "545.23.06", "iterations": 7, "compiler_options": ["-I/home/fjwillem/Code/kernel_tuner_paper/kernels/gemm_cltune_opencl/"], "best_config": {"nvml_gr_clock": 840, "nvml_mem_clock": 6501, "GEMMK": 0, "MWG": 64, "NWG": 128, "KWG": 16, "MDIMC": 16, "NDIMC": 8, "MDIMA": 8, "NDIMB": 32, "KWI": 2, "VWM": 4, "VWN": 2, "STRM": 1, "STRN": 1, "SA": 1, "SB": 1, "KREG": 1, "PRECISION": 32, "core_freqs": [840.0, 840.0, 840.0, 840.0, 840.0, 840.0, 840.0], "core_freq": 840.0, "mem_freqs": [6501.0, 6501.0, 6501.0, 6501.0, 6501.0, 6501.0, 6501.0], "mem_freq": 6501.0, "temperatures": [60.0, 60.634854771784234, 61.0, 61.0, 61.795366795366796, 62.0, 62.0], "temperature": 61.20431736673586, "time": 20.338395428571427, "times": [20.352, 20.339712, 20.334592, 20.340736, 20.331519999999998, 20.332544, 20.337664], "compile_time": 441.60098512656987, "verification_time": 0, "benchmark_time": 146.75312186591327, "GFLOP/s": 6759.260256631567, "strategy_time": 0.008916947990655899, "framework_time": 1.691373996436596, "timestamp": "2024-03-15 15:14:30.752945+00:00"}, "total_framework_time": 307.81671893782914, "total_strategy_time": 350.8623209781945, "total_compile_time": 43206.75125927664, "total_verification_time": 0, "total_benchmark_time": 75444.6718916297, "overhead_time": 2891.8939400464296, "execution_time": 122.21161079406738}