{"device_name": "NVIDIA RTX A4000", "simulation": true, "simulated_time": 63979.82784593478, "best_config": {"nvml_gr_clock": 840, "nvml_mem_clock": 6501, "GEMMK": 0, "MWG": 128, "NWG": 128, "KWG": 16, "MDIMC": 8, "NDIMC": 16, "MDIMA": 8, "NDIMB": 32, "KWI": 2, "VWM": 2, "VWN": 2, "STRM": 1, "STRN": 1, "SA": 1, "SB": 1, "KREG": 1, "PRECISION": 32, "core_freqs": [840.0, 840.0, 840.0, 840.0, 840.0, 840.0, 840.0], "core_freq": 840.0, "mem_freqs": [6501.0, 6501.0, 6501.0, 6501.0, 6501.0, 6501.0, 6501.0], "mem_freq": 6501.0, "temperatures": [53.0, 53.0, 53.78048780487805, 54.0, 54.0, 54.93950177935943, 55.0], "temperature": 53.95999851203392, "time": 20.536173714285713, "times": [20.523008, 20.625408, 20.575232, 20.511744, 20.47488, 20.492288, 20.550656], "compile_time": 683.064826996997, "verification_time": 0, "benchmark_time": 148.27878680080175, "GFLOP/s": 6694.163665374972, "strategy_time": 0.005340203642845154, "framework_time": 0.10910630226135254, "timestamp": "2024-03-15 22:52:04.066831+00:00"}, "total_framework_time": 13.300195336341858, "total_strategy_time": 5143.156880512834, "total_compile_time": 36872.36624304205, "total_verification_time": 0, "total_benchmark_time": 27107.461602892727, "overhead_time": 262.69397512078285, "execution_time": 5.4883339405059814}