{"device_name": "NVIDIA RTX A4000", "simulation": true, "simulated_time": 120260.26180759072, "best_config": {"nvml_gr_clock": 840, "nvml_mem_clock": 6501, "GEMMK": 0, "MWG": 64, "NWG": 128, "KWG": 16, "MDIMC": 8, "NDIMC": 8, "MDIMA": 16, "NDIMB": 16, "KWI": 2, "VWM": 2, "VWN": 8, "STRM": 0, "STRN": 1, "SA": 1, "SB": 1, "KREG": 1, "PRECISION": 32, "core_freqs": [840.0, 840.0, 840.0, 840.0, 840.0, 840.0, 840.0, 840.0, 840.0, 840.0, 840.0, 840.0, 840.0, 840.0, 840.0, 840.0, 840.0, 840.0, 840.0, 840.0, 840.0, 840.0, 840.0, 840.0, 840.0, 840.0, 840.0, 840.0, 840.0, 840.0, 840.0, 840.0], "core_freq": 840.0, "mem_freqs": [6501.0, 6501.0, 6501.0, 6501.0, 6501.0, 6501.0, 6501.0, 6501.0, 6501.0, 6501.0, 6501.0, 6501.0, 6501.0, 6501.0, 6501.0, 6501.0, 6501.0, 6501.0, 6501.0, 6501.0, 6501.0, 6501.0, 6501.0, 6501.0, 6501.0, 6501.0, 6501.0, 6501.0, 6501.0, 6501.0, 6501.0, 6501.0], "mem_freq": 6501.0, "temperatures": [56.60797342192691, 57.0, 57.19741100323625, 58.0, 58.0, 58.0, 58.0, 58.0, 58.0, 58.0, 58.0, 58.0, 58.0, 58.587786259541986, 59.0, 59.0, 59.0, 59.0, 59.0, 59.0, 59.0, 59.0, 59.0, 59.0, 59.0, 59.0, 59.0, 59.0, 59.0, 59.0, 59.0, 59.0], "temperature": 58.48103658389704, "time": 24.754912, "times": [24.811519999999998, 24.950784, 24.708095999999998, 24.948736, 24.165376, 25.038847999999998, 24.865792, 24.855552, 24.9088, 24.403968, 24.35584, 24.843263999999998, 24.183808, 24.637439999999998, 24.921087999999997, 24.623103999999998, 24.56064, 24.598527999999998, 24.905728, 24.962048, 24.681472, 24.584191999999998, 24.925183999999998, 24.92928, 24.880128, 24.794112, 24.931328, 24.938495999999997, 25.029632, 25.02144, 24.807423999999997, 24.385536], "pwr_core_freqs": [840.0], "pwr_core_freq": 840.0, "pwr_mem_freqs": [6501.0], "pwr_mem_freq": 6501.0, "pwr_temperatures": [59.0], "pwr_temperature": 59.0, "nvml_energy": 2.188557015008, "compile_time": 422.9162633419037, "verification_time": 0, "benchmark_time": 2604.9002688378096, "GFLOP/s": 5553.342621617883, "strategy_time": 0.0016740523278713226, "framework_time": 0.04096608608961105, "timestamp": "2024-02-13 01:29:06.876316+00:00"}, "total_framework_time": 1.4431634917855263, "total_strategy_time": 7509.8501848988235, "total_compile_time": 6794.344045221806, "total_verification_time": 0, "total_benchmark_time": 113465.91776236892, "overhead_time": 532.1738596539944, "execution_time": 8.64522647857666}