{"platform_name": "NVIDIA CUDA", "platform_version": "OpenCL 3.0 CUDA 12.3.68", "device_name": "NVIDIA RTX A4000", "device_version": "OpenCL 3.0 CUDA", "opencl_c_version": "OpenCL C 1.2 ", "driver_version": "545.23.06", "iterations": 7, "compiler_options": ["-I/home/fjwillem/Code/kernel_tuner_paper/kernels/gemm_cltune_opencl/"], "best_config": {"nvml_gr_clock": 840, "nvml_mem_clock": 6501, "GEMMK": 0, "MWG": 128, "NWG": 128, "KWG": 16, "MDIMC": 32, "NDIMC": 8, "MDIMA": 16, "NDIMB": 32, "KWI": 2, "VWM": 4, "VWN": 4, "STRM": 0, "STRN": 0, "SA": 0, "SB": 1, "KREG": 1, "PRECISION": 32, "core_freqs": [840.0, 840.0, 840.0, 840.0, 840.0, 840.0, 840.0], "core_freq": 840.0, "mem_freqs": [6501.0, 6501.0, 6501.0, 6501.0, 6501.0, 6501.0, 6501.0], "mem_freq": 6501.0, "temperatures": [59.0, 59.0, 60.0, 60.0, 60.0, 60.0, 60.75], "temperature": 59.82142857142857, "time": 20.37642057142857, "times": [20.38272, 20.381695999999998, 20.369408, 20.380608, 20.374527999999998, 20.377599999999997, 20.368384], "compile_time": 384.5888199284673, "verification_time": 0, "benchmark_time": 146.85913803987205, "GFLOP/s": 6746.646567393752, "strategy_time": 0.009378185495734215, "framework_time": 2.114154864102602, "timestamp": "2024-03-15 15:10:10.575482+00:00"}, "total_framework_time": 290.9451243467629, "total_strategy_time": 352.13642101734877, "total_compile_time": 45326.559494715184, "total_verification_time": 0, "total_benchmark_time": 73456.23260969296, "overhead_time": 2643.0681941565126, "execution_time": 122.08255171775818}