{"platform_name": "NVIDIA CUDA", "platform_version": "OpenCL 3.0 CUDA 12.3.68", "device_name": "NVIDIA RTX A4000", "device_version": "OpenCL 3.0 CUDA", "opencl_c_version": "OpenCL C 1.2 ", "driver_version": "545.23.06", "iterations": 7, "compiler_options": ["-I/home/fjwillem/Code/kernel_tuner_paper/kernels/gemm_cltune_opencl/"], "best_config": {"nvml_gr_clock": 840, "nvml_mem_clock": 6501, "GEMMK": 0, "MWG": 64, "NWG": 64, "KWG": 32, "MDIMC": 8, "NDIMC": 8, "MDIMA": 32, "NDIMB": 16, "KWI": 2, "VWM": 2, "VWN": 1, "STRM": 0, "STRN": 0, "SA": 0, "SB": 0, "KREG": 1, "PRECISION": 32, "core_freqs": [840.0, 840.0, 840.0, 840.0, 840.0, 840.0, 840.0], "core_freq": 840.0, "mem_freqs": [6501.0, 6501.0, 6501.0, 6501.0, 6501.0, 6501.0, 6501.0], "mem_freq": 6501.0, "temperatures": [57.343511450381676, 58.0, 58.14179104477612, 59.0, 59.0, 59.0, 59.78810408921933], "temperature": 58.610486654911014, "time": 26.53622857142857, "times": [26.529792, 26.54208, 26.56768, 26.548223999999998, 26.515456, 26.508288, 26.54208], "compile_time": 295.0045317411423, "verification_time": 0, "benchmark_time": 189.2867013812065, "GFLOP/s": 5180.559382579934, "strategy_time": 0.075584277510643, "framework_time": 2.281472086906433, "timestamp": "2024-07-08 14:39:11.350755+00:00"}, "total_framework_time": 221.42834030091763, "total_strategy_time": 697.2109396010637, "total_compile_time": 29667.75725595653, "total_verification_time": 0, "total_benchmark_time": 30697.0391664654, "overhead_time": 2901.323836296797, "execution_time": 64.19900822639465}