{"device_name": "NVIDIA RTX A4000", "simulation": true, "simulated_time": 121744.58503257483, "best_config": {"nvml_gr_clock": 840, "nvml_mem_clock": 6501, "GEMMK": 0, "MWG": 64, "NWG": 128, "KWG": 16, "MDIMC": 16, "NDIMC": 8, "MDIMA": 32, "NDIMB": 16, "KWI": 2, "VWM": 2, "VWN": 4, "STRM": 0, "STRN": 1, "SA": 1, "SB": 1, "KREG": 1, "PRECISION": 32, "core_freqs": [840.0, 840.0, 840.0, 840.0, 840.0, 840.0, 840.0, 840.0, 840.0, 840.0, 840.0, 840.0, 840.0, 840.0, 840.0, 840.0, 840.0, 840.0, 840.0, 840.0, 840.0, 840.0, 840.0, 840.0, 840.0, 840.0, 840.0, 840.0, 840.0, 840.0, 840.0, 840.0], "core_freq": 840.0, "mem_freqs": [6501.0, 6501.0, 6501.0, 6501.0, 6501.0, 6501.0, 6501.0, 6501.0, 6501.0, 6501.0, 6501.0, 6501.0, 6501.0, 6501.0, 6501.0, 6501.0, 6501.0, 6501.0, 6501.0, 6501.0, 6501.0, 6501.0, 6501.0, 6501.0, 6501.0, 6501.0, 6501.0, 6501.0, 6501.0, 6501.0, 6501.0, 6501.0], "mem_freq": 6501.0, "temperatures": [59.0, 59.571955719557195, 60.0, 60.0, 60.0, 60.31320754716981, 61.0, 61.0, 61.0, 61.0, 61.0, 61.0, 61.0, 61.0, 61.0, 61.0, 61.827838827838825, 62.0, 62.0, 62.0, 62.0, 62.0, 62.0, 62.0, 62.0, 62.0, 62.0, 62.0, 62.0, 62.0, 62.0, 62.0], "temperature": 61.27228131545518, "time": 19.594907999999997, "times": [19.6096, 19.587072, 19.597312, 19.599296, 19.589119999999998, 19.592192, 19.600384, 19.593215999999998, 19.59216, 19.586047999999998, 19.601408, 19.593215999999998, 19.59936, 19.589119999999998, 19.592192, 19.595264, 19.596287999999998, 19.591168, 19.592192, 19.601408, 19.595264, 19.585024, 19.597279999999998, 19.608576, 19.598336, 19.595264, 19.596287999999998, 19.590144, 19.59424, 19.591168, 19.596287999999998, 19.591168], "pwr_core_freqs": [840.0], "pwr_core_freq": 840.0, "pwr_mem_freqs": [6501.0], "pwr_mem_freq": 6501.0, "pwr_temperatures": [62.25535327612479], "pwr_temperature": 62.25535327612479, "nvml_energy": 2.136746337768, "compile_time": 387.79358100146055, "verification_time": 0, "benchmark_time": 2453.760039061308, "GFLOP/s": 7015.726121500546, "strategy_time": 0.0017629936337471008, "framework_time": 0.0421090517193079, "timestamp": "2024-02-13 04:52:44.251312+00:00"}, "total_framework_time": 1.4844525139778852, "total_strategy_time": 7352.863174397498, "total_compile_time": 7185.241874307394, "total_verification_time": 0, "total_benchmark_time": 114559.34315826744, "overhead_time": 524.565719999373, "execution_time": 8.482692241668701}