{"device_name": "NVIDIA RTX A4000", "simulation": true, "simulated_time": 57839.98861326836, "best_config": {"nvml_gr_clock": 840, "nvml_mem_clock": 6501, "GEMMK": 0, "MWG": 64, "NWG": 64, "KWG": 32, "MDIMC": 8, "NDIMC": 8, "MDIMA": 8, "NDIMB": 16, "KWI": 2, "VWM": 4, "VWN": 1, "STRM": 0, "STRN": 1, "SA": 0, "SB": 0, "KREG": 1, "PRECISION": 32, "core_freqs": [840.0, 840.0, 840.0, 840.0, 840.0, 840.0, 840.0], "core_freq": 840.0, "mem_freqs": [6501.0, 6501.0, 6501.0, 6501.0, 6501.0, 6501.0, 6501.0], "mem_freq": 6501.0, "temperatures": [59.25, 60.07162534435262, 61.0, 61.0, 61.0, 61.0, 61.0], "temperature": 60.61737504919323, "time": 26.241312, "times": [26.318848, 26.2656, 26.252256, 26.231807999999997, 26.260479999999998, 26.257407999999998, 26.102784], "compile_time": 193.7175658531487, "verification_time": 0, "benchmark_time": 187.00132216326892, "GFLOP/s": 5238.781807251101, "strategy_time": 0.014096498489379883, "framework_time": 0.1030508428812027, "timestamp": "2024-03-15 13:35:56.738226+00:00"}, "total_framework_time": 11.94678619503975, "total_strategy_time": 4915.394950658083, "total_compile_time": 24205.91444009915, "total_verification_time": 0, "total_benchmark_time": 33634.07417316921, "overhead_time": 269.70397122204304, "execution_time": 5.265848398208618}