{"platform_name": "NVIDIA CUDA", "platform_version": "OpenCL 3.0 CUDA 12.3.68", "device_name": "NVIDIA RTX A4000", "device_version": "OpenCL 3.0 CUDA", "opencl_c_version": "OpenCL C 1.2 ", "driver_version": "545.23.06", "iterations": 7, "compiler_options": ["-I/home/fjwillem/Code/kernel_tuner_paper/kernels/gemm_cltune_opencl/"], "best_config": {"nvml_gr_clock": 840, "nvml_mem_clock": 6501, "GEMMK": 0, "MWG": 64, "NWG": 128, "KWG": 32, "MDIMC": 8, "NDIMC": 16, "MDIMA": 16, "NDIMB": 32, "KWI": 2, "VWM": 2, "VWN": 4, "STRM": 1, "STRN": 1, "SA": 0, "SB": 0, "KREG": 1, "PRECISION": 32, "core_freqs": [840.0, 840.0, 840.0, 840.0, 840.0, 840.0, 840.0], "core_freq": 840.0, "mem_freqs": [6501.0, 6501.0, 6501.0, 6501.0, 6501.0, 6501.0, 6501.0], "mem_freq": 6501.0, "temperatures": [58.0, 58.88530465949821, 59.0, 59.48745519713262, 60.0, 60.0, 60.0], "temperature": 59.33896569380441, "time": 24.53679085714285, "times": [24.491007999999997, 24.701952, 24.52272, 24.743935999999998, 24.521728, 24.378368, 24.397824], "compile_time": 215.20477160811424, "verification_time": 0, "benchmark_time": 174.57175999879837, "GFLOP/s": 5602.70936425171, "strategy_time": 0.051919370889663696, "framework_time": 1.795005053281784, "timestamp": "2024-07-11 08:57:15.301223+00:00"}, "total_framework_time": 437.85037472844124, "total_strategy_time": 707.5356878340244, "total_compile_time": 24483.37373882532, "total_verification_time": 0, "total_benchmark_time": 23293.296748772264, "overhead_time": 2772.4667601287365, "execution_time": 51.704216957092285}