{"device_name": "NVIDIA RTX A4000", "simulation": true, "simulated_time": 120296.95439897478, "best_config": {"nvml_gr_clock": 840, "nvml_mem_clock": 6501, "GEMMK": 0, "MWG": 32, "NWG": 128, "KWG": 16, "MDIMC": 8, "NDIMC": 8, "MDIMA": 8, "NDIMB": 8, "KWI": 2, "VWM": 4, "VWN": 4, "STRM": 1, "STRN": 1, "SA": 0, "SB": 1, "KREG": 1, "PRECISION": 32, "core_freqs": [840.0, 840.0, 840.0, 840.0, 840.0, 840.0, 840.0], "core_freq": 840.0, "mem_freqs": [6501.0, 6501.0, 6501.0, 6501.0, 6501.0, 6501.0, 6501.0], "mem_freq": 6501.0, "temperatures": [58.0, 58.0, 58.7347670250896, 59.0, 59.0, 59.897526501766784, 60.0], "temperature": 58.94747050383662, "time": 20.858733714285712, "times": [20.856832, 20.820992, 20.899839999999998, 20.844544, 20.90496, 20.840448, 20.843519999999998], "compile_time": 324.48989688418806, "verification_time": 0, "benchmark_time": 149.46963195689023, "GFLOP/s": 6590.644944560941, "strategy_time": 0.0016838312149047852, "framework_time": 0.03903196193277836, "timestamp": "2024-03-15 09:27:56.214130+00:00"}, "total_framework_time": 8.434428134933114, "total_strategy_time": 3818.5375658795238, "total_compile_time": 47479.53126812354, "total_verification_time": 0, "total_benchmark_time": 72817.42313085124, "overhead_time": 241.1780369002372, "execution_time": 4.13130259513855}