{"platform_name": "NVIDIA CUDA", "platform_version": "OpenCL 3.0 CUDA 12.3.68", "device_name": "NVIDIA RTX A4000", "device_version": "OpenCL 3.0 CUDA", "opencl_c_version": "OpenCL C 1.2 ", "driver_version": "545.23.06", "iterations": 7, "compiler_options": ["-I/home/fjwillem/Code/kernel_tuner_paper/kernels/gemm_cltune_opencl/"], "best_config": {"nvml_gr_clock": 840, "nvml_mem_clock": 6501, "GEMMK": 0, "MWG": 64, "NWG": 64, "KWG": 16, "MDIMC": 8, "NDIMC": 8, "MDIMA": 16, "NDIMB": 16, "KWI": 2, "VWM": 4, "VWN": 2, "STRM": 1, "STRN": 0, "SA": 1, "SB": 0, "KREG": 1, "PRECISION": 32, "core_freqs": [840.0, 840.0, 840.0, 840.0, 840.0, 840.0, 840.0], "core_freq": 840.0, "mem_freqs": [6501.0, 6501.0, 6501.0, 6501.0, 6501.0, 6501.0, 6501.0], "mem_freq": 6501.0, "temperatures": [63.0, 63.818604651162794, 64.0, 64.10181818181819, 65.0, 65.0, 65.0], "temperature": 64.27434611899729, "time": 21.209522285714286, "times": [21.233663999999997, 21.243904, 21.21216, 21.202944, 21.201919999999998, 21.113856, 21.258208], "compile_time": 76.53076015412807, "verification_time": 0, "benchmark_time": 151.4235306531191, "GFLOP/s": 6481.640937127323, "strategy_time": 0.044871121644973755, "framework_time": 2.0644254982471466, "timestamp": "2024-07-11 11:58:35.318784+00:00"}, "total_framework_time": 213.50273489952087, "total_strategy_time": 720.0059629976749, "total_compile_time": 8864.378917962313, "total_verification_time": 0, "total_benchmark_time": 23471.55411168933, "overhead_time": 2687.789399176836, "execution_time": 35.97148251533508}