{"platform_name": "NVIDIA CUDA", "platform_version": "OpenCL 3.0 CUDA 12.3.68", "device_name": "NVIDIA RTX A4000", "device_version": "OpenCL 3.0 CUDA", "opencl_c_version": "OpenCL C 1.2 ", "driver_version": "545.23.06", "iterations": 7, "compiler_options": ["-I/home/fjwillem/Code/kernel_tuner_paper/kernels/gemm_cltune_opencl/"], "best_config": {"nvml_gr_clock": 840, "nvml_mem_clock": 6501, "GEMMK": 0, "MWG": 32, "NWG": 64, "KWG": 32, "MDIMC": 8, "NDIMC": 8, "MDIMA": 16, "NDIMB": 16, "KWI": 2, "VWM": 2, "VWN": 4, "STRM": 0, "STRN": 1, "SA": 0, "SB": 1, "KREG": 1, "PRECISION": 32, "core_freqs": [840.0, 840.0, 840.0, 840.0, 840.0, 840.0, 840.0], "core_freq": 840.0, "mem_freqs": [6501.0, 6501.0, 6501.0, 6501.0, 6501.0, 6501.0, 6501.0], "mem_freq": 6501.0, "temperatures": [58.0, 58.995850622406635, 59.63025210084034, 60.0, 60.0, 60.0, 60.62447257383966], "temperature": 59.60722504244095, "time": 21.86708114285714, "times": [21.886976, 21.861376, 21.86752, 21.863424, 21.876735999999998, 21.858304, 21.855231999999997], "compile_time": 302.79036797583103, "verification_time": 0, "benchmark_time": 155.81189654767513, "GFLOP/s": 6286.733332441365, "strategy_time": 0.05494430661201477, "framework_time": 2.444947138428688, "timestamp": "2024-07-09 09:38:55.968862+00:00"}, "total_framework_time": 212.54444308578968, "total_strategy_time": 748.113103210926, "total_compile_time": 31838.607219979167, "total_verification_time": 0, "total_benchmark_time": 29997.33986519277, "overhead_time": 2623.564852401614, "execution_time": 65.4328179359436}