{"platform_name": "NVIDIA CUDA", "platform_version": "OpenCL 3.0 CUDA 12.3.68", "device_name": "NVIDIA RTX A4000", "device_version": "OpenCL 3.0 CUDA", "opencl_c_version": "OpenCL C 1.2 ", "driver_version": "545.23.06", "iterations": 7, "compiler_options": ["-I/home/fjwillem/Code/kernel_tuner_paper/kernels/gemm_cltune_opencl/"], "best_config": {"nvml_gr_clock": 840, "nvml_mem_clock": 6501, "GEMMK": 0, "MWG": 128, "NWG": 64, "KWG": 16, "MDIMC": 16, "NDIMC": 8, "MDIMA": 32, "NDIMB": 32, "KWI": 2, "VWM": 4, "VWN": 2, "STRM": 1, "STRN": 0, "SA": 1, "SB": 1, "KREG": 1, "PRECISION": 32, "core_freqs": [840.0, 840.0, 840.0, 840.0, 840.0, 840.0, 840.0], "core_freq": 840.0, "mem_freqs": [6501.0, 6501.0, 6501.0, 6501.0, 6501.0, 6501.0, 6501.0], "mem_freq": 6501.0, "temperatures": [61.43511450381679, 62.0, 62.0, 62.43295019157088, 63.0, 63.0, 63.0], "temperature": 62.40972352791253, "time": 19.017860571428567, "times": [19.02688, 19.01872, 19.007488, 19.017727999999998, 19.007488, 19.017727999999998, 19.028992], "compile_time": 303.3609609119594, "verification_time": 0, "benchmark_time": 136.51737105101347, "GFLOP/s": 7228.600051392292, "strategy_time": 0.0069229863584041595, "framework_time": 1.440444029867649, "timestamp": "2024-03-15 16:15:37.779707+00:00"}, "total_framework_time": 312.0882243383676, "total_strategy_time": 338.5853380896151, "total_compile_time": 36760.4685081169, "total_verification_time": 0, "total_benchmark_time": 81843.62326492555, "overhead_time": 2614.525111624971, "execution_time": 121.88067531585693}