{"device_name": "NVIDIA RTX A4000", "simulation": true, "simulated_time": 123275.03496874124, "best_config": {"nvml_gr_clock": 840, "nvml_mem_clock": 6501, "GEMMK": 0, "MWG": 64, "NWG": 128, "KWG": 16, "MDIMC": 8, "NDIMC": 8, "MDIMA": 8, "NDIMB": 8, "KWI": 2, "VWM": 8, "VWN": 8, "STRM": 0, "STRN": 1, "SA": 1, "SB": 1, "KREG": 1, "PRECISION": 32, "core_freqs": [840.0, 840.0, 840.0, 840.0, 840.0, 840.0, 840.0, 840.0, 840.0, 840.0, 840.0, 840.0, 840.0, 840.0, 840.0, 840.0, 840.0, 840.0, 840.0, 840.0, 840.0, 840.0, 840.0, 840.0, 840.0, 840.0, 840.0, 840.0, 840.0, 840.0, 840.0, 840.0], "core_freq": 840.0, "mem_freqs": [6501.0, 6501.0, 6501.0, 6501.0, 6501.0, 6501.0, 6501.0, 6501.0, 6501.0, 6501.0, 6501.0, 6501.0, 6501.0, 6501.0, 6501.0, 6501.0, 6501.0, 6501.0, 6501.0, 6501.0, 6501.0, 6501.0, 6501.0, 6501.0, 6501.0, 6501.0, 6501.0, 6501.0, 6501.0, 6501.0, 6501.0, 6501.0], "mem_freq": 6501.0, "temperatures": [57.0, 57.0, 57.333333333333336, 58.0, 58.0, 58.0, 58.0, 58.0, 58.0, 58.0, 58.258278145695364, 59.0, 59.0, 59.0, 59.0, 59.0, 59.0, 59.0, 59.0, 59.0, 59.0, 59.0, 59.0, 59.0, 59.0, 59.0, 59.0, 59.0, 59.0, 59.0, 59.0, 59.0], "temperature": 58.580987858719645, "time": 21.669822, "times": [21.63712, 21.668864, 21.649407999999998, 21.681151999999997, 21.665792, 21.689344, 21.663743999999998, 21.64736, 21.664704, 21.645312, 21.6576, 21.668864, 21.641216, 21.66272, 21.673983999999997, 21.659648, 21.661696, 21.67296, 21.658624, 21.675008, 21.664768, 21.695487999999997, 21.634048, 21.671936, 21.71904, 21.671936, 21.709823999999998, 21.682176, 21.668864, 21.655552, 21.687296, 21.728256], "pwr_core_freqs": [840.0], "pwr_core_freq": 840.0, "pwr_mem_freqs": [6501.0], "pwr_mem_freq": 6501.0, "pwr_temperatures": [59.528131252501], "pwr_temperature": 59.528131252501, "nvml_energy": 2.1067834344839995, "compile_time": 283.5663026198745, "verification_time": 0, "benchmark_time": 2507.264186628163, "GFLOP/s": 6343.961104249034, "strategy_time": 0.0017629936337471008, "framework_time": 0.047579873353242874, "timestamp": "2024-02-13 00:47:48.961069+00:00"}, "total_framework_time": 1.616742229089141, "total_strategy_time": 7637.570473365486, "total_compile_time": 9025.097588077188, "total_verification_time": 0, "total_benchmark_time": 114249.93738066405, "overhead_time": 505.98726025782526, "execution_time": 8.746087312698364}