{"platform_name": "NVIDIA CUDA", "platform_version": "OpenCL 3.0 CUDA 12.3.68", "device_name": "NVIDIA RTX A4000", "device_version": "OpenCL 3.0 CUDA", "opencl_c_version": "OpenCL C 1.2 ", "driver_version": "545.23.06", "iterations": 7, "compiler_options": ["-I/home/fjwillem/Code/kernel_tuner_paper/kernels/gemm_cltune_opencl/"], "best_config": {"nvml_gr_clock": 840, "nvml_mem_clock": 6501, "GEMMK": 0, "MWG": 128, "NWG": 64, "KWG": 32, "MDIMC": 8, "NDIMC": 8, "MDIMA": 32, "NDIMB": 32, "KWI": 2, "VWM": 4, "VWN": 1, "STRM": 1, "STRN": 0, "SA": 0, "SB": 0, "KREG": 1, "PRECISION": 32, "core_freqs": [840.0, 840.0, 840.0, 840.0, 840.0, 840.0, 840.0], "core_freq": 840.0, "mem_freqs": [6501.0, 6501.0, 6501.0, 6501.0, 6501.0, 6501.0, 6501.0], "mem_freq": 6501.0, "temperatures": [57.2896174863388, 58.0, 58.0, 58.0, 58.78421052631579, 59.0, 59.0], "temperature": 58.29626114466494, "time": 24.5504, "times": [24.572927999999997, 24.629248, 24.573952, 24.440832, 24.723456, 24.287232, 24.625152], "compile_time": 370.8797823637724, "verification_time": 0, "benchmark_time": 175.09656213223934, "GFLOP/s": 5599.603587069864, "strategy_time": 0.07558055222034454, "framework_time": 2.170378342270851, "timestamp": "2024-07-09 09:25:19.526534+00:00"}, "total_framework_time": 213.57731148600578, "total_strategy_time": 746.0966296494007, "total_compile_time": 31549.068566411734, "total_verification_time": 0, "total_benchmark_time": 24972.0967579633, "overhead_time": 2915.5266638845205, "execution_time": 60.40779733657837}