{"device_name": "NVIDIA RTX A4000", "simulation": true, "simulated_time": 47574.78986680508, "best_config": {"nvml_gr_clock": 840, "nvml_mem_clock": 6501, "GEMMK": 0, "MWG": 64, "NWG": 128, "KWG": 32, "MDIMC": 8, "NDIMC": 16, "MDIMA": 8, "NDIMB": 32, "KWI": 2, "VWM": 4, "VWN": 2, "STRM": 1, "STRN": 0, "SA": 1, "SB": 0, "KREG": 1, "PRECISION": 32, "core_freqs": [840.0, 840.0, 840.0, 840.0, 840.0, 840.0, 840.0], "core_freq": 840.0, "mem_freqs": [6501.0, 6501.0, 6501.0, 6501.0, 6501.0, 6501.0, 6501.0], "mem_freq": 6501.0, "temperatures": [59.0, 59.27547169811321, 60.0, 60.81720430107527, 61.0, 61.0, 61.0], "temperature": 60.298953714169784, "time": 20.153782857142858, "times": [20.100096, 20.120576, 20.229119999999998, 20.147199999999998, 20.16256, 20.158464, 20.158464], "compile_time": 197.5966840982437, "verification_time": 0, "benchmark_time": 145.16880293376744, "GFLOP/s": 6821.176395441677, "strategy_time": 0.01498684287071228, "framework_time": 0.10667368769645691, "timestamp": "2024-03-15 16:03:45.562206+00:00"}, "total_framework_time": 12.575633823871613, "total_strategy_time": 4953.009182587266, "total_compile_time": 23416.336685651913, "total_verification_time": 0, "total_benchmark_time": 24158.453181153163, "overhead_time": 264.4418925046921, "execution_time": 5.295412302017212}