{"platform_name": "NVIDIA CUDA", "platform_version": "OpenCL 3.0 CUDA 12.3.68", "device_name": "NVIDIA RTX A4000", "device_version": "OpenCL 3.0 CUDA", "opencl_c_version": "OpenCL C 1.2 ", "driver_version": "545.23.06", "iterations": 7, "compiler_options": ["-I/home/fjwillem/Code/kernel_tuner_paper/kernels/gemm_cltune_opencl/"], "best_config": {"nvml_gr_clock": 840, "nvml_mem_clock": 6501, "GEMMK": 0, "MWG": 64, "NWG": 128, "KWG": 16, "MDIMC": 8, "NDIMC": 16, "MDIMA": 16, "NDIMB": 16, "KWI": 2, "VWM": 4, "VWN": 4, "STRM": 1, "STRN": 1, "SA": 1, "SB": 1, "KREG": 1, "PRECISION": 32, "core_freqs": [840.0, 840.0, 840.0, 840.0, 840.0, 840.0, 840.0], "core_freq": 840.0, "mem_freqs": [6501.0, 6501.0, 6501.0, 6501.0, 6501.0, 6501.0, 6501.0], "mem_freq": 6501.0, "temperatures": [58.0, 58.0, 58.9009900990099, 59.0, 59.0, 59.80769230769231, 60.0], "temperature": 58.95838320095746, "time": 18.845696, "times": [18.852864, 18.848768, 18.844672, 18.842624, 18.8416, 18.845696, 18.843647999999998], "compile_time": 174.3505261838436, "verification_time": 0, "benchmark_time": 134.61820222437382, "GFLOP/s": 7294.636818083026, "strategy_time": 0.06672367453575134, "framework_time": 1.9164159893989563, "timestamp": "2024-07-09 09:38:28.538347+00:00"}, "total_framework_time": 192.27979518473148, "total_strategy_time": 707.3025796562433, "total_compile_time": 31599.750090390444, "total_verification_time": 0, "total_benchmark_time": 19140.240220353007, "overhead_time": 2628.9781108498573, "execution_time": 54.282474517822266}