{"platform_name": "NVIDIA CUDA", "platform_version": "OpenCL 3.0 CUDA 12.3.68", "device_name": "NVIDIA RTX A4000", "device_version": "OpenCL 3.0 CUDA", "opencl_c_version": "OpenCL C 1.2 ", "driver_version": "545.23.06", "iterations": 7, "compiler_options": ["-I/home/fjwillem/Code/kernel_tuner_paper/kernels/gemm_cltune_opencl/"], "best_config": {"nvml_gr_clock": 840, "nvml_mem_clock": 6501, "GEMMK": 0, "MWG": 64, "NWG": 128, "KWG": 32, "MDIMC": 16, "NDIMC": 8, "MDIMA": 8, "NDIMB": 16, "KWI": 2, "VWM": 1, "VWN": 4, "STRM": 1, "STRN": 0, "SA": 0, "SB": 0, "KREG": 1, "PRECISION": 32, "core_freqs": [840.0, 840.0, 840.0, 840.0, 840.0, 840.0, 840.0], "core_freq": 840.0, "mem_freqs": [6501.0, 6501.0, 6501.0, 6501.0, 6501.0, 6501.0, 6501.0], "mem_freq": 6501.0, "temperatures": [59.0, 60.0, 60.0, 60.8479262672811, 61.0, 61.0, 61.0], "temperature": 60.406846609611584, "time": 26.10132114285714, "times": [26.134528, 26.102784, 26.066944, 26.037247999999998, 26.123264, 26.072063999999997, 26.172416], "compile_time": 90.68518690764904, "verification_time": 0, "benchmark_time": 186.17669865489006, "GFLOP/s": 5266.879295173937, "strategy_time": 0.011660158634185791, "framework_time": 1.1801347136497498, "timestamp": "2024-07-11 08:19:16.115126+00:00"}, "total_framework_time": 228.52476499974728, "total_strategy_time": 740.9503273665905, "total_compile_time": 25197.78279028833, "total_verification_time": 0, "total_benchmark_time": 30881.66109099984, "overhead_time": 2874.264920130372, "execution_time": 59.939186096191406}