{"device_name": "NVIDIA RTX A4000", "simulation": true, "simulated_time": 42765.75586292893, "best_config": {"nvml_gr_clock": 840, "nvml_mem_clock": 6501, "GEMMK": 0, "MWG": 64, "NWG": 128, "KWG": 32, "MDIMC": 16, "NDIMC": 16, "MDIMA": 16, "NDIMB": 32, "KWI": 2, "VWM": 4, "VWN": 4, "STRM": 0, "STRN": 0, "SA": 1, "SB": 1, "KREG": 1, "PRECISION": 32, "core_freqs": [840.0, 840.0, 840.0, 840.0, 840.0, 840.0, 840.0], "core_freq": 840.0, "mem_freqs": [6501.0, 6501.0, 6501.0, 6501.0, 6501.0, 6501.0, 6501.0], "mem_freq": 6501.0, "temperatures": [62.0, 62.38, 63.0, 63.0, 63.67741935483871, 64.0, 64.0], "temperature": 63.1510599078341, "time": 21.359465142857143, "times": [21.370848, 21.374976, 21.337087999999998, 21.348352, 21.357568, 21.368831999999998, 21.358591999999998], "compile_time": 226.60768101923168, "verification_time": 0, "benchmark_time": 152.83318399451673, "GFLOP/s": 6436.139996228904, "strategy_time": 0.013515353202819824, "framework_time": 0.10923482477664948, "timestamp": "2024-03-15 16:43:41.265503+00:00"}, "total_framework_time": 12.264413759112358, "total_strategy_time": 5252.540914341807, "total_compile_time": 21613.689774880186, "total_verification_time": 0, "total_benchmark_time": 21152.06608804874, "overhead_time": 278.7725869566202, "execution_time": 5.614822626113892}