{"device_name": "NVIDIA RTX A4000", "simulation": true, "simulated_time": 120103.44087216072, "best_config": {"nvml_gr_clock": 840, "nvml_mem_clock": 6501, "GEMMK": 0, "MWG": 128, "NWG": 128, "KWG": 32, "MDIMC": 16, "NDIMC": 8, "MDIMA": 32, "NDIMB": 16, "KWI": 2, "VWM": 2, "VWN": 4, "STRM": 1, "STRN": 1, "SA": 1, "SB": 1, "KREG": 1, "PRECISION": 32, "core_freqs": [840.0, 840.0, 840.0, 840.0, 840.0, 840.0, 840.0], "core_freq": 840.0, "mem_freqs": [6501.0, 6501.0, 6501.0, 6501.0, 6501.0, 6501.0, 6501.0], "mem_freq": 6501.0, "temperatures": [53.0, 53.80392156862745, 54.22348484848485, 55.0, 55.0, 55.0, 55.0], "temperature": 54.43248663101604, "time": 19.262171428571428, "times": [19.277824, 19.27168, 19.247104, 19.255295999999998, 19.263488, 19.26144, 19.258368], "compile_time": 420.6619509495795, "verification_time": 0, "benchmark_time": 138.16634193062782, "GFLOP/s": 7136.9164382001145, "strategy_time": 0.001612817868590355, "framework_time": 0.04001520574092865, "timestamp": "2024-03-16 00:49:00.091820+00:00"}, "total_framework_time": 7.6960360165685415, "total_strategy_time": 3770.134089747444, "total_compile_time": 48491.86430568807, "total_verification_time": 0, "total_benchmark_time": 71611.57656647265, "overhead_time": 242.71669727750123, "execution_time": 4.083250045776367}