{"platform_name": "NVIDIA CUDA", "platform_version": "OpenCL 3.0 CUDA 12.3.68", "device_name": "NVIDIA RTX A4000", "device_version": "OpenCL 3.0 CUDA", "opencl_c_version": "OpenCL C 1.2 ", "driver_version": "545.23.06", "iterations": 7, "compiler_options": ["-I/home/fjwillem/Code/kernel_tuner_paper/kernels/gemm_cltune_opencl/"], "best_config": {"nvml_gr_clock": 840, "nvml_mem_clock": 6501, "GEMMK": 0, "MWG": 64, "NWG": 64, "KWG": 32, "MDIMC": 8, "NDIMC": 8, "MDIMA": 8, "NDIMB": 16, "KWI": 2, "VWM": 8, "VWN": 4, "STRM": 0, "STRN": 0, "SA": 0, "SB": 0, "KREG": 1, "PRECISION": 32, "core_freqs": [840.0, 840.0, 840.0, 840.0, 840.0, 840.0, 840.0], "core_freq": 840.0, "mem_freqs": [6501.0, 6501.0, 6501.0, 6501.0, 6501.0, 6501.0, 6501.0], "mem_freq": 6501.0, "temperatures": [58.0, 58.99152542372882, 59.0, 59.0, 59.0, 59.11607142857143, 60.0], "temperature": 59.01537097890004, "time": 24.052736, "times": [24.141824, 24.003584, 24.114176, 24.02816, 24.146943999999998, 23.972863999999998, 23.9616], "compile_time": 77.6311606168747, "verification_time": 0, "benchmark_time": 171.83161713182926, "GFLOP/s": 5715.46238664907, "strategy_time": 0.07019191980361938, "framework_time": 2.2082552313804626, "timestamp": "2024-07-09 11:13:27.005771+00:00"}, "total_framework_time": 212.1564857661724, "total_strategy_time": 729.0655858814716, "total_compile_time": 24718.294735997915, "total_verification_time": 0, "total_benchmark_time": 22624.6331743896, "overhead_time": 2622.1649311482906, "execution_time": 50.917580127716064}