{"platform_name": "NVIDIA CUDA", "platform_version": "OpenCL 3.0 CUDA 12.3.68", "device_name": "NVIDIA RTX A4000", "device_version": "OpenCL 3.0 CUDA", "opencl_c_version": "OpenCL C 1.2 ", "driver_version": "545.23.06", "iterations": 7, "compiler_options": ["-I/home/fjwillem/Code/kernel_tuner_paper/kernels/gemm_cltune_opencl/"], "best_config": {"nvml_gr_clock": 840, "nvml_mem_clock": 6501, "GEMMK": 0, "MWG": 64, "NWG": 128, "KWG": 16, "MDIMC": 16, "NDIMC": 8, "MDIMA": 16, "NDIMB": 16, "KWI": 2, "VWM": 4, "VWN": 8, "STRM": 0, "STRN": 0, "SA": 0, "SB": 1, "KREG": 1, "PRECISION": 32, "core_freqs": [840.0, 840.0, 840.0, 840.0, 840.0, 840.0, 840.0], "core_freq": 840.0, "mem_freqs": [6501.0, 6501.0, 6501.0, 6501.0, 6501.0, 6501.0, 6501.0], "mem_freq": 6501.0, "temperatures": [58.3, 59.0, 59.0, 59.57786885245902, 60.0, 60.0, 60.0], "temperature": 59.41112412177986, "time": 20.359314285714284, "times": [20.377599999999997, 20.365312, 20.35712, 20.338687999999998, 20.352, 20.364288, 20.360191999999998], "compile_time": 295.26366107165813, "verification_time": 0, "benchmark_time": 148.7505380064249, "GFLOP/s": 6752.315229028203, "strategy_time": 0.0676475465297699, "framework_time": 1.76270492374897, "timestamp": "2024-07-09 11:16:20.966288+00:00"}, "total_framework_time": 213.39700929820538, "total_strategy_time": 797.7540101855993, "total_compile_time": 25397.401647642255, "total_verification_time": 0, "total_benchmark_time": 21120.658602565527, "overhead_time": 2756.092209368944, "execution_time": 50.29779362678528}