{"device_name": "NVIDIA RTX A4000", "simulation": true, "simulated_time": 120768.31492432393, "best_config": {"nvml_gr_clock": 840, "nvml_mem_clock": 6501, "GEMMK": 0, "MWG": 128, "NWG": 128, "KWG": 16, "MDIMC": 16, "NDIMC": 8, "MDIMA": 16, "NDIMB": 16, "KWI": 2, "VWM": 4, "VWN": 4, "STRM": 0, "STRN": 0, "SA": 1, "SB": 1, "KREG": 1, "PRECISION": 32, "core_freqs": [840.0, 840.0, 840.0, 840.0, 840.0, 840.0, 840.0], "core_freq": 840.0, "mem_freqs": [6501.0, 6501.0, 6501.0, 6501.0, 6501.0, 6501.0, 6501.0], "mem_freq": 6501.0, "temperatures": [52.0, 52.45, 53.0, 54.0, 54.0, 54.0, 54.0], "temperature": 53.35, "time": 20.466688, "times": [20.48512, 20.465664, 20.468736, 20.456447999999998, 20.492288, 20.442111999999998, 20.456447999999998], "compile_time": 415.18357885070145, "verification_time": 0, "benchmark_time": 147.28408912196755, "GFLOP/s": 6716.890779006354, "strategy_time": 0.0016530975699424744, "framework_time": 0.04067574627697468, "timestamp": "2024-03-15 23:26:54.696413+00:00"}, "total_framework_time": 7.918041432276368, "total_strategy_time": 4051.9510216545314, "total_compile_time": 49768.01260514185, "total_verification_time": 0, "total_benchmark_time": 71000.30231918208, "overhead_time": 248.39129787869751, "execution_time": 4.3716959953308105}