{"device_name": "NVIDIA RTX A4000", "simulation": true, "simulated_time": 56241.83198972605, "best_config": {"nvml_gr_clock": 840, "nvml_mem_clock": 6501, "GEMMK": 0, "MWG": 64, "NWG": 64, "KWG": 32, "MDIMC": 8, "NDIMC": 8, "MDIMA": 32, "NDIMB": 8, "KWI": 2, "VWM": 2, "VWN": 2, "STRM": 0, "STRN": 0, "SA": 1, "SB": 0, "KREG": 1, "PRECISION": 32, "core_freqs": [840.0, 840.0, 840.0, 840.0, 840.0, 840.0, 840.0], "core_freq": 840.0, "mem_freqs": [6501.0, 6501.0, 6501.0, 6501.0, 6501.0, 6501.0, 6501.0], "mem_freq": 6501.0, "temperatures": [60.0, 60.0, 60.635802469135804, 61.0, 61.09756097560975, 62.0, 62.0], "temperature": 60.96190906353508, "time": 23.730907428571424, "times": [23.72608, 23.70048, 23.640064, 23.816191999999997, 23.741439999999997, 23.85408, 23.638016], "compile_time": 256.9354251027107, "verification_time": 0, "benchmark_time": 169.51905190944672, "GFLOP/s": 5792.973080266054, "strategy_time": 6.453897804021835, "framework_time": 0.17198175191879272, "timestamp": "2024-03-15 13:42:09.830694+00:00"}, "total_framework_time": 12.758845463395119, "total_strategy_time": 5057.832382619381, "total_compile_time": 32851.96975362487, "total_verification_time": 0, "total_benchmark_time": 23389.86223610118, "overhead_time": 262.0777636766434, "execution_time": 5.398059606552124}