{"device_name": "NVIDIA RTX A4000", "simulation": true, "simulated_time": 55608.06208150461, "best_config": {"nvml_gr_clock": 840, "nvml_mem_clock": 6501, "GEMMK": 0, "MWG": 64, "NWG": 128, "KWG": 32, "MDIMC": 8, "NDIMC": 8, "MDIMA": 8, "NDIMB": 16, "KWI": 2, "VWM": 4, "VWN": 1, "STRM": 1, "STRN": 0, "SA": 0, "SB": 0, "KREG": 1, "PRECISION": 32, "core_freqs": [840.0, 840.0, 840.0, 840.0, 840.0, 840.0, 840.0], "core_freq": 840.0, "mem_freqs": [6501.0, 6501.0, 6501.0, 6501.0, 6501.0, 6501.0, 6501.0], "mem_freq": 6501.0, "temperatures": [54.0, 54.99708454810496, 55.77388535031847, 56.0, 56.0, 56.0, 56.0], "temperature": 55.538709985489064, "time": 25.42416457142857, "times": [25.631743999999998, 25.428991999999997, 25.393152, 25.335808, 25.360384, 25.394175999999998, 25.424896], "compile_time": 335.8319189865142, "verification_time": 0, "benchmark_time": 181.38509197160602, "GFLOP/s": 5407.159299876868, "strategy_time": 0.014407560229301453, "framework_time": 0.10578520596027374, "timestamp": "2024-03-15 15:46:00.918700+00:00"}, "total_framework_time": 13.200750574469566, "total_strategy_time": 5233.101818710566, "total_compile_time": 25741.626488044858, "total_verification_time": 0, "total_benchmark_time": 29866.435593459755, "overhead_time": 331.7311145365238, "execution_time": 5.647605657577515}