{"device_name": "NVIDIA RTX A4000", "simulation": true, "simulated_time": 55753.194984514266, "best_config": {"nvml_gr_clock": 840, "nvml_mem_clock": 6501, "GEMMK": 0, "MWG": 128, "NWG": 128, "KWG": 32, "MDIMC": 16, "NDIMC": 8, "MDIMA": 16, "NDIMB": 32, "KWI": 2, "VWM": 4, "VWN": 1, "STRM": 0, "STRN": 0, "SA": 0, "SB": 0, "KREG": 1, "PRECISION": 32, "core_freqs": [840.0, 840.0, 840.0, 840.0, 840.0, 840.0, 840.0], "core_freq": 840.0, "mem_freqs": [6501.0, 6501.0, 6501.0, 6501.0, 6501.0, 6501.0, 6501.0], "mem_freq": 6501.0, "temperatures": [53.08659217877095, 54.0, 54.904761904761905, 55.0, 55.0, 55.0, 55.0], "temperature": 54.570193440504696, "time": 26.02525257142857, "times": [25.862143999999997, 25.897983999999997, 26.216448, 26.130432, 25.916415999999998, 25.970688, 26.182655999999998], "compile_time": 299.22439996153116, "verification_time": 0, "benchmark_time": 185.30533812008798, "GFLOP/s": 5282.273727284481, "strategy_time": 0.015078112483024597, "framework_time": 0.10754354298114777, "timestamp": "2024-03-16 00:45:02.384125+00:00"}, "total_framework_time": 12.98254169523716, "total_strategy_time": 5000.747637823224, "total_compile_time": 24781.050495803356, "total_verification_time": 0, "total_benchmark_time": 30972.14448871091, "overhead_time": 282.700402662158, "execution_time": 5.365180253982544}