{"platform_name": "NVIDIA CUDA", "platform_version": "OpenCL 3.0 CUDA 12.3.68", "device_name": "NVIDIA RTX A4000", "device_version": "OpenCL 3.0 CUDA", "opencl_c_version": "OpenCL C 1.2 ", "driver_version": "545.23.06", "iterations": 7, "compiler_options": ["-I/home/fjwillem/Code/kernel_tuner_paper/kernels/gemm_cltune_opencl/"], "best_config": {"nvml_gr_clock": 840, "nvml_mem_clock": 6501, "GEMMK": 0, "MWG": 128, "NWG": 64, "KWG": 32, "MDIMC": 32, "NDIMC": 8, "MDIMA": 32, "NDIMB": 32, "KWI": 2, "VWM": 4, "VWN": 2, "STRM": 0, "STRN": 0, "SA": 1, "SB": 1, "KREG": 1, "PRECISION": 32, "core_freqs": [840.0, 840.0, 840.0, 840.0, 840.0, 840.0, 840.0], "core_freq": 840.0, "mem_freqs": [6501.0, 6501.0, 6501.0, 6501.0, 6501.0, 6501.0, 6501.0], "mem_freq": 6501.0, "temperatures": [60.0, 60.391304347826086, 61.0, 61.97265625, 62.0, 62.0, 62.0], "temperature": 61.337708656832305, "time": 21.061339428571426, "times": [21.060608, 21.063679999999998, 21.060608, 21.065728, 21.054464, 21.060608, 21.063679999999998], "compile_time": 314.50737500563264, "verification_time": 0, "benchmark_time": 151.71769494190812, "GFLOP/s": 6527.244308000056, "strategy_time": 0.008595874533057213, "framework_time": 1.9301602151244879, "timestamp": "2024-03-15 15:51:29.555827+00:00"}, "total_framework_time": 353.25256548821926, "total_strategy_time": 346.1926323361695, "total_compile_time": 40012.64721946791, "total_verification_time": 0, "total_benchmark_time": 78874.64591744356, "overhead_time": 2972.9469453450292, "execution_time": 122.57061886787415}