{"platform_name": "NVIDIA CUDA", "platform_version": "OpenCL 3.0 CUDA 12.3.68", "device_name": "NVIDIA RTX A4000", "device_version": "OpenCL 3.0 CUDA", "opencl_c_version": "OpenCL C 1.2 ", "driver_version": "545.23.06", "iterations": 7, "compiler_options": ["-I/home/fjwillem/Code/kernel_tuner_paper/kernels/gemm_cltune_opencl/"], "best_config": {"nvml_gr_clock": 840, "nvml_mem_clock": 6501, "GEMMK": 0, "MWG": 128, "NWG": 128, "KWG": 32, "MDIMC": 16, "NDIMC": 8, "MDIMA": 8, "NDIMB": 32, "KWI": 2, "VWM": 4, "VWN": 2, "STRM": 1, "STRN": 1, "SA": 1, "SB": 1, "KREG": 1, "PRECISION": 32, "core_freqs": [840.0, 840.0, 840.0, 840.0, 840.0, 840.0, 840.0], "core_freq": 840.0, "mem_freqs": [6501.0, 6501.0, 6501.0, 6501.0, 6501.0, 6501.0, 6501.0], "mem_freq": 6501.0, "temperatures": [51.0, 51.52469135802469, 52.03626943005181, 53.0, 53.0, 53.0, 53.0], "temperature": 52.36585154115379, "time": 19.243154285714287, "times": [19.258368, 19.244032, 19.2512, 19.243008, 19.234816, 19.226623999999997, 19.244032], "compile_time": 162.37490065395832, "verification_time": 0, "benchmark_time": 138.1683498620987, "GFLOP/s": 7143.969531339085, "strategy_time": 0.020597130060195923, "framework_time": 2.18215212225914, "timestamp": "2024-07-11 08:23:12.800261+00:00"}, "total_framework_time": 217.24220365285873, "total_strategy_time": 763.0361057817936, "total_compile_time": 26125.497587025166, "total_verification_time": 0, "total_benchmark_time": 19418.625615537167, "overhead_time": 2943.5818381607533, "execution_time": 49.48517847061157}