{"platform_name": "NVIDIA CUDA", "platform_version": "OpenCL 3.0 CUDA 12.3.68", "device_name": "NVIDIA RTX A4000", "device_version": "OpenCL 3.0 CUDA", "opencl_c_version": "OpenCL C 1.2 ", "driver_version": "545.23.06", "iterations": 7, "compiler_options": ["-I/home/fjwillem/Code/kernel_tuner_paper/kernels/gemm_cltune_opencl/"], "best_config": {"nvml_gr_clock": 840, "nvml_mem_clock": 6501, "GEMMK": 0, "MWG": 128, "NWG": 128, "KWG": 16, "MDIMC": 16, "NDIMC": 8, "MDIMA": 8, "NDIMB": 16, "KWI": 2, "VWM": 8, "VWN": 4, "STRM": 1, "STRN": 1, "SA": 1, "SB": 1, "KREG": 1, "PRECISION": 32, "core_freqs": [840.0, 840.0, 840.0, 840.0, 840.0, 840.0, 840.0], "core_freq": 840.0, "mem_freqs": [6501.0, 6501.0, 6501.0, 6501.0, 6501.0, 6501.0, 6501.0], "mem_freq": 6501.0, "temperatures": [60.15126050420168, 61.0, 61.0, 61.19409282700422, 62.0, 62.0, 62.0], "temperature": 61.335050475886554, "time": 19.443273142857144, "times": [19.451904, 19.434496, 19.438592, 19.428352, 19.456, 19.449856, 19.443711999999998], "compile_time": 377.86603905260563, "verification_time": 0, "benchmark_time": 140.25242417119443, "GFLOP/s": 7070.440604004123, "strategy_time": 0.009448034688830376, "framework_time": 1.751487608999014, "timestamp": "2024-03-15 16:25:48.226964+00:00"}, "total_framework_time": 334.6443094778806, "total_strategy_time": 341.3097611628473, "total_compile_time": 39934.329017298296, "total_verification_time": 0, "total_benchmark_time": 78720.18513432704, "overhead_time": 2841.2614327389747, "execution_time": 122.1858389377594}