{"platform_name": "NVIDIA CUDA", "platform_version": "OpenCL 3.0 CUDA 12.3.68", "device_name": "NVIDIA RTX A4000", "device_version": "OpenCL 3.0 CUDA", "opencl_c_version": "OpenCL C 1.2 ", "driver_version": "545.23.06", "iterations": 7, "compiler_options": ["-I/home/fjwillem/Code/kernel_tuner_paper/kernels/gemm_cltune_opencl/"], "best_config": {"nvml_gr_clock": 840, "nvml_mem_clock": 6501, "GEMMK": 0, "MWG": 64, "NWG": 64, "KWG": 32, "MDIMC": 8, "NDIMC": 8, "MDIMA": 8, "NDIMB": 8, "KWI": 2, "VWM": 4, "VWN": 2, "STRM": 1, "STRN": 0, "SA": 0, "SB": 0, "KREG": 1, "PRECISION": 32, "core_freqs": [840.0, 840.0, 840.0, 840.0, 840.0, 840.0, 840.0], "core_freq": 840.0, "mem_freqs": [6501.0, 6501.0, 6501.0, 6501.0, 6501.0, 6501.0, 6501.0], "mem_freq": 6501.0, "temperatures": [53.0, 53.93877551020408, 54.659176029962545, 55.0, 55.0, 55.0, 55.0], "temperature": 54.51399307716666, "time": 22.911698285714284, "times": [23.00208, 23.14544, 22.771711999999997, 23.112703999999997, 22.739967999999998, 22.595584, 23.0144], "compile_time": 72.75105826556683, "verification_time": 0, "benchmark_time": 163.31255063414574, "GFLOP/s": 6000.101179305235, "strategy_time": 0.04597567021846771, "framework_time": 1.5226956456899643, "timestamp": "2024-07-11 09:43:15.964895+00:00"}, "total_framework_time": 159.9726900458336, "total_strategy_time": 799.9506369233131, "total_compile_time": 12190.115498378873, "total_verification_time": 0, "total_benchmark_time": 24274.103563278913, "overhead_time": 2758.2872714847326, "execution_time": 40.196791887283325}