{"platform_name": "NVIDIA CUDA", "platform_version": "OpenCL 3.0 CUDA 12.3.68", "device_name": "NVIDIA RTX A4000", "device_version": "OpenCL 3.0 CUDA", "opencl_c_version": "OpenCL C 1.2 ", "driver_version": "545.23.06", "iterations": 7, "compiler_options": ["-I/home/fjwillem/Code/kernel_tuner_paper/kernels/gemm_cltune_opencl/"], "best_config": {"nvml_gr_clock": 840, "nvml_mem_clock": 6501, "GEMMK": 0, "MWG": 64, "NWG": 64, "KWG": 32, "MDIMC": 8, "NDIMC": 8, "MDIMA": 8, "NDIMB": 16, "KWI": 2, "VWM": 4, "VWN": 2, "STRM": 1, "STRN": 0, "SA": 0, "SB": 0, "KREG": 1, "PRECISION": 32, "core_freqs": [840.0, 840.0, 840.0, 840.0, 840.0, 840.0, 840.0], "core_freq": 840.0, "mem_freqs": [6501.0, 6501.0, 6501.0, 6501.0, 6501.0, 6501.0, 6501.0], "mem_freq": 6501.0, "temperatures": [55.0, 55.171052631578945, 56.0, 56.0, 56.0, 56.30042918454936, 57.0], "temperature": 55.92449740230404, "time": 22.744210285714285, "times": [23.023616, 22.69184, 22.526975999999998, 22.883328, 22.894592, 22.711295999999997, 22.477824], "compile_time": 55.88246136903763, "verification_time": 0, "benchmark_time": 161.43332049250603, "GFLOP/s": 6044.28582822007, "strategy_time": 0.03406405448913574, "framework_time": 1.3699475675821304, "timestamp": "2024-07-11 10:05:59.494472+00:00"}, "total_framework_time": 407.07934461534023, "total_strategy_time": 713.1254784762859, "total_compile_time": 8925.859505310655, "total_verification_time": 0, "total_benchmark_time": 24495.40706537664, "overhead_time": 2696.6123413294554, "execution_time": 37.24976587295532}