{"platform_name": "NVIDIA CUDA", "platform_version": "OpenCL 3.0 CUDA 12.3.68", "device_name": "NVIDIA RTX A4000", "device_version": "OpenCL 3.0 CUDA", "opencl_c_version": "OpenCL C 1.2 ", "driver_version": "545.23.06", "iterations": 7, "compiler_options": ["-I/home/fjwillem/Code/kernel_tuner_paper/kernels/gemm_cltune_opencl/"], "best_config": {"nvml_gr_clock": 840, "nvml_mem_clock": 6501, "GEMMK": 0, "MWG": 64, "NWG": 128, "KWG": 32, "MDIMC": 8, "NDIMC": 16, "MDIMA": 16, "NDIMB": 32, "KWI": 2, "VWM": 4, "VWN": 2, "STRM": 1, "STRN": 0, "SA": 1, "SB": 0, "KREG": 1, "PRECISION": 32, "core_freqs": [840.0, 840.0, 840.0, 840.0, 840.0, 840.0, 840.0], "core_freq": 840.0, "mem_freqs": [6501.0, 6501.0, 6501.0, 6501.0, 6501.0, 6501.0, 6501.0], "mem_freq": 6501.0, "temperatures": [61.58974358974359, 62.0, 62.0, 62.69, 63.0, 63.0, 63.0], "temperature": 62.4685347985348, "time": 20.098048, "times": [20.042752, 20.018176, 20.207615999999998, 20.086783999999998, 20.146176, 20.022271999999997, 20.16256], "compile_time": 77.36492156982422, "verification_time": 0, "benchmark_time": 144.03612352907658, "GFLOP/s": 6840.092525602486, "strategy_time": 0.06125494837760925, "framework_time": 2.164078876376152, "timestamp": "2024-07-11 09:18:55.092118+00:00"}, "total_framework_time": 1447.4115986377, "total_strategy_time": 683.3619400858879, "total_compile_time": 13543.753677979112, "total_verification_time": 0, "total_benchmark_time": 22302.69832164049, "overhead_time": 2513.020731508732, "execution_time": 40.50179719924927}