{"platform_name": "NVIDIA CUDA", "platform_version": "OpenCL 3.0 CUDA 12.3.68", "device_name": "NVIDIA RTX A4000", "device_version": "OpenCL 3.0 CUDA", "opencl_c_version": "OpenCL C 1.2 ", "driver_version": "545.23.06", "iterations": 7, "compiler_options": ["-I/home/fjwillem/Code/kernel_tuner_paper/kernels/gemm_cltune_opencl/"], "best_config": {"nvml_gr_clock": 840, "nvml_mem_clock": 6501, "GEMMK": 0, "MWG": 64, "NWG": 64, "KWG": 16, "MDIMC": 8, "NDIMC": 8, "MDIMA": 16, "NDIMB": 16, "KWI": 2, "VWM": 4, "VWN": 1, "STRM": 1, "STRN": 0, "SA": 1, "SB": 1, "KREG": 1, "PRECISION": 32, "core_freqs": [840.0, 840.0, 840.0, 840.0, 840.0, 840.0, 840.0], "core_freq": 840.0, "mem_freqs": [6501.0, 6501.0, 6501.0, 6501.0, 6501.0, 6501.0, 6501.0], "mem_freq": 6501.0, "temperatures": [60.0, 60.43629343629344, 61.0, 62.0, 62.0, 62.0, 62.0], "temperature": 61.3480419194705, "time": 20.463465142857142, "times": [20.453376, 20.473855999999998, 20.457472, 20.461568, 20.468704, 20.459519999999998, 20.46976], "compile_time": 215.14652902260423, "verification_time": 0, "benchmark_time": 147.4120239727199, "GFLOP/s": 6717.948643804607, "strategy_time": 0.010438961908221245, "framework_time": 1.6228270251303911, "timestamp": "2024-03-15 16:22:37.084631+00:00"}, "total_framework_time": 314.1665782313794, "total_strategy_time": 343.93532760441303, "total_compile_time": 37733.41931006871, "total_verification_time": 0, "total_benchmark_time": 80876.13652693108, "overhead_time": 2845.2898662071675, "execution_time": 122.12419414520264}