{"device_name": "NVIDIA RTX A4000", "simulation": true, "simulated_time": 43259.80782369152, "best_config": {"nvml_gr_clock": 840, "nvml_mem_clock": 6501, "GEMMK": 0, "MWG": 128, "NWG": 64, "KWG": 32, "MDIMC": 16, "NDIMC": 8, "MDIMA": 32, "NDIMB": 32, "KWI": 2, "VWM": 4, "VWN": 2, "STRM": 1, "STRN": 0, "SA": 0, "SB": 0, "KREG": 1, "PRECISION": 32, "core_freqs": [840.0, 840.0, 840.0, 840.0, 840.0, 840.0, 840.0], "core_freq": 840.0, "mem_freqs": [6501.0, 6501.0, 6501.0, 6501.0, 6501.0, 6501.0, 6501.0], "mem_freq": 6501.0, "temperatures": [59.0, 59.0, 59.28213166144201, 60.0, 60.0, 60.0, 60.39375], "temperature": 59.66798309449172, "time": 23.080813714285714, "times": [23.078912, 23.036928, 23.174144, 23.047168, 23.001088, 23.124992, 23.102463999999998], "compile_time": 187.34762188978493, "verification_time": 0, "benchmark_time": 165.0388678535819, "GFLOP/s": 5956.137838368858, "strategy_time": 0.015167519450187683, "framework_time": 0.10526739060878754, "timestamp": "2024-03-15 22:10:15.509371+00:00"}, "total_framework_time": 12.585312128067017, "total_strategy_time": 5024.846464395523, "total_compile_time": 20256.236598128453, "total_verification_time": 0, "total_benchmark_time": 23003.571225563064, "overhead_time": 250.74311718344688, "execution_time": 5.3526904582977295}