{"device_name": "NVIDIA RTX A4000", "simulation": true, "simulated_time": 60016.039641341195, "best_config": {"nvml_gr_clock": 840, "nvml_mem_clock": 6501, "GEMMK": 0, "MWG": 32, "NWG": 128, "KWG": 16, "MDIMC": 8, "NDIMC": 8, "MDIMA": 8, "NDIMB": 32, "KWI": 2, "VWM": 4, "VWN": 4, "STRM": 0, "STRN": 1, "SA": 0, "SB": 1, "KREG": 1, "PRECISION": 32, "core_freqs": [840.0, 840.0, 840.0, 840.0, 840.0, 840.0, 840.0], "core_freq": 840.0, "mem_freqs": [6501.0, 6501.0, 6501.0, 6501.0, 6501.0, 6501.0, 6501.0], "mem_freq": 6501.0, "temperatures": [58.0, 58.42545454545454, 59.0, 59.98566308243728, 60.0, 60.03202846975089, 61.0], "temperature": 59.49187801394896, "time": 20.462445714285714, "times": [20.450304, 20.462592, 20.483072, 20.458496, 20.462592, 20.461568, 20.458496], "compile_time": 325.6578571163118, "verification_time": 0, "benchmark_time": 146.65873115882277, "GFLOP/s": 6718.283328567343, "strategy_time": 0.014517456293106079, "framework_time": 0.11304020881652832, "timestamp": "2024-03-15 09:31:06.909128+00:00"}, "total_framework_time": 13.078128919005394, "total_strategy_time": 5209.867492318153, "total_compile_time": 37264.582086587325, "total_verification_time": 0, "total_benchmark_time": 22751.45755475387, "overhead_time": 294.3767476826906, "execution_time": 5.5821311473846436}