{"platform_name": "NVIDIA CUDA", "platform_version": "OpenCL 3.0 CUDA 12.3.68", "device_name": "NVIDIA RTX A4000", "device_version": "OpenCL 3.0 CUDA", "opencl_c_version": "OpenCL C 1.2 ", "driver_version": "545.23.06", "iterations": 7, "compiler_options": ["-I/home/fjwillem/Code/kernel_tuner_paper/kernels/gemm_cltune_opencl/"], "best_config": {"nvml_gr_clock": 840, "nvml_mem_clock": 6501, "GEMMK": 0, "MWG": 64, "NWG": 64, "KWG": 32, "MDIMC": 16, "NDIMC": 8, "MDIMA": 16, "NDIMB": 8, "KWI": 2, "VWM": 2, "VWN": 8, "STRM": 1, "STRN": 0, "SA": 0, "SB": 1, "KREG": 1, "PRECISION": 32, "core_freqs": [840.0, 840.0, 840.0, 840.0, 840.0, 840.0, 840.0], "core_freq": 840.0, "mem_freqs": [6501.0, 6501.0, 6501.0, 6501.0, 6501.0, 6501.0, 6501.0], "mem_freq": 6501.0, "temperatures": [57.705627705627705, 58.28870292887029, 59.0, 59.0, 59.63414634146341, 60.0, 60.0], "temperature": 59.089782425137344, "time": 21.211136, "times": [21.216255999999998, 21.210112, 21.209087999999998, 21.211136, 21.21216, 21.208064, 21.211136], "compile_time": 271.73083648085594, "verification_time": 0, "benchmark_time": 151.57467126846313, "GFLOP/s": 6481.14782272859, "strategy_time": 0.014696270227432251, "framework_time": 1.9180327653884888, "timestamp": "2024-07-11 08:27:46.889820+00:00"}, "total_framework_time": 192.59194284677505, "total_strategy_time": 721.463467925787, "total_compile_time": 26493.116142228246, "total_verification_time": 0, "total_benchmark_time": 22073.23819026351, "overhead_time": 2708.2121558487415, "execution_time": 52.20027256011963}