{"device_name": "NVIDIA RTX A4000", "simulation": true, "simulated_time": 67108.94648754038, "best_config": {"nvml_gr_clock": 840, "nvml_mem_clock": 6501, "GEMMK": 0, "MWG": 64, "NWG": 64, "KWG": 32, "MDIMC": 8, "NDIMC": 8, "MDIMA": 8, "NDIMB": 32, "KWI": 2, "VWM": 2, "VWN": 2, "STRM": 0, "STRN": 0, "SA": 0, "SB": 1, "KREG": 1, "PRECISION": 32, "core_freqs": [840.0, 840.0, 840.0, 840.0, 840.0, 840.0, 840.0], "core_freq": 840.0, "mem_freqs": [6501.0, 6501.0, 6501.0, 6501.0, 6501.0, 6501.0, 6501.0], "mem_freq": 6501.0, "temperatures": [59.723404255319146, 60.0, 60.205298013245034, 61.0, 61.0, 61.0, 61.0], "temperature": 60.56124318122345, "time": 23.770550857142855, "times": [23.777279999999998, 23.788543999999998, 23.780352, 23.75168, 23.750656, 23.757824, 23.78752], "compile_time": 250.3493851982057, "verification_time": 0, "benchmark_time": 171.20940098538995, "GFLOP/s": 5783.311826898224, "strategy_time": 0.005031004548072815, "framework_time": 0.10746903717517853, "timestamp": "2024-03-15 13:37:05.378324+00:00"}, "total_framework_time": 12.459579855203629, "total_strategy_time": 5242.541406303644, "total_compile_time": 35373.903105268255, "total_verification_time": 0, "total_benchmark_time": 31735.043382272124, "overhead_time": 252.9551237821579, "execution_time": 5.577754497528076}