{"platform_name": "NVIDIA CUDA", "platform_version": "OpenCL 3.0 CUDA 12.3.68", "device_name": "NVIDIA RTX A4000", "device_version": "OpenCL 3.0 CUDA", "opencl_c_version": "OpenCL C 1.2 ", "driver_version": "545.23.06", "iterations": 7, "compiler_options": ["-I/home/fjwillem/Code/kernel_tuner_paper/kernels/gemm_cltune_opencl/"], "best_config": {"nvml_gr_clock": 840, "nvml_mem_clock": 6501, "GEMMK": 0, "MWG": 128, "NWG": 64, "KWG": 32, "MDIMC": 16, "NDIMC": 8, "MDIMA": 32, "NDIMB": 32, "KWI": 2, "VWM": 4, "VWN": 2, "STRM": 1, "STRN": 0, "SA": 1, "SB": 0, "KREG": 1, "PRECISION": 32, "core_freqs": [840.0, 840.0, 840.0, 840.0, 840.0, 840.0, 840.0], "core_freq": 840.0, "mem_freqs": [6501.0, 6501.0, 6501.0, 6501.0, 6501.0, 6501.0, 6501.0], "mem_freq": 6501.0, "temperatures": [58.0, 58.35885167464115, 59.0, 59.94491525423729, 60.0, 60.0, 60.0], "temperature": 59.329109561268346, "time": 21.66973257142857, "times": [21.687296, 21.791743999999998, 21.594112, 21.649407999999998, 21.625856, 21.701632, 21.63808], "compile_time": 221.84628620743752, "verification_time": 0, "benchmark_time": 154.673982411623, "GFLOP/s": 6343.987285069535, "strategy_time": 0.017993152141571045, "framework_time": 2.0348746329545975, "timestamp": "2024-07-09 10:07:54.931801+00:00"}, "total_framework_time": 221.14489041268826, "total_strategy_time": 746.4706357568502, "total_compile_time": 23709.34297516942, "total_verification_time": 0, "total_benchmark_time": 22690.182549878955, "overhead_time": 2804.1685353964567, "execution_time": 50.18408942222595}