{"device_name": "NVIDIA RTX A4000", "simulation": true, "simulated_time": 54466.001795604825, "best_config": {"nvml_gr_clock": 840, "nvml_mem_clock": 6501, "GEMMK": 0, "MWG": 64, "NWG": 64, "KWG": 16, "MDIMC": 8, "NDIMC": 8, "MDIMA": 16, "NDIMB": 32, "KWI": 2, "VWM": 4, "VWN": 1, "STRM": 1, "STRN": 0, "SA": 1, "SB": 1, "KREG": 1, "PRECISION": 32, "core_freqs": [840.0, 840.0, 840.0, 840.0, 840.0, 840.0, 840.0], "core_freq": 840.0, "mem_freqs": [6501.0, 6501.0, 6501.0, 6501.0, 6501.0, 6501.0, 6501.0], "mem_freq": 6501.0, "temperatures": [60.0, 60.01509433962264, 61.0, 61.46816479400749, 62.0, 62.0, 62.0], "temperature": 61.21189416194716, "time": 19.371739428571427, "times": [19.385344, 19.366912, 19.38432, 19.366912, 19.362816, 19.359744, 19.376127999999998], "compile_time": 332.6681898906827, "verification_time": 0, "benchmark_time": 138.86753213591874, "GFLOP/s": 7096.549507642119, "strategy_time": 0.013414770364761353, "framework_time": 0.10245293378829956, "timestamp": "2024-03-15 13:01:59.633608+00:00"}, "total_framework_time": 12.692112475633621, "total_strategy_time": 4968.362854793668, "total_compile_time": 30264.494178816676, "total_verification_time": 0, "total_benchmark_time": 24201.50761678815, "overhead_time": 251.94289535284042, "execution_time": 5.297084093093872}