{"platform_name": "NVIDIA CUDA", "platform_version": "OpenCL 3.0 CUDA 12.3.68", "device_name": "NVIDIA RTX A4000", "device_version": "OpenCL 3.0 CUDA", "opencl_c_version": "OpenCL C 1.2 ", "driver_version": "545.23.06", "iterations": 32, "compiler_options": ["-I/home/fjwillem/Code/kernel_tuner_paper/kernels/gemm_cltune_opencl/"], "best_config": {"nvml_gr_clock": 840, "nvml_mem_clock": 6501, "GEMMK": 0, "MWG": 128, "NWG": 128, "KWG": 16, "MDIMC": 8, "NDIMC": 16, "MDIMA": 16, "NDIMB": 16, "KWI": 2, "VWM": 4, "VWN": 2, "STRM": 1, "STRN": 0, "SA": 1, "SB": 1, "KREG": 1, "PRECISION": 32, "core_freqs": [840.0, 840.0, 840.0, 840.0, 840.0, 840.0, 840.0, 840.0, 840.0, 840.0, 840.0, 840.0, 840.0, 840.0, 840.0, 840.0, 840.0, 840.0, 840.0, 840.0, 840.0, 840.0, 840.0, 840.0, 840.0, 840.0, 840.0, 840.0, 840.0, 840.0, 840.0, 840.0], "core_freq": 840.0, "mem_freqs": [6501.0, 6501.0, 6501.0, 6501.0, 6501.0, 6501.0, 6501.0, 6501.0, 6501.0, 6501.0, 6501.0, 6501.0, 6501.0, 6501.0, 6501.0, 6501.0, 6501.0, 6501.0, 6501.0, 6501.0, 6501.0, 6501.0, 6501.0, 6501.0, 6501.0, 6501.0, 6501.0, 6501.0, 6501.0, 6501.0, 6501.0, 6501.0], "mem_freq": 6501.0, "temperatures": [64.0, 64.0, 65.0, 65.0, 65.0, 65.0, 65.0, 65.0, 65.0, 65.0, 65.0, 65.0, 65.0, 65.0, 65.0, 65.1, 66.0, 66.0, 65.42546583850931, 65.28155339805825, 65.81504702194357, 65.0, 65.92546583850931, 66.0, 66.0, 66.0, 66.0, 66.0, 66.0, 66.0, 66.0, 66.0], "temperature": 65.36086037803187, "time": 23.255326999999998, "times": [23.170047999999998, 23.266303999999998, 23.211008, 23.289856, 23.155711999999998, 23.179264, 23.355392, 23.174144, 23.691232, 23.13216, 23.440383999999998, 23.196672, 23.204864, 23.164928, 23.164928, 23.60832, 23.322623999999998, 23.244799999999998, 23.222272, 23.242752, 23.212032, 23.166976, 23.296, 23.251967999999998, 23.264256, 23.11168, 23.240703999999997, 23.155711999999998, 23.432192, 23.182336, 23.23456, 23.184383999999998], "pwr_core_freqs": [840.0], "pwr_core_freq": 840.0, "pwr_mem_freqs": [6501.0], "pwr_mem_freq": 6501.0, "pwr_temperatures": [66.0], "pwr_temperature": 66.0, "nvml_energy": 2.0102951148515, "compile_time": 314.3412200734019, "verification_time": 0, "benchmark_time": 1788.3948681410402, "GFLOP/s": 5911.441619548072, "strategy_time": 0.006492016837000847, "framework_time": 1.572915818542242, "timestamp": "2024-03-14 10:20:12.430155+00:00"}, "total_framework_time": 67.2205863520503, "total_strategy_time": 342.3165217973292, "total_compile_time": 10246.900530066341, "total_verification_time": 0, "total_benchmark_time": 107106.9991842378, "overhead_time": 4530.828047543764, "execution_time": 122.30519080162048}