{"device_name": "NVIDIA RTX A4000", "simulation": true, "simulated_time": 120294.80244382285, "best_config": {"nvml_gr_clock": 840, "nvml_mem_clock": 6501, "GEMMK": 0, "MWG": 128, "NWG": 64, "KWG": 16, "MDIMC": 16, "NDIMC": 8, "MDIMA": 32, "NDIMB": 16, "KWI": 2, "VWM": 4, "VWN": 2, "STRM": 1, "STRN": 0, "SA": 1, "SB": 1, "KREG": 1, "PRECISION": 32, "core_freqs": [840.0, 840.0, 840.0, 840.0, 840.0, 840.0, 840.0], "core_freq": 840.0, "mem_freqs": [6501.0, 6501.0, 6501.0, 6501.0, 6501.0, 6501.0, 6501.0], "mem_freq": 6501.0, "temperatures": [59.0, 59.38257575757576, 60.0, 60.88259109311741, 61.0, 61.0, 61.0], "temperature": 60.323595264384736, "time": 19.646463999999998, "times": [19.653631999999998, 19.64032, 19.652608, 19.65056, 19.652608, 19.635199999999998, 19.64032], "compile_time": 308.5012179799378, "verification_time": 0, "benchmark_time": 140.8937368541956, "GFLOP/s": 6997.315542583134, "strategy_time": 0.0016631092876195908, "framework_time": 0.03916281275451183, "timestamp": "2024-03-15 20:56:45.527360+00:00"}, "total_framework_time": 8.391884621232748, "total_strategy_time": 4042.0071510598063, "total_compile_time": 43699.44925582968, "total_verification_time": 0, "total_benchmark_time": 76595.35318799317, "overhead_time": 241.2236703094095, "execution_time": 4.355771541595459}