{"platform_name": "NVIDIA CUDA", "platform_version": "OpenCL 3.0 CUDA 12.3.68", "device_name": "NVIDIA RTX A4000", "device_version": "OpenCL 3.0 CUDA", "opencl_c_version": "OpenCL C 1.2 ", "driver_version": "545.23.06", "iterations": 7, "compiler_options": ["-I/home/fjwillem/Code/kernel_tuner_paper/kernels/gemm_cltune_opencl/"], "best_config": {"nvml_gr_clock": 840, "nvml_mem_clock": 6501, "GEMMK": 0, "MWG": 128, "NWG": 64, "KWG": 32, "MDIMC": 16, "NDIMC": 8, "MDIMA": 16, "NDIMB": 16, "KWI": 2, "VWM": 4, "VWN": 2, "STRM": 1, "STRN": 0, "SA": 0, "SB": 0, "KREG": 1, "PRECISION": 32, "core_freqs": [840.0, 840.0, 840.0, 840.0, 840.0, 840.0, 840.0], "core_freq": 840.0, "mem_freqs": [6501.0, 6501.0, 6501.0, 6501.0, 6501.0, 6501.0, 6501.0], "mem_freq": 6501.0, "temperatures": [62.0, 62.0, 62.0, 62.880829015544045, 63.0, 63.0, 63.0], "temperature": 62.55440414507772, "time": 23.04657371428571, "times": [23.082943999999998, 22.844416, 23.048192, 23.195648, 23.10144, 23.05024, 23.003135999999998], "compile_time": 74.01303201913834, "verification_time": 0, "benchmark_time": 164.77165557444096, "GFLOP/s": 5964.986796227585, "strategy_time": 0.07467903196811676, "framework_time": 2.181045711040497, "timestamp": "2024-07-09 09:41:33.459386+00:00"}, "total_framework_time": 225.02127848565578, "total_strategy_time": 703.0180785804987, "total_compile_time": 20466.475285589695, "total_verification_time": 0, "total_benchmark_time": 22523.735728114843, "overhead_time": 2608.956314623356, "execution_time": 46.53999614715576}