{"platform_name": "NVIDIA CUDA", "platform_version": "OpenCL 3.0 CUDA 12.3.68", "device_name": "NVIDIA RTX A4000", "device_version": "OpenCL 3.0 CUDA", "opencl_c_version": "OpenCL C 1.2 ", "driver_version": "545.23.06", "iterations": 7, "compiler_options": ["-I/home/fjwillem/Code/kernel_tuner_paper/kernels/gemm_cltune_opencl/"], "best_config": {"nvml_gr_clock": 840, "nvml_mem_clock": 6501, "GEMMK": 0, "MWG": 64, "NWG": 128, "KWG": 32, "MDIMC": 8, "NDIMC": 16, "MDIMA": 16, "NDIMB": 32, "KWI": 2, "VWM": 4, "VWN": 2, "STRM": 1, "STRN": 0, "SA": 1, "SB": 0, "KREG": 1, "PRECISION": 32, "core_freqs": [840.0, 840.0, 840.0, 840.0, 840.0, 840.0, 840.0], "core_freq": 840.0, "mem_freqs": [6501.0, 6501.0, 6501.0, 6501.0, 6501.0, 6501.0, 6501.0], "mem_freq": 6501.0, "temperatures": [57.0, 57.6078431372549, 58.0, 58.0, 58.0, 58.23152709359606, 59.0], "temperature": 57.97705289012157, "time": 20.147785142857142, "times": [20.164607999999998, 20.062208, 20.17792, 20.094976, 20.068352, 20.324351999999998, 20.14208], "compile_time": 77.85777561366558, "verification_time": 0, "benchmark_time": 144.4855034351349, "GFLOP/s": 6823.206964401107, "strategy_time": 0.08410587906837463, "framework_time": 2.0941179245710373, "timestamp": "2024-07-11 07:54:44.005636+00:00"}, "total_framework_time": 219.78529542684555, "total_strategy_time": 737.1567524969578, "total_compile_time": 23739.89077284932, "total_verification_time": 0, "total_benchmark_time": 20671.066442504525, "overhead_time": 2654.787065461278, "execution_time": 48.03659987449646}