{"platform_name": "NVIDIA CUDA", "platform_version": "OpenCL 3.0 CUDA 12.3.68", "device_name": "NVIDIA RTX A4000", "device_version": "OpenCL 3.0 CUDA", "opencl_c_version": "OpenCL C 1.2 ", "driver_version": "545.23.06", "iterations": 7, "compiler_options": ["-I/home/fjwillem/Code/kernel_tuner_paper/kernels/gemm_cltune_opencl/"], "best_config": {"nvml_gr_clock": 840, "nvml_mem_clock": 6501, "GEMMK": 0, "MWG": 128, "NWG": 128, "KWG": 32, "MDIMC": 8, "NDIMC": 16, "MDIMA": 32, "NDIMB": 32, "KWI": 2, "VWM": 4, "VWN": 1, "STRM": 1, "STRN": 1, "SA": 1, "SB": 1, "KREG": 1, "PRECISION": 32, "core_freqs": [840.0, 840.0, 840.0, 840.0, 840.0, 840.0, 840.0], "core_freq": 840.0, "mem_freqs": [6501.0, 6501.0, 6501.0, 6501.0, 6501.0, 6501.0, 6501.0], "mem_freq": 6501.0, "temperatures": [57.13551401869159, 58.0, 58.0, 58.0, 58.0, 58.74761904761905, 59.0], "temperature": 58.1261618666158, "time": 20.184498285714284, "times": [20.191232, 20.177888, 20.184064, 20.182016, 20.187136, 20.185088, 20.184064], "compile_time": 271.9312272965908, "verification_time": 0, "benchmark_time": 143.44430901110172, "GFLOP/s": 6810.79638235532, "strategy_time": 0.057017430663108826, "framework_time": 1.6797911375761032, "timestamp": "2024-07-09 09:32:35.853782+00:00"}, "total_framework_time": 198.16819578409195, "total_strategy_time": 692.7170474082232, "total_compile_time": 32079.023756086826, "total_verification_time": 0, "total_benchmark_time": 30156.146744266152, "overhead_time": 2688.8292096555233, "execution_time": 65.82927441596985}