{"device_name": "NVIDIA RTX A4000", "simulation": true, "simulated_time": 122120.59504445642, "best_config": {"nvml_gr_clock": 840, "nvml_mem_clock": 6501, "GEMMK": 0, "MWG": 128, "NWG": 128, "KWG": 32, "MDIMC": 16, "NDIMC": 8, "MDIMA": 8, "NDIMB": 32, "KWI": 2, "VWM": 4, "VWN": 4, "STRM": 0, "STRN": 0, "SA": 0, "SB": 1, "KREG": 1, "PRECISION": 32, "core_freqs": [840.0, 840.0, 840.0, 840.0, 840.0, 840.0, 840.0, 840.0, 840.0, 840.0, 840.0, 840.0, 840.0, 840.0, 840.0, 840.0, 840.0, 840.0, 840.0, 840.0, 840.0, 840.0, 840.0, 840.0, 840.0, 840.0, 840.0, 840.0, 840.0, 840.0, 840.0, 840.0], "core_freq": 840.0, "mem_freqs": [6501.0, 6501.0, 6501.0, 6501.0, 6501.0, 6501.0, 6501.0, 6501.0, 6501.0, 6501.0, 6501.0, 6501.0, 6501.0, 6501.0, 6501.0, 6501.0, 6501.0, 6501.0, 6501.0, 6501.0, 6501.0, 6501.0, 6501.0, 6501.0, 6501.0, 6501.0, 6501.0, 6501.0, 6501.0, 6501.0, 6501.0, 6501.0], "mem_freq": 6501.0, "temperatures": [51.0, 51.28082191780822, 52.0, 52.0, 52.0, 52.0, 52.0, 52.98859315589353, 53.0, 53.0, 53.0, 53.0, 53.0, 53.0, 53.0, 53.0, 53.0, 53.0, 53.0, 53.0, 53.0, 53.0, 53.0, 53.0, 53.0, 53.0, 53.0, 53.0, 53.0, 53.0, 53.0, 53.0], "temperature": 52.72716922105318, "time": 22.138713000000003, "times": [22.126592, 22.150143999999997, 22.162432, 22.145024, 22.126592, 22.148032, 22.128608, 22.10304, 22.237184, 22.232063999999998, 22.173696, 22.074368, 21.943296, 22.074368, 22.150143999999997, 22.275071999999998, 22.055936, 22.0672, 22.139903999999998, 22.145984, 22.079487999999998, 22.355968, 22.144, 22.180864, 22.079487999999998, 22.179776, 22.139903999999998, 22.086655999999998, 22.125567999999998, 22.04672, 22.250496, 22.110208], "pwr_core_freqs": [840.0], "pwr_core_freq": 840.0, "pwr_mem_freqs": [6501.0], "pwr_mem_freq": 6501.0, "pwr_temperatures": [53.858625059401234], "pwr_temperature": 53.858625059401234, "nvml_energy": 1.7877010747500004, "compile_time": 326.6471400856972, "verification_time": 0, "benchmark_time": 2525.02054721117, "GFLOP/s": 6209.597997137411, "strategy_time": 0.001993030309677124, "framework_time": 0.045304885134100914, "timestamp": "2024-02-15 09:22:54.503735+00:00"}, "total_framework_time": 1.6367747448384762, "total_strategy_time": 7644.281655550003, "total_compile_time": 9344.114907085896, "total_verification_time": 0, "total_benchmark_time": 112776.48013737053, "overhead_time": 499.15361357852817, "execution_time": 8.729820489883423}