{"platform_name": "NVIDIA CUDA", "platform_version": "OpenCL 3.0 CUDA 12.3.68", "device_name": "NVIDIA RTX A4000", "device_version": "OpenCL 3.0 CUDA", "opencl_c_version": "OpenCL C 1.2 ", "driver_version": "545.23.06", "iterations": 7, "compiler_options": ["-I/home/fjwillem/Code/kernel_tuner_paper/kernels/gemm_cltune_opencl/"], "best_config": {"nvml_gr_clock": 840, "nvml_mem_clock": 6501, "GEMMK": 0, "MWG": 64, "NWG": 64, "KWG": 32, "MDIMC": 8, "NDIMC": 8, "MDIMA": 8, "NDIMB": 16, "KWI": 2, "VWM": 8, "VWN": 4, "STRM": 0, "STRN": 0, "SA": 0, "SB": 1, "KREG": 1, "PRECISION": 32, "core_freqs": [840.0, 840.0, 840.0, 840.0, 840.0, 840.0, 840.0], "core_freq": 840.0, "mem_freqs": [6501.0, 6501.0, 6501.0, 6501.0, 6501.0, 6501.0, 6501.0], "mem_freq": 6501.0, "temperatures": [57.0, 57.0, 57.901234567901234, 58.0, 58.25925925925926, 59.0, 59.0], "temperature": 58.02292768959436, "time": 22.315008, "times": [22.263807999999997, 22.328319999999998, 22.329344, 22.324223999999997, 22.347776, 22.28736, 22.324223999999997], "compile_time": 196.1471326649189, "verification_time": 0, "benchmark_time": 159.29791145026684, "GFLOP/s": 6160.540381791484, "strategy_time": 0.067954882979393, "framework_time": 1.9338224083185196, "timestamp": "2024-07-08 14:39:54.790643+00:00"}, "total_framework_time": 213.59950490295887, "total_strategy_time": 692.8280647844076, "total_compile_time": 25196.191744878888, "total_verification_time": 0, "total_benchmark_time": 20110.550394281745, "overhead_time": 2512.674931436777, "execution_time": 48.73906898498535}