{"platform_name": "NVIDIA CUDA", "platform_version": "OpenCL 3.0 CUDA 12.3.68", "device_name": "NVIDIA RTX A4000", "device_version": "OpenCL 3.0 CUDA", "opencl_c_version": "OpenCL C 1.2 ", "driver_version": "545.23.06", "iterations": 7, "compiler_options": ["-I/home/fjwillem/Code/kernel_tuner_paper/kernels/gemm_cltune_opencl/"], "best_config": {"nvml_gr_clock": 840, "nvml_mem_clock": 6501, "GEMMK": 0, "MWG": 64, "NWG": 128, "KWG": 32, "MDIMC": 16, "NDIMC": 8, "MDIMA": 16, "NDIMB": 16, "KWI": 2, "VWM": 4, "VWN": 2, "STRM": 0, "STRN": 1, "SA": 0, "SB": 1, "KREG": 1, "PRECISION": 32, "core_freqs": [840.0, 840.0, 840.0, 840.0, 840.0, 840.0, 840.0], "core_freq": 840.0, "mem_freqs": [6501.0, 6501.0, 6501.0, 6501.0, 6501.0, 6501.0, 6501.0], "mem_freq": 6501.0, "temperatures": [56.0, 56.88702928870293, 57.0, 57.0, 57.99574468085106, 58.0, 58.0], "temperature": 57.26896770993629, "time": 19.947661714285715, "times": [19.946496, 19.94752, 19.95056, 19.94752, 19.950592, 19.943424, 19.94752], "compile_time": 279.2341597378254, "verification_time": 0, "benchmark_time": 142.11750961840153, "GFLOP/s": 6891.660279437549, "strategy_time": 0.055244192481040955, "framework_time": 1.758405938744545, "timestamp": "2024-07-11 07:55:31.410134+00:00"}, "total_framework_time": 210.91813780367374, "total_strategy_time": 756.9933794438839, "total_compile_time": 29314.8631490767, "total_verification_time": 0, "total_benchmark_time": 22210.26082150638, "overhead_time": 2519.000943750143, "execution_time": 55.02414798736572}