{"device_name": "NVIDIA RTX A4000", "simulation": true, "simulated_time": 44277.92121982202, "best_config": {"nvml_gr_clock": 840, "nvml_mem_clock": 6501, "GEMMK": 0, "MWG": 128, "NWG": 64, "KWG": 32, "MDIMC": 16, "NDIMC": 8, "MDIMA": 8, "NDIMB": 8, "KWI": 2, "VWM": 4, "VWN": 2, "STRM": 1, "STRN": 0, "SA": 1, "SB": 0, "KREG": 1, "PRECISION": 32, "core_freqs": [840.0, 840.0, 840.0, 840.0, 840.0, 840.0, 840.0], "core_freq": 840.0, "mem_freqs": [6501.0, 6501.0, 6501.0, 6501.0, 6501.0, 6501.0, 6501.0], "mem_freq": 6501.0, "temperatures": [58.0, 58.186602870813395, 59.0, 59.75272727272727, 60.0, 60.0, 60.0], "temperature": 59.27704716336296, "time": 21.767602285714283, "times": [21.7856, 21.828608, 21.648352, 22.008831999999998, 21.742592, 21.706751999999998, 21.65248], "compile_time": 268.57234886847436, "verification_time": 0, "benchmark_time": 156.7939759697765, "GFLOP/s": 6315.463967945653, "strategy_time": 0.014115124940872192, "framework_time": 0.10329298675060272, "timestamp": "2024-03-15 21:57:27.389569+00:00"}, "total_framework_time": 12.42922805249691, "total_strategy_time": 5185.545351356268, "total_compile_time": 23010.61999727972, "total_verification_time": 0, "total_benchmark_time": 21267.3012225423, "overhead_time": 282.4544105678797, "execution_time": 5.549421072006226}