{"device_name": "NVIDIA RTX A4000", "simulation": true, "simulated_time": 120418.13560645096, "best_config": {"nvml_gr_clock": 840, "nvml_mem_clock": 6501, "GEMMK": 0, "MWG": 128, "NWG": 128, "KWG": 16, "MDIMC": 16, "NDIMC": 8, "MDIMA": 32, "NDIMB": 16, "KWI": 2, "VWM": 4, "VWN": 4, "STRM": 0, "STRN": 0, "SA": 1, "SB": 1, "KREG": 1, "PRECISION": 32, "core_freqs": [840.0, 840.0, 840.0, 840.0, 840.0, 840.0, 840.0], "core_freq": 840.0, "mem_freqs": [6501.0, 6501.0, 6501.0, 6501.0, 6501.0, 6501.0, 6501.0], "mem_freq": 6501.0, "temperatures": [53.0, 53.06324110671937, 54.0, 54.0, 54.21611721611722, 55.0, 55.0], "temperature": 54.03990833183379, "time": 19.938143999999998, "times": [19.944447999999998, 19.937279999999998, 19.929056, 19.936256, 19.941312, 19.93216, 19.946496], "compile_time": 325.76595805585384, "verification_time": 0, "benchmark_time": 142.9198649711907, "GFLOP/s": 6894.950096859568, "strategy_time": 0.0016728881746530533, "framework_time": 0.04085712134838104, "timestamp": "2024-03-15 23:33:23.883207+00:00"}, "total_framework_time": 8.0828289501369, "total_strategy_time": 4029.0669528767467, "total_compile_time": 46695.02554857172, "total_verification_time": 0, "total_benchmark_time": 73723.11005787924, "overhead_time": 244.3925542756915, "execution_time": 4.345379590988159}