{"device_name": "NVIDIA RTX A4000", "simulation": true, "simulated_time": 49644.23413807526, "best_config": {"nvml_gr_clock": 840, "nvml_mem_clock": 6501, "GEMMK": 0, "MWG": 64, "NWG": 128, "KWG": 16, "MDIMC": 8, "NDIMC": 16, "MDIMA": 32, "NDIMB": 32, "KWI": 2, "VWM": 2, "VWN": 4, "STRM": 1, "STRN": 1, "SA": 1, "SB": 1, "KREG": 1, "PRECISION": 32, "core_freqs": [840.0, 840.0, 840.0, 840.0, 840.0, 840.0, 840.0], "core_freq": 840.0, "mem_freqs": [6501.0, 6501.0, 6501.0, 6501.0, 6501.0, 6501.0, 6501.0], "mem_freq": 6501.0, "temperatures": [59.0, 59.0, 59.89605734767025, 60.0, 60.0, 60.98828125, 61.0], "temperature": 59.98347694252432, "time": 19.955117714285713, "times": [19.973056, 19.959808, 19.951615999999998, 19.946496, 19.95264, 19.95264, 19.949568], "compile_time": 342.57510188035667, "verification_time": 0, "benchmark_time": 144.86947795376182, "GFLOP/s": 6889.085289914602, "strategy_time": 0.014254823327064514, "framework_time": 0.11109933257102966, "timestamp": "2024-03-15 15:14:32.571137+00:00"}, "total_framework_time": 12.14771531522274, "total_strategy_time": 5082.501636818051, "total_compile_time": 30628.95198073238, "total_verification_time": 0, "total_benchmark_time": 19015.28215734288, "overhead_time": 274.2455955594778, "execution_time": 5.441036939620972}