{"platform_name": "NVIDIA CUDA", "platform_version": "OpenCL 3.0 CUDA 12.3.68", "device_name": "NVIDIA RTX A4000", "device_version": "OpenCL 3.0 CUDA", "opencl_c_version": "OpenCL C 1.2 ", "driver_version": "545.23.06", "iterations": 7, "compiler_options": ["-I/home/fjwillem/Code/kernel_tuner_paper/kernels/gemm_cltune_opencl/"], "best_config": {"nvml_gr_clock": 840, "nvml_mem_clock": 6501, "GEMMK": 0, "MWG": 64, "NWG": 64, "KWG": 32, "MDIMC": 16, "NDIMC": 8, "MDIMA": 16, "NDIMB": 32, "KWI": 2, "VWM": 4, "VWN": 2, "STRM": 1, "STRN": 0, "SA": 0, "SB": 1, "KREG": 1, "PRECISION": 32, "core_freqs": [840.0, 840.0, 840.0, 840.0, 840.0, 840.0, 840.0], "core_freq": 840.0, "mem_freqs": [6501.0, 6501.0, 6501.0, 6501.0, 6501.0, 6501.0, 6501.0], "mem_freq": 6501.0, "temperatures": [58.0, 58.833333333333336, 59.0, 59.101851851851855, 60.0, 60.0, 60.26190476190476], "temperature": 59.313869992441425, "time": 21.102006857142857, "times": [21.122048, 21.095423999999998, 21.105663999999997, 21.097472, 21.101568, 21.096448, 21.095423999999998], "compile_time": 325.0020928680897, "verification_time": 0, "benchmark_time": 150.996970012784, "GFLOP/s": 6514.665113828578, "strategy_time": 0.0687185674905777, "framework_time": 2.211185172200203, "timestamp": "2024-07-11 08:09:45.561986+00:00"}, "total_framework_time": 220.9840603172779, "total_strategy_time": 778.033209964633, "total_compile_time": 28833.09306949377, "total_verification_time": 0, "total_benchmark_time": 26307.119224220514, "overhead_time": 3280.915215611458, "execution_time": 59.43406319618225}