{"platform_name": "NVIDIA CUDA", "platform_version": "OpenCL 3.0 CUDA 12.3.68", "device_name": "NVIDIA RTX A4000", "device_version": "OpenCL 3.0 CUDA", "opencl_c_version": "OpenCL C 1.2 ", "driver_version": "545.23.06", "iterations": 7, "compiler_options": ["-I/home/fjwillem/Code/kernel_tuner_paper/kernels/gemm_cltune_opencl/"], "best_config": {"nvml_gr_clock": 840, "nvml_mem_clock": 6501, "GEMMK": 0, "MWG": 128, "NWG": 128, "KWG": 32, "MDIMC": 16, "NDIMC": 8, "MDIMA": 8, "NDIMB": 16, "KWI": 2, "VWM": 8, "VWN": 8, "STRM": 1, "STRN": 1, "SA": 1, "SB": 0, "KREG": 1, "PRECISION": 32, "core_freqs": [840.0, 840.0, 840.0, 840.0, 840.0, 840.0, 840.0], "core_freq": 840.0, "mem_freqs": [6501.0, 6501.0, 6501.0, 6501.0, 6501.0, 6501.0, 6501.0], "mem_freq": 6501.0, "temperatures": [57.16216216216216, 58.0, 58.0, 58.0, 58.22818791946309, 59.0, 59.0], "temperature": 58.19862144023217, "time": 22.460562285714285, "times": [22.397952, 22.71744, 22.455296, 22.2976, 22.437887999999997, 22.411264, 22.506496], "compile_time": 150.90561658143997, "verification_time": 0, "benchmark_time": 160.60488112270832, "GFLOP/s": 6120.617380600369, "strategy_time": 0.07616356015205383, "framework_time": 2.208791673183441, "timestamp": "2024-07-09 09:29:22.545818+00:00"}, "total_framework_time": 204.13166284561157, "total_strategy_time": 7303.954878821969, "total_compile_time": 29008.924391120672, "total_verification_time": 0, "total_benchmark_time": 24320.42128406465, "overhead_time": 2793.905884027481, "execution_time": 63.64327788352966}