{"platform_name": "NVIDIA CUDA", "platform_version": "OpenCL 3.0 CUDA 12.3.68", "device_name": "NVIDIA RTX A4000", "device_version": "OpenCL 3.0 CUDA", "opencl_c_version": "OpenCL C 1.2 ", "driver_version": "545.23.06", "iterations": 7, "compiler_options": ["-I/home/fjwillem/Code/kernel_tuner_paper/kernels/gemm_cltune_opencl/"], "best_config": {"nvml_gr_clock": 840, "nvml_mem_clock": 6501, "GEMMK": 0, "MWG": 64, "NWG": 128, "KWG": 32, "MDIMC": 16, "NDIMC": 8, "MDIMA": 32, "NDIMB": 16, "KWI": 2, "VWM": 2, "VWN": 2, "STRM": 1, "STRN": 1, "SA": 0, "SB": 1, "KREG": 1, "PRECISION": 32, "core_freqs": [840.0, 840.0, 840.0, 840.0, 840.0, 840.0, 840.0], "core_freq": 840.0, "mem_freqs": [6501.0, 6501.0, 6501.0, 6501.0, 6501.0, 6501.0, 6501.0], "mem_freq": 6501.0, "temperatures": [60.0, 60.0, 60.97560975609756, 61.0, 61.13857677902622, 62.0, 62.0], "temperature": 61.01631236216054, "time": 20.763501714285713, "times": [20.768767999999998, 20.758528, 20.765696, 20.759552, 20.764671999999997, 20.762624, 20.764671999999997], "compile_time": 421.58038611523807, "verification_time": 0, "benchmark_time": 149.572096997872, "GFLOP/s": 6620.873000887712, "strategy_time": 0.009326962754130363, "framework_time": 1.6556179616600275, "timestamp": "2024-03-15 16:44:31.277425+00:00"}, "total_framework_time": 311.44693423993886, "total_strategy_time": 374.4141855277121, "total_compile_time": 33448.067302349955, "total_verification_time": 0, "total_benchmark_time": 85132.55605846643, "overhead_time": 2382.04589439556, "execution_time": 121.66036629676819}