{"device_name": "NVIDIA RTX A4000", "simulation": true, "simulated_time": 121323.95012397319, "best_config": {"nvml_gr_clock": 840, "nvml_mem_clock": 6501, "GEMMK": 0, "MWG": 128, "NWG": 128, "KWG": 32, "MDIMC": 16, "NDIMC": 8, "MDIMA": 16, "NDIMB": 32, "KWI": 2, "VWM": 2, "VWN": 2, "STRM": 1, "STRN": 1, "SA": 1, "SB": 1, "KREG": 1, "PRECISION": 32, "core_freqs": [840.0, 840.0, 840.0, 840.0, 840.0, 840.0, 840.0, 840.0, 840.0, 840.0, 840.0, 840.0, 840.0, 840.0, 840.0, 840.0, 840.0, 840.0, 840.0, 840.0, 840.0, 840.0, 840.0, 840.0, 840.0, 840.0, 840.0, 840.0, 840.0, 840.0, 840.0, 840.0], "core_freq": 840.0, "mem_freqs": [6501.0, 6501.0, 6501.0, 6501.0, 6501.0, 6501.0, 6501.0, 6501.0, 6501.0, 6501.0, 6501.0, 6501.0, 6501.0, 6501.0, 6501.0, 6501.0, 6501.0, 6501.0, 6501.0, 6501.0, 6501.0, 6501.0, 6501.0, 6501.0, 6501.0, 6501.0, 6501.0, 6501.0, 6501.0, 6501.0, 6501.0, 6501.0], "mem_freq": 6501.0, "temperatures": [53.0, 53.72452830188679, 54.0, 54.0, 54.71264367816092, 55.0, 55.0, 55.0, 55.0, 55.0, 55.605947955390334, 56.0, 56.0, 56.0, 56.0, 56.0, 56.0, 56.0, 56.0, 56.0, 56.0, 56.0, 56.0, 56.0, 56.0, 56.0, 56.0, 56.0, 56.0, 56.0, 56.0, 56.0], "temperature": 55.50134749798244, "time": 19.247611, "times": [19.253248, 19.255295999999998, 19.236864, 19.247104, 19.262463999999998, 19.248127999999998, 19.262463999999998, 19.253248, 19.267584, 19.249152, 19.255232, 19.237887999999998, 19.231744, 19.252224, 19.23584, 19.248127999999998, 19.232768, 19.244032, 19.228672, 19.230719999999998, 19.245055999999998, 19.252224, 19.250176, 19.252224, 19.24608, 19.259392, 19.21536, 19.255295999999998, 19.244992, 19.260384, 19.250176, 19.259392], "pwr_core_freqs": [840.0], "pwr_core_freq": 840.0, "pwr_mem_freqs": [6501.0], "pwr_mem_freq": 6501.0, "pwr_temperatures": [56.808721662468514], "pwr_temperature": 56.808721662468514, "nvml_energy": 1.8373576984489999, "compile_time": 447.13331013917923, "verification_time": 0, "benchmark_time": 2415.509160608053, "GFLOP/s": 7142.315371190743, "strategy_time": 0.0017329584807157516, "framework_time": 0.04198914393782616, "timestamp": "2024-02-15 09:57:10.668896+00:00"}, "total_framework_time": 1.640726113691926, "total_strategy_time": 7455.305448267609, "total_compile_time": 9008.017633110285, "total_verification_time": 0, "total_benchmark_time": 112315.9324908629, "overhead_time": 509.6609736792743, "execution_time": 8.565312147140503}