{"platform_name": "NVIDIA CUDA", "platform_version": "OpenCL 3.0 CUDA 12.3.68", "device_name": "NVIDIA RTX A4000", "device_version": "OpenCL 3.0 CUDA", "opencl_c_version": "OpenCL C 1.2 ", "driver_version": "545.23.06", "iterations": 7, "compiler_options": ["-I/home/fjwillem/Code/kernel_tuner_paper/kernels/gemm_cltune_opencl/"], "best_config": {"nvml_gr_clock": 840, "nvml_mem_clock": 6501, "GEMMK": 0, "MWG": 32, "NWG": 64, "KWG": 32, "MDIMC": 8, "NDIMC": 8, "MDIMA": 8, "NDIMB": 16, "KWI": 2, "VWM": 2, "VWN": 4, "STRM": 0, "STRN": 1, "SA": 0, "SB": 1, "KREG": 1, "PRECISION": 32, "core_freqs": [840.0, 840.0, 840.0, 840.0, 840.0, 840.0, 840.0], "core_freq": 840.0, "mem_freqs": [6501.0, 6501.0, 6501.0, 6501.0, 6501.0, 6501.0, 6501.0], "mem_freq": 6501.0, "temperatures": [60.0, 60.96326530612245, 61.584362139917694, 62.0, 62.0, 62.0, 62.57676348547718], "temperature": 61.589198704502465, "time": 21.862107428571427, "times": [21.878784, 21.859327999999998, 21.856256, 21.861376, 21.865472, 21.863424, 21.850112], "compile_time": 153.90273742377758, "verification_time": 0, "benchmark_time": 155.68774938583374, "GFLOP/s": 6288.163588672984, "strategy_time": 0.02487562596797943, "framework_time": 0.8542500436306, "timestamp": "2024-07-11 08:05:32.813276+00:00"}, "total_framework_time": 722.1847493201494, "total_strategy_time": 667.1877019107342, "total_compile_time": 25966.53631143272, "total_verification_time": 0, "total_benchmark_time": 22195.94395160675, "overhead_time": 2640.4406633228064, "execution_time": 52.20307445526123}