{"platform_name": "NVIDIA CUDA", "platform_version": "OpenCL 3.0 CUDA 12.3.68", "device_name": "NVIDIA RTX A4000", "device_version": "OpenCL 3.0 CUDA", "opencl_c_version": "OpenCL C 1.2 ", "driver_version": "545.23.06", "iterations": 7, "compiler_options": ["-I/home/fjwillem/Code/kernel_tuner_paper/kernels/gemm_cltune_opencl/"], "best_config": {"nvml_gr_clock": 840, "nvml_mem_clock": 6501, "GEMMK": 0, "MWG": 64, "NWG": 64, "KWG": 16, "MDIMC": 8, "NDIMC": 8, "MDIMA": 16, "NDIMB": 16, "KWI": 2, "VWM": 4, "VWN": 1, "STRM": 1, "STRN": 0, "SA": 1, "SB": 1, "KREG": 1, "PRECISION": 32, "core_freqs": [840.0, 840.0, 840.0, 840.0, 840.0, 840.0, 840.0], "core_freq": 840.0, "mem_freqs": [6501.0, 6501.0, 6501.0, 6501.0, 6501.0, 6501.0, 6501.0], "mem_freq": 6501.0, "temperatures": [60.0, 60.18846153846154, 61.0, 61.0, 61.30888030888031, 62.0, 62.0], "temperature": 61.071048835334544, "time": 20.46186057142857, "times": [20.462592, 20.465664, 20.472832, 20.461568, 20.4544, 20.459519999999998, 20.456447999999998], "compile_time": 215.48084495589137, "verification_time": 0, "benchmark_time": 147.46811892837286, "GFLOP/s": 6718.475449684006, "strategy_time": 0.007634982466697693, "framework_time": 1.5009492635726929, "timestamp": "2024-03-15 16:12:22.249713+00:00"}, "total_framework_time": 334.27415625192225, "total_strategy_time": 345.7368954550475, "total_compile_time": 45163.77213830128, "total_verification_time": 0, "total_benchmark_time": 73665.93654942699, "overhead_time": 2993.8188686501235, "execution_time": 122.51777815818787}