{"device_name": "NVIDIA RTX A4000", "simulation": true, "simulated_time": 121152.92852371931, "best_config": {"nvml_gr_clock": 840, "nvml_mem_clock": 6501, "GEMMK": 0, "MWG": 128, "NWG": 128, "KWG": 16, "MDIMC": 16, "NDIMC": 16, "MDIMA": 32, "NDIMB": 32, "KWI": 2, "VWM": 2, "VWN": 4, "STRM": 1, "STRN": 1, "SA": 1, "SB": 1, "KREG": 1, "PRECISION": 32, "core_freqs": [840.0, 840.0, 840.0, 840.0, 840.0, 840.0, 840.0, 840.0, 840.0, 840.0, 840.0, 840.0, 840.0, 840.0, 840.0, 840.0, 840.0, 840.0, 840.0, 840.0, 840.0, 840.0, 840.0, 840.0, 840.0, 840.0, 840.0, 840.0, 840.0, 840.0, 840.0, 840.0], "core_freq": 840.0, "mem_freqs": [6501.0, 6501.0, 6501.0, 6501.0, 6501.0, 6501.0, 6501.0, 6501.0, 6501.0, 6501.0, 6501.0, 6501.0, 6501.0, 6501.0, 6501.0, 6501.0, 6501.0, 6501.0, 6501.0, 6501.0, 6501.0, 6501.0, 6501.0, 6501.0, 6501.0, 6501.0, 6501.0, 6501.0, 6501.0, 6501.0, 6501.0, 6501.0], "mem_freq": 6501.0, "temperatures": [55.27272727272727, 56.0, 56.0, 56.0, 56.11643835616438, 57.0, 57.0, 57.0, 57.0, 57.0, 57.0, 57.0, 57.0, 57.0, 57.285714285714285, 58.0, 58.0, 58.0, 58.0, 58.0, 58.0, 58.0, 58.0, 58.0, 58.0, 58.0, 58.0, 58.0, 58.0, 58.0, 58.0, 58.0], "temperature": 57.36483999733144, "time": 20.962688, "times": [20.979712, 20.963328, 20.959232, 20.963328, 20.958208, 20.962304, 20.96128, 20.964351999999998, 20.96128, 20.96128, 20.964351999999998, 20.959232, 20.964351999999998, 20.964351999999998, 20.96128, 20.964351999999998, 20.959232, 20.965376, 20.959232, 20.964351999999998, 20.95616, 20.96128, 20.965376, 20.964351999999998, 20.959232, 20.959232, 20.962304, 20.962304, 20.962304, 20.965376, 20.9664, 20.96128], "pwr_core_freqs": [840.0], "pwr_core_freq": 840.0, "pwr_mem_freqs": [6501.0], "pwr_mem_freq": 6501.0, "pwr_temperatures": [58.0], "pwr_temperature": 58.0, "nvml_energy": 1.93684755776, "compile_time": 431.8504948168993, "verification_time": 0, "benchmark_time": 2463.7006213888526, "GFLOP/s": 6557.961836955261, "strategy_time": 0.00179302878677845, "framework_time": 0.046176835894584656, "timestamp": "2024-02-15 04:31:04.426335+00:00"}, "total_framework_time": 1.5686305705457926, "total_strategy_time": 7989.141525700688, "total_compile_time": 8773.168947547674, "total_verification_time": 0, "total_benchmark_time": 112379.75957617164, "overhead_time": 546.2126836646348, "execution_time": 9.154694080352783}