{"platform_name": "NVIDIA CUDA", "platform_version": "OpenCL 3.0 CUDA 12.3.68", "device_name": "NVIDIA RTX A4000", "device_version": "OpenCL 3.0 CUDA", "opencl_c_version": "OpenCL C 1.2 ", "driver_version": "545.23.06", "iterations": 7, "compiler_options": ["-I/home/fjwillem/Code/kernel_tuner_paper/kernels/gemm_cltune_opencl/"], "best_config": {"nvml_gr_clock": 840, "nvml_mem_clock": 6501, "GEMMK": 0, "MWG": 64, "NWG": 128, "KWG": 16, "MDIMC": 8, "NDIMC": 16, "MDIMA": 32, "NDIMB": 32, "KWI": 2, "VWM": 2, "VWN": 4, "STRM": 1, "STRN": 1, "SA": 1, "SB": 1, "KREG": 1, "PRECISION": 32, "core_freqs": [840.0, 840.0, 840.0, 840.0, 840.0, 840.0, 840.0], "core_freq": 840.0, "mem_freqs": [6501.0, 6501.0, 6501.0, 6501.0, 6501.0, 6501.0, 6501.0], "mem_freq": 6501.0, "temperatures": [48.0, 48.51063829787234, 49.016666666666666, 50.0, 50.0, 50.055813953488375, 51.0], "temperature": 49.51187413114677, "time": 19.959954285714286, "times": [19.964928, 19.976191999999998, 19.95264, 19.951615999999998, 19.960832, 19.956736, 19.956736], "compile_time": 325.805963948369, "verification_time": 0, "benchmark_time": 142.6609493792057, "GFLOP/s": 6887.415969804683, "strategy_time": 0.06346777081489563, "framework_time": 1.9005872309207916, "timestamp": "2024-07-11 07:51:38.088122+00:00"}, "total_framework_time": 903.6506712436676, "total_strategy_time": 690.0484580546618, "total_compile_time": 27285.753747448325, "total_verification_time": 0, "total_benchmark_time": 17844.099348410964, "overhead_time": 2773.9491891115904, "execution_time": 49.50939726829529}