{"platform_name": "NVIDIA CUDA", "platform_version": "OpenCL 3.0 CUDA 12.3.68", "device_name": "NVIDIA RTX A4000", "device_version": "OpenCL 3.0 CUDA", "opencl_c_version": "OpenCL C 1.2 ", "driver_version": "545.23.06", "iterations": 7, "compiler_options": ["-I/home/fjwillem/Code/kernel_tuner_paper/kernels/gemm_cltune_opencl/"], "best_config": {"nvml_gr_clock": 840, "nvml_mem_clock": 6501, "GEMMK": 0, "MWG": 128, "NWG": 128, "KWG": 16, "MDIMC": 8, "NDIMC": 16, "MDIMA": 8, "NDIMB": 32, "KWI": 2, "VWM": 2, "VWN": 2, "STRM": 1, "STRN": 1, "SA": 1, "SB": 1, "KREG": 1, "PRECISION": 32, "core_freqs": [840.0, 840.0, 840.0, 840.0, 840.0, 840.0, 840.0], "core_freq": 840.0, "mem_freqs": [6501.0, 6501.0, 6501.0, 6501.0, 6501.0, 6501.0, 6501.0], "mem_freq": 6501.0, "temperatures": [49.68888888888889, 50.221739130434784, 51.0, 51.0, 51.36574074074074, 52.0, 52.0], "temperature": 51.03948125143778, "time": 20.51042742857143, "times": [20.493312, 20.529152, 20.512767999999998, 20.486144, 20.51584, 20.503552, 20.532224], "compile_time": 514.7613566368818, "verification_time": 0, "benchmark_time": 146.56935818493366, "GFLOP/s": 6702.566700901517, "strategy_time": 0.011799857020378113, "framework_time": 1.0412968695163727, "timestamp": "2024-07-11 09:07:12.424198+00:00"}, "total_framework_time": 221.66486829519272, "total_strategy_time": 712.2837919741869, "total_compile_time": 29448.852695524693, "total_verification_time": 0, "total_benchmark_time": 22585.953140631318, "overhead_time": 2584.770431742072, "execution_time": 55.56325030326843}