{"device_name": "NVIDIA RTX A4000", "simulation": true, "simulated_time": 45459.04905023053, "best_config": {"nvml_gr_clock": 840, "nvml_mem_clock": 6501, "GEMMK": 0, "MWG": 128, "NWG": 64, "KWG": 16, "MDIMC": 16, "NDIMC": 8, "MDIMA": 8, "NDIMB": 16, "KWI": 2, "VWM": 4, "VWN": 4, "STRM": 1, "STRN": 0, "SA": 1, "SB": 1, "KREG": 1, "PRECISION": 32, "core_freqs": [840.0, 840.0, 840.0, 840.0, 840.0, 840.0, 840.0], "core_freq": 840.0, "mem_freqs": [6501.0, 6501.0, 6501.0, 6501.0, 6501.0, 6501.0, 6501.0], "mem_freq": 6501.0, "temperatures": [60.0, 60.08695652173913, 61.0, 61.0, 61.0, 62.0, 62.0], "temperature": 61.01242236024844, "time": 18.752795428571428, "times": [18.758656, 18.742272, 18.737152, 18.754559999999998, 18.75968, 18.757631999999997, 18.759615999999998], "compile_time": 303.0371619388461, "verification_time": 0, "benchmark_time": 134.7009651362896, "GFLOP/s": 7330.774146586664, "strategy_time": 0.00545009970664978, "framework_time": 0.10687112808227539, "timestamp": "2024-03-15 20:47:50.757283+00:00"}, "total_framework_time": 12.737372890114784, "total_strategy_time": 4962.743479758501, "total_compile_time": 26394.222835078835, "total_verification_time": 0, "total_benchmark_time": 19064.826215151697, "overhead_time": 302.0665533840656, "execution_time": 5.345872163772583}