{"device_name": "NVIDIA RTX A4000", "simulation": true, "simulated_time": 120239.98419567943, "best_config": {"nvml_gr_clock": 840, "nvml_mem_clock": 6501, "GEMMK": 0, "MWG": 128, "NWG": 128, "KWG": 16, "MDIMC": 8, "NDIMC": 16, "MDIMA": 32, "NDIMB": 8, "KWI": 2, "VWM": 2, "VWN": 8, "STRM": 1, "STRN": 1, "SA": 1, "SB": 1, "KREG": 1, "PRECISION": 32, "core_freqs": [840.0, 840.0, 840.0, 840.0, 840.0, 840.0, 840.0], "core_freq": 840.0, "mem_freqs": [6501.0, 6501.0, 6501.0, 6501.0, 6501.0, 6501.0, 6501.0], "mem_freq": 6501.0, "temperatures": [53.0, 53.0, 53.890977443609025, 54.0, 54.0, 54.0, 54.0], "temperature": 53.69871106337272, "time": 21.10506971428571, "times": [21.109759999999998, 21.112831999999997, 21.096448, 21.123072, 21.075968, 21.094336, 21.123072], "compile_time": 175.16099498607218, "verification_time": 0, "benchmark_time": 151.83850191533566, "GFLOP/s": 6513.719678023469, "strategy_time": 0.001612817868590355, "framework_time": 0.04346109926700592, "timestamp": "2024-03-15 23:02:12.152595+00:00"}, "total_framework_time": 7.775674574077129, "total_strategy_time": 4083.3769896999, "total_compile_time": 44916.40194808133, "total_verification_time": 0, "total_benchmark_time": 75323.5822475981, "overhead_time": 252.0226538181305, "execution_time": 4.405904531478882}