{"device_name": "NVIDIA RTX A4000", "simulation": true, "simulated_time": 120172.93545696884, "best_config": {"nvml_gr_clock": 840, "nvml_mem_clock": 6501, "GEMMK": 0, "MWG": 128, "NWG": 128, "KWG": 16, "MDIMC": 16, "NDIMC": 16, "MDIMA": 32, "NDIMB": 32, "KWI": 2, "VWM": 4, "VWN": 1, "STRM": 1, "STRN": 0, "SA": 1, "SB": 1, "KREG": 1, "PRECISION": 32, "core_freqs": [840.0, 840.0, 840.0, 840.0, 840.0, 840.0, 840.0, 840.0, 840.0, 840.0, 840.0, 840.0, 840.0, 840.0, 840.0, 840.0, 840.0, 840.0, 840.0, 840.0, 840.0, 840.0, 840.0, 840.0, 840.0, 840.0, 840.0, 840.0, 840.0, 840.0, 840.0, 840.0], "core_freq": 840.0, "mem_freqs": [6501.0, 6501.0, 6501.0, 6501.0, 6501.0, 6501.0, 6501.0, 6501.0, 6501.0, 6501.0, 6501.0, 6501.0, 6501.0, 6501.0, 6501.0, 6501.0, 6501.0, 6501.0, 6501.0, 6501.0, 6501.0, 6501.0, 6501.0, 6501.0, 6501.0, 6501.0, 6501.0, 6501.0, 6501.0, 6501.0, 6501.0, 6501.0], "mem_freq": 6501.0, "temperatures": [56.0, 56.32727272727273, 57.0, 57.0, 57.5, 58.0, 58.0, 58.0, 58.0, 58.0, 58.0, 58.0, 58.0, 58.0, 58.49822064056939, 59.0, 59.0, 59.0, 59.0, 59.0, 59.0, 59.0, 59.0, 59.0, 59.0, 59.0, 59.0, 59.0, 59.0, 59.0, 59.0, 59.0], "temperature": 58.35392166774506, "time": 20.509276999999997, "times": [20.52608, 20.51584, 20.498431999999998, 20.535296, 20.491263999999997, 20.527103999999998, 20.494336, 20.528128, 20.499456, 20.499456, 20.51072, 20.539392, 20.509695999999998, 20.506624, 20.509695999999998, 20.499456, 20.51584, 20.495359999999998, 20.499456, 20.495359999999998, 20.551679999999998, 20.498431999999998, 20.498368, 20.491263999999997, 20.498431999999998, 20.496384, 20.48816, 20.530175999999997, 20.491263999999997, 20.514816, 20.504576, 20.53632], "pwr_core_freqs": [840.0], "pwr_core_freq": 840.0, "pwr_mem_freqs": [6501.0], "pwr_mem_freq": 6501.0, "pwr_temperatures": [59.09235113362678], "pwr_temperature": 59.09235113362678, "nvml_energy": 1.9763252049124995, "compile_time": 304.1819650679827, "verification_time": 0, "benchmark_time": 2444.214449264109, "GFLOP/s": 6702.942668529955, "strategy_time": 0.0018530990928411484, "framework_time": 0.0442329328507185, "timestamp": "2024-02-15 04:31:40.126387+00:00"}, "total_framework_time": 1.4383839443325996, "total_strategy_time": 7523.000356275588, "total_compile_time": 7147.389877587557, "total_verification_time": 0, "total_benchmark_time": 113025.54557938129, "overhead_time": 519.4295088294894, "execution_time": 8.648508548736572}