{"platform_name": "NVIDIA CUDA", "platform_version": "OpenCL 3.0 CUDA 12.3.68", "device_name": "NVIDIA RTX A4000", "device_version": "OpenCL 3.0 CUDA", "opencl_c_version": "OpenCL C 1.2 ", "driver_version": "545.23.06", "iterations": 7, "compiler_options": ["-I/home/fjwillem/Code/kernel_tuner_paper/kernels/gemm_cltune_opencl/"], "best_config": {"nvml_gr_clock": 840, "nvml_mem_clock": 6501, "GEMMK": 0, "MWG": 128, "NWG": 64, "KWG": 32, "MDIMC": 16, "NDIMC": 8, "MDIMA": 16, "NDIMB": 8, "KWI": 2, "VWM": 4, "VWN": 4, "STRM": 1, "STRN": 0, "SA": 1, "SB": 0, "KREG": 1, "PRECISION": 32, "core_freqs": [840.0, 840.0, 840.0, 840.0, 840.0, 840.0, 840.0], "core_freq": 840.0, "mem_freqs": [6501.0, 6501.0, 6501.0, 6501.0, 6501.0, 6501.0, 6501.0], "mem_freq": 6501.0, "temperatures": [58.0, 58.59512195121951, 59.082608695652176, 60.0, 60.0, 60.0, 60.0], "temperature": 59.382532949553095, "time": 21.006774857142855, "times": [20.85888, 20.868095999999998, 21.069824, 21.124095999999998, 20.985856, 20.985856, 21.154816], "compile_time": 198.51519912481308, "verification_time": 0, "benchmark_time": 149.78759735822678, "GFLOP/s": 6544.198661569209, "strategy_time": 0.052887946367263794, "framework_time": 1.8222332000732422, "timestamp": "2024-07-09 09:44:29.379246+00:00"}, "total_framework_time": 192.46924296021461, "total_strategy_time": 691.9607799500227, "total_compile_time": 30000.020060688257, "total_verification_time": 0, "total_benchmark_time": 21327.76252552867, "overhead_time": 2874.2412514984608, "execution_time": 55.097721576690674}