{"platform_name": "NVIDIA CUDA", "platform_version": "OpenCL 3.0 CUDA 12.3.68", "device_name": "NVIDIA RTX A4000", "device_version": "OpenCL 3.0 CUDA", "opencl_c_version": "OpenCL C 1.2 ", "driver_version": "545.23.06", "iterations": 7, "compiler_options": ["-I/home/fjwillem/Code/kernel_tuner_paper/kernels/gemm_cltune_opencl/"], "best_config": {"nvml_gr_clock": 840, "nvml_mem_clock": 6501, "GEMMK": 0, "MWG": 128, "NWG": 64, "KWG": 32, "MDIMC": 16, "NDIMC": 8, "MDIMA": 16, "NDIMB": 16, "KWI": 2, "VWM": 4, "VWN": 2, "STRM": 1, "STRN": 0, "SA": 0, "SB": 0, "KREG": 1, "PRECISION": 32, "core_freqs": [840.0, 840.0, 840.0, 840.0, 840.0, 840.0, 840.0], "core_freq": 840.0, "mem_freqs": [6501.0, 6501.0, 6501.0, 6501.0, 6501.0, 6501.0, 6501.0], "mem_freq": 6501.0, "temperatures": [59.46919431279621, 60.0, 60.0, 60.94347826086957, 61.0, 61.0, 61.0], "temperature": 60.487524653380824, "time": 23.09397028571428, "times": [23.26016, 22.880191999999997, 23.05024, 23.159807999999998, 23.262207999999998, 23.262207999999998, 22.782975999999998], "compile_time": 75.01748576760292, "verification_time": 0, "benchmark_time": 165.83225689828396, "GFLOP/s": 5952.7446430048985, "strategy_time": 0.033721327781677246, "framework_time": 1.0895561426877975, "timestamp": "2024-07-09 09:26:39.895741+00:00"}, "total_framework_time": 232.73517191410065, "total_strategy_time": 723.7030249089003, "total_compile_time": 26667.088786140084, "total_verification_time": 0, "total_benchmark_time": 28194.90649178624, "overhead_time": 2818.854723125696, "execution_time": 58.650582790374756}