{"device_name": "NVIDIA RTX A4000", "simulation": true, "simulated_time": 50746.06113694608, "best_config": {"nvml_gr_clock": 840, "nvml_mem_clock": 6501, "GEMMK": 0, "MWG": 128, "NWG": 128, "KWG": 32, "MDIMC": 16, "NDIMC": 16, "MDIMA": 32, "NDIMB": 8, "KWI": 2, "VWM": 2, "VWN": 8, "STRM": 1, "STRN": 1, "SA": 1, "SB": 0, "KREG": 1, "PRECISION": 32, "core_freqs": [840.0, 840.0, 840.0, 840.0, 840.0, 840.0, 840.0], "core_freq": 840.0, "mem_freqs": [6501.0, 6501.0, 6501.0, 6501.0, 6501.0, 6501.0, 6501.0], "mem_freq": 6501.0, "temperatures": [58.0, 58.0, 58.65384615384615, 59.0, 59.0, 59.0, 59.0], "temperature": 58.66483516483517, "time": 20.903789714285715, "times": [20.841472, 21.044224, 20.850687999999998, 20.948992, 20.781056, 20.934656, 20.92544], "compile_time": 221.75782406702638, "verification_time": 0, "benchmark_time": 149.64943495579064, "GFLOP/s": 6576.4394773858085, "strategy_time": 0.014176592230796814, "framework_time": 0.10822340846061707, "timestamp": "2024-03-16 01:04:00.693432+00:00"}, "total_framework_time": 12.995060533285141, "total_strategy_time": 5155.9373792260885, "total_compile_time": 29744.063500780612, "total_verification_time": 0, "total_benchmark_time": 21001.99763616547, "overhead_time": 262.5136021524668, "execution_time": 5.497428894042969}