{"device_name": "NVIDIA RTX A4000", "simulation": true, "simulated_time": 122490.44931586832, "best_config": {"nvml_gr_clock": 840, "nvml_mem_clock": 6501, "GEMMK": 0, "MWG": 128, "NWG": 128, "KWG": 16, "MDIMC": 16, "NDIMC": 8, "MDIMA": 16, "NDIMB": 16, "KWI": 2, "VWM": 4, "VWN": 4, "STRM": 1, "STRN": 1, "SA": 0, "SB": 1, "KREG": 1, "PRECISION": 32, "core_freqs": [840.0, 840.0, 840.0, 840.0, 840.0, 840.0, 840.0, 840.0, 840.0, 840.0, 840.0, 840.0, 840.0, 840.0, 840.0, 840.0, 840.0, 840.0, 840.0, 840.0, 840.0, 840.0, 840.0, 840.0, 840.0, 840.0, 840.0, 840.0, 840.0, 840.0, 840.0, 840.0], "core_freq": 840.0, "mem_freqs": [6501.0, 6501.0, 6501.0, 6501.0, 6501.0, 6501.0, 6501.0, 6501.0, 6501.0, 6501.0, 6501.0, 6501.0, 6501.0, 6501.0, 6501.0, 6501.0, 6501.0, 6501.0, 6501.0, 6501.0, 6501.0, 6501.0, 6501.0, 6501.0, 6501.0, 6501.0, 6501.0, 6501.0, 6501.0, 6501.0, 6501.0, 6501.0], "mem_freq": 6501.0, "temperatures": [55.0, 55.16181229773463, 56.0, 56.0, 56.0, 56.0, 56.0, 56.0, 56.0, 56.0, 56.0, 56.015723270440255, 57.0, 56.2626582278481, 56.473186119873816, 57.0, 57.0, 57.0, 57.0, 57.0, 57.0, 57.0, 57.0, 57.0, 57.0, 57.0, 57.0, 57.0, 57.0, 57.0, 57.0, 57.0], "temperature": 56.52854312237177, "time": 23.13788, "times": [22.970368, 23.048192, 23.506943999999997, 23.113695999999997, 23.031807999999998, 23.008256, 23.054336, 23.108608, 23.474176, 23.083008, 23.070719999999998, 23.072768, 23.520256, 23.064512, 23.067648, 23.021568, 23.504896, 23.066623999999997, 22.985727999999998, 23.489535999999998, 23.512064, 23.1864, 23.048192, 23.054336, 22.982656, 22.999039999999997, 23.049152, 23.119871999999997, 23.113728, 23.015359999999998, 23.108608, 22.959104], "pwr_core_freqs": [840.0], "pwr_core_freq": 840.0, "pwr_mem_freqs": [6501.0], "pwr_mem_freq": 6501.0, "pwr_temperatures": [57.0], "pwr_temperature": 57.0, "nvml_energy": 1.86054006868, "compile_time": 339.87464755773544, "verification_time": 0, "benchmark_time": 2549.4516771286726, "GFLOP/s": 5941.447872665949, "strategy_time": 0.001734122633934021, "framework_time": 0.04276982508599758, "timestamp": "2024-02-15 03:09:53.419590+00:00"}, "total_framework_time": 1.5267112758010626, "total_strategy_time": 7708.745774347335, "total_compile_time": 8945.485538803041, "total_verification_time": 0, "total_benchmark_time": 113544.96377706528, "overhead_time": 510.97757648676634, "execution_time": 8.81184720993042}