{"device_name": "NVIDIA RTX A4000", "simulation": true, "simulated_time": 50882.060976466164, "best_config": {"nvml_gr_clock": 840, "nvml_mem_clock": 6501, "GEMMK": 0, "MWG": 64, "NWG": 128, "KWG": 16, "MDIMC": 8, "NDIMC": 8, "MDIMA": 8, "NDIMB": 32, "KWI": 2, "VWM": 4, "VWN": 2, "STRM": 1, "STRN": 1, "SA": 1, "SB": 1, "KREG": 1, "PRECISION": 32, "core_freqs": [840.0, 840.0, 840.0, 840.0, 840.0, 840.0, 840.0], "core_freq": 840.0, "mem_freqs": [6501.0, 6501.0, 6501.0, 6501.0, 6501.0, 6501.0, 6501.0], "mem_freq": 6501.0, "temperatures": [54.0, 54.82656826568266, 55.0, 55.003787878787875, 56.0, 56.0, 56.0], "temperature": 55.26147944921008, "time": 19.642221714285714, "times": [19.636224, 19.643392, 19.642367999999998, 19.647488, 19.641344, 19.641344, 19.643392], "compile_time": 362.34507407061756, "verification_time": 0, "benchmark_time": 143.86620000004768, "GFLOP/s": 6998.8268080701255, "strategy_time": 0.01428648829460144, "framework_time": 0.1061614602804184, "timestamp": "2024-03-15 14:42:50.137281+00:00"}, "total_framework_time": 12.34649308025837, "total_strategy_time": 4872.5405894219875, "total_compile_time": 31134.71738458611, "total_verification_time": 0, "total_benchmark_time": 19747.343591880053, "overhead_time": 242.2881368547678, "execution_time": 5.197516441345215}