{"platform_name": "NVIDIA CUDA", "platform_version": "OpenCL 3.0 CUDA 12.3.68", "device_name": "NVIDIA RTX A4000", "device_version": "OpenCL 3.0 CUDA", "opencl_c_version": "OpenCL C 1.2 ", "driver_version": "545.23.06", "iterations": 7, "compiler_options": ["-I/home/fjwillem/Code/kernel_tuner_paper/kernels/gemm_cltune_opencl/"], "best_config": {"nvml_gr_clock": 840, "nvml_mem_clock": 6501, "GEMMK": 0, "MWG": 128, "NWG": 128, "KWG": 16, "MDIMC": 8, "NDIMC": 16, "MDIMA": 8, "NDIMB": 8, "KWI": 2, "VWM": 4, "VWN": 8, "STRM": 1, "STRN": 1, "SA": 1, "SB": 0, "KREG": 1, "PRECISION": 32, "core_freqs": [840.0, 840.0, 840.0, 840.0, 840.0, 840.0, 840.0], "core_freq": 840.0, "mem_freqs": [6501.0, 6501.0, 6501.0, 6501.0, 6501.0, 6501.0, 6501.0], "mem_freq": 6501.0, "temperatures": [60.0, 60.82545454545455, 61.0, 61.0, 61.0, 61.66914498141264, 62.0], "temperature": 61.070657075266745, "time": 21.178802285714283, "times": [21.093376, 21.202944, 21.02272, 21.124095999999998, 21.17632, 21.186528, 21.445632], "compile_time": 153.9417530875653, "verification_time": 0, "benchmark_time": 152.72761089727283, "GFLOP/s": 6491.0426023821565, "strategy_time": 0.009999144822359085, "framework_time": 1.7242149915546179, "timestamp": "2024-03-15 16:33:22.018496+00:00"}, "total_framework_time": 346.13228333182633, "total_strategy_time": 355.2653333172202, "total_compile_time": 40609.71039487049, "total_verification_time": 0, "total_benchmark_time": 78037.19872096553, "overhead_time": 2732.3798895813525, "execution_time": 122.09269738197327}