{"platform_name": "NVIDIA CUDA", "platform_version": "OpenCL 3.0 CUDA 12.3.68", "device_name": "NVIDIA RTX A4000", "device_version": "OpenCL 3.0 CUDA", "opencl_c_version": "OpenCL C 1.2 ", "driver_version": "545.23.06", "iterations": 7, "compiler_options": ["-I/home/fjwillem/Code/kernel_tuner_paper/kernels/gemm_cltune_opencl/"], "best_config": {"nvml_gr_clock": 840, "nvml_mem_clock": 6501, "GEMMK": 0, "MWG": 64, "NWG": 128, "KWG": 32, "MDIMC": 8, "NDIMC": 16, "MDIMA": 16, "NDIMB": 16, "KWI": 2, "VWM": 2, "VWN": 4, "STRM": 1, "STRN": 0, "SA": 0, "SB": 0, "KREG": 1, "PRECISION": 32, "core_freqs": [840.0, 840.0, 840.0, 840.0, 840.0, 840.0, 840.0], "core_freq": 840.0, "mem_freqs": [6501.0, 6501.0, 6501.0, 6501.0, 6501.0, 6501.0, 6501.0], "mem_freq": 6501.0, "temperatures": [60.0, 61.0, 61.0, 61.58301158301158, 62.0, 62.0, 62.0], "temperature": 61.36900165471594, "time": 24.373823999999995, "times": [24.51456, 24.427519999999998, 24.311808, 24.298496, 24.339456, 24.388607999999998, 24.33632], "compile_time": 235.3920117020607, "verification_time": 0, "benchmark_time": 173.58466424047947, "GFLOP/s": 5640.169876667692, "strategy_time": 0.018825754523277283, "framework_time": 1.9552893936634064, "timestamp": "2024-07-09 11:23:16.789283+00:00"}, "total_framework_time": 221.39154002070427, "total_strategy_time": 709.5801495015621, "total_compile_time": 24750.95621496439, "total_verification_time": 0, "total_benchmark_time": 25160.21296195686, "overhead_time": 2664.705129340291, "execution_time": 53.51932239532471}