{"platform_name": "NVIDIA CUDA", "platform_version": "OpenCL 3.0 CUDA 12.3.68", "device_name": "NVIDIA RTX A4000", "device_version": "OpenCL 3.0 CUDA", "opencl_c_version": "OpenCL C 1.2 ", "driver_version": "545.23.06", "iterations": 7, "compiler_options": ["-I/home/fjwillem/Code/kernel_tuner_paper/kernels/gemm_cltune_opencl/"], "best_config": {"nvml_gr_clock": 840, "nvml_mem_clock": 6501, "GEMMK": 0, "MWG": 128, "NWG": 128, "KWG": 32, "MDIMC": 8, "NDIMC": 32, "MDIMA": 16, "NDIMB": 32, "KWI": 2, "VWM": 2, "VWN": 4, "STRM": 1, "STRN": 0, "SA": 1, "SB": 1, "KREG": 1, "PRECISION": 32, "core_freqs": [840.0, 840.0, 840.0, 840.0, 840.0, 840.0, 840.0], "core_freq": 840.0, "mem_freqs": [6501.0, 6501.0, 6501.0, 6501.0, 6501.0, 6501.0, 6501.0], "mem_freq": 6501.0, "temperatures": [56.0, 56.19730941704036, 57.0, 57.0, 57.36574074074074, 58.0, 58.0], "temperature": 57.08043573682587, "time": 20.79305142857143, "times": [20.82816, 20.783103999999998, 20.807679999999998, 20.804607999999998, 20.76672, 20.780032, 20.781056], "compile_time": 383.67363065481186, "verification_time": 0, "benchmark_time": 148.84109608829021, "GFLOP/s": 6611.463852539749, "strategy_time": 0.06704404950141907, "framework_time": 2.5363676249980927, "timestamp": "2024-07-11 08:24:47.991711+00:00"}, "total_framework_time": 210.8780387789011, "total_strategy_time": 694.4669801741838, "total_compile_time": 31521.68294414878, "total_verification_time": 0, "total_benchmark_time": 24512.051155790687, "overhead_time": 2549.473090097308, "execution_time": 59.49961233139038}