{"platform_name": "NVIDIA CUDA", "platform_version": "OpenCL 3.0 CUDA 12.3.68", "device_name": "NVIDIA RTX A4000", "device_version": "OpenCL 3.0 CUDA", "opencl_c_version": "OpenCL C 1.2 ", "driver_version": "545.23.06", "iterations": 7, "compiler_options": ["-I/home/fjwillem/Code/kernel_tuner_paper/kernels/gemm_cltune_opencl/"], "best_config": {"nvml_gr_clock": 840, "nvml_mem_clock": 6501, "GEMMK": 0, "MWG": 64, "NWG": 64, "KWG": 32, "MDIMC": 8, "NDIMC": 8, "MDIMA": 8, "NDIMB": 8, "KWI": 2, "VWM": 4, "VWN": 4, "STRM": 1, "STRN": 0, "SA": 1, "SB": 0, "KREG": 1, "PRECISION": 32, "core_freqs": [840.0, 840.0, 840.0, 840.0, 840.0, 840.0, 840.0], "core_freq": 840.0, "mem_freqs": [6501.0, 6501.0, 6501.0, 6501.0, 6501.0, 6501.0, 6501.0], "mem_freq": 6501.0, "temperatures": [59.214285714285715, 60.0, 60.779342723004696, 61.0, 61.0, 61.898989898989896, 62.0], "temperature": 60.84180261946862, "time": 20.51715657142857, "times": [20.528128, 20.539392, 20.656128, 20.50048, 20.44416, 20.460544, 20.491263999999997], "compile_time": 256.35371543467045, "verification_time": 0, "benchmark_time": 149.55008402466774, "GFLOP/s": 6700.368417300042, "strategy_time": 0.0690314918756485, "framework_time": 2.269268035888672, "timestamp": "2024-07-11 08:36:00.776024+00:00"}, "total_framework_time": 211.56512945890427, "total_strategy_time": 704.0538378059864, "total_compile_time": 20367.569472640753, "total_verification_time": 0, "total_benchmark_time": 19700.33797994256, "overhead_time": 2624.734230339527, "execution_time": 43.619635343551636}