{"platform_name": "NVIDIA CUDA", "platform_version": "OpenCL 3.0 CUDA 12.3.68", "device_name": "NVIDIA RTX A4000", "device_version": "OpenCL 3.0 CUDA", "opencl_c_version": "OpenCL C 1.2 ", "driver_version": "545.23.06", "iterations": 7, "compiler_options": ["-I/home/fjwillem/Code/kernel_tuner_paper/kernels/gemm_cltune_opencl/"], "best_config": {"nvml_gr_clock": 840, "nvml_mem_clock": 6501, "GEMMK": 0, "MWG": 128, "NWG": 128, "KWG": 32, "MDIMC": 16, "NDIMC": 8, "MDIMA": 8, "NDIMB": 32, "KWI": 2, "VWM": 4, "VWN": 2, "STRM": 1, "STRN": 1, "SA": 1, "SB": 1, "KREG": 1, "PRECISION": 32, "core_freqs": [840.0, 840.0, 840.0, 840.0, 840.0, 840.0, 840.0], "core_freq": 840.0, "mem_freqs": [6501.0, 6501.0, 6501.0, 6501.0, 6501.0, 6501.0, 6501.0], "mem_freq": 6501.0, "temperatures": [56.0, 56.22222222222222, 57.0, 57.0, 57.0, 57.0, 57.0], "temperature": 56.74603174603175, "time": 19.248713142857145, "times": [19.253248, 19.244032, 19.247104, 19.26144, 19.254272, 19.237887999999998, 19.243008], "compile_time": 121.56974710524082, "verification_time": 0, "benchmark_time": 137.52607069909573, "GFLOP/s": 7141.90641648237, "strategy_time": 0.015269964933395386, "framework_time": 1.7748605459928513, "timestamp": "2024-07-09 11:10:12.858331+00:00"}, "total_framework_time": 179.62248995900154, "total_strategy_time": 716.547217220068, "total_compile_time": 23134.871002286673, "total_verification_time": 0, "total_benchmark_time": 24872.25789949298, "overhead_time": 2635.7660982757807, "execution_time": 51.55009078979492}