{"device_name": "NVIDIA RTX A4000", "simulation": true, "simulated_time": 47220.40733718313, "best_config": {"nvml_gr_clock": 840, "nvml_mem_clock": 6501, "GEMMK": 0, "MWG": 64, "NWG": 128, "KWG": 16, "MDIMC": 8, "NDIMC": 16, "MDIMA": 16, "NDIMB": 16, "KWI": 2, "VWM": 4, "VWN": 4, "STRM": 1, "STRN": 1, "SA": 1, "SB": 1, "KREG": 1, "PRECISION": 32, "core_freqs": [840.0, 840.0, 840.0, 840.0, 840.0, 840.0, 840.0], "core_freq": 840.0, "mem_freqs": [6501.0, 6501.0, 6501.0, 6501.0, 6501.0, 6501.0, 6501.0], "mem_freq": 6501.0, "temperatures": [59.20392156862745, 60.0, 60.0, 60.128787878787875, 61.0, 61.0, 61.0], "temperature": 60.333244206773614, "time": 18.849051428571425, "times": [18.855936, 18.855936, 18.835392, 18.846719999999998, 18.847744, 18.85184, 18.849792], "compile_time": 306.07450916431844, "verification_time": 0, "benchmark_time": 135.30503399670124, "GFLOP/s": 7293.338257628124, "strategy_time": 0.013696029782295227, "framework_time": 0.10373443365097046, "timestamp": "2024-03-15 15:10:06.514609+00:00"}, "total_framework_time": 12.54601962864399, "total_strategy_time": 5198.732249438763, "total_compile_time": 29598.623388214037, "total_verification_time": 0, "total_benchmark_time": 17621.783948969096, "overhead_time": 265.96926525235176, "execution_time": 5.545997619628906}