{"platform_name": "NVIDIA CUDA", "platform_version": "OpenCL 3.0 CUDA 12.3.68", "device_name": "NVIDIA RTX A4000", "device_version": "OpenCL 3.0 CUDA", "opencl_c_version": "OpenCL C 1.2 ", "driver_version": "545.23.06", "iterations": 32, "compiler_options": ["-I/home/fjwillem/Code/kernel_tuner_paper/kernels/gemm_cltune_opencl/"], "best_config": {"nvml_gr_clock": 840, "nvml_mem_clock": 6501, "GEMMK": 0, "MWG": 128, "NWG": 128, "KWG": 32, "MDIMC": 8, "NDIMC": 16, "MDIMA": 32, "NDIMB": 32, "KWI": 2, "VWM": 2, "VWN": 2, "STRM": 1, "STRN": 1, "SA": 1, "SB": 1, "KREG": 1, "PRECISION": 32, "core_freqs": [840.0, 840.0, 840.0, 840.0, 840.0, 840.0, 840.0, 840.0, 840.0, 840.0, 840.0, 840.0, 840.0, 840.0, 840.0, 840.0, 840.0, 840.0, 840.0, 840.0, 840.0, 840.0, 840.0, 840.0, 840.0, 840.0, 840.0, 840.0, 840.0, 840.0, 840.0, 840.0], "core_freq": 840.0, "mem_freqs": [6501.0, 6501.0, 6501.0, 6501.0, 6501.0, 6501.0, 6501.0, 6501.0, 6501.0, 6501.0, 6501.0, 6501.0, 6501.0, 6501.0, 6501.0, 6501.0, 6501.0, 6501.0, 6501.0, 6501.0, 6501.0, 6501.0, 6501.0, 6501.0, 6501.0, 6501.0, 6501.0, 6501.0, 6501.0, 6501.0, 6501.0, 6501.0], "mem_freq": 6501.0, "temperatures": [63.0, 63.16487455197132, 64.0, 64.0, 64.60992907801419, 65.0, 65.0, 65.0, 65.0, 65.0, 65.0, 65.0, 65.0, 65.0, 65.0, 65.0, 65.57627118644068, 66.0, 66.0, 65.96727272727273, 66.0, 66.0, 66.0, 66.0, 66.0, 66.0, 66.0, 66.0, 66.0, 66.0, 66.0, 66.0], "temperature": 65.2911983607406, "time": 21.743583, "times": [21.75488, 21.731327999999998, 21.738495999999998, 21.776384, 21.736448, 21.73952, 21.772288, 21.721087999999998, 21.733344, 21.769216, 21.748735999999997, 21.722112, 21.743616, 21.728256, 21.738495999999998, 21.730304, 21.750784, 21.773312, 21.731327999999998, 21.741567999999997, 21.750784, 21.761024, 21.741567999999997, 21.741567999999997, 21.735424, 21.738495999999998, 21.761024, 21.742592, 21.716991999999998, 21.72928, 21.72928, 21.76512], "pwr_core_freqs": [840.0], "pwr_core_freq": 840.0, "pwr_mem_freqs": [6501.0], "pwr_mem_freq": 6501.0, "pwr_temperatures": [66.0], "pwr_temperature": 66.0, "nvml_energy": 2.168748455586, "compile_time": 557.7283219899982, "verification_time": 0, "benchmark_time": 1720.8037660457194, "GFLOP/s": 6322.440413983289, "strategy_time": 0.007974915206432343, "framework_time": 1.8290760926902294, "timestamp": "2024-03-14 10:11:21.661750+00:00"}, "total_framework_time": 81.03311364538968, "total_strategy_time": 333.6376769002527, "total_compile_time": 13633.110581198707, "total_verification_time": 0, "total_benchmark_time": 105320.73342776857, "overhead_time": 4526.254640426487, "execution_time": 123.90623593330383}