{"device_name": "NVIDIA RTX A4000", "simulation": true, "simulated_time": 41771.34204353206, "best_config": {"nvml_gr_clock": 840, "nvml_mem_clock": 6501, "GEMMK": 0, "MWG": 64, "NWG": 128, "KWG": 32, "MDIMC": 8, "NDIMC": 16, "MDIMA": 16, "NDIMB": 16, "KWI": 2, "VWM": 2, "VWN": 8, "STRM": 0, "STRN": 0, "SA": 0, "SB": 0, "KREG": 1, "PRECISION": 32, "core_freqs": [840.0, 840.0, 840.0, 840.0, 840.0, 840.0, 840.0], "core_freq": 840.0, "mem_freqs": [6501.0, 6501.0, 6501.0, 6501.0, 6501.0, 6501.0, 6501.0], "mem_freq": 6501.0, "temperatures": [60.0, 60.12738853503185, 61.0, 61.0, 61.0, 61.34700315457413, 62.0], "temperature": 60.92491309851514, "time": 23.284736, "times": [23.208959999999998, 23.26528, 23.503871999999998, 23.34208, 23.073791999999997, 23.220223999999998, 23.378944], "compile_time": 210.16160817816854, "verification_time": 0, "benchmark_time": 166.47433885373175, "GFLOP/s": 5903.975372707682, "strategy_time": 0.005170702934265137, "framework_time": 0.10518543422222137, "timestamp": "2024-03-15 16:06:43.928135+00:00"}, "total_framework_time": 12.339632958173752, "total_strategy_time": 5120.050163939595, "total_compile_time": 21756.275263847783, "total_verification_time": 0, "total_benchmark_time": 20015.066779684275, "overhead_time": 265.39187133312225, "execution_time": 5.470601558685303}