{"device_name": "NVIDIA RTX A4000", "simulation": true, "simulated_time": 120379.65017626993, "best_config": {"nvml_gr_clock": 840, "nvml_mem_clock": 6501, "GEMMK": 0, "MWG": 64, "NWG": 128, "KWG": 16, "MDIMC": 16, "NDIMC": 8, "MDIMA": 8, "NDIMB": 32, "KWI": 2, "VWM": 4, "VWN": 4, "STRM": 1, "STRN": 0, "SA": 0, "SB": 1, "KREG": 1, "PRECISION": 32, "core_freqs": [840.0, 840.0, 840.0, 840.0, 840.0, 840.0, 840.0], "core_freq": 840.0, "mem_freqs": [6501.0, 6501.0, 6501.0, 6501.0, 6501.0, 6501.0, 6501.0], "mem_freq": 6501.0, "temperatures": [57.71495327102804, 58.0, 58.0, 59.0, 59.0, 59.165876777251185, 60.0], "temperature": 58.69726143546846, "time": 20.959085714285717, "times": [20.962304, 20.957183999999998, 20.964351999999998, 20.955136, 20.967423999999998, 20.952064, 20.955136], "compile_time": 378.79127101041377, "verification_time": 0, "benchmark_time": 150.63381218351424, "GFLOP/s": 6559.0889687663575, "strategy_time": 0.0015830155462026596, "framework_time": 0.038461992517113686, "timestamp": "2024-03-15 15:23:15.434849+00:00"}, "total_framework_time": 8.026554016396403, "total_strategy_time": 4034.3075327109545, "total_compile_time": 49429.760518018156, "total_verification_time": 0, "total_benchmark_time": 70949.88965825178, "overhead_time": 257.17448629438877, "execution_time": 4.3633270263671875}