{"device_name": "NVIDIA RTX A4000", "simulation": true, "simulated_time": 121038.2569655776, "best_config": {"nvml_gr_clock": 840, "nvml_mem_clock": 6501, "GEMMK": 0, "MWG": 64, "NWG": 128, "KWG": 16, "MDIMC": 8, "NDIMC": 16, "MDIMA": 8, "NDIMB": 16, "KWI": 2, "VWM": 2, "VWN": 8, "STRM": 1, "STRN": 1, "SA": 1, "SB": 0, "KREG": 1, "PRECISION": 32, "core_freqs": [840.0, 840.0, 840.0, 840.0, 840.0, 840.0, 840.0, 840.0, 840.0, 840.0, 840.0, 840.0, 840.0, 840.0, 840.0, 840.0, 840.0, 840.0, 840.0, 840.0, 840.0, 840.0, 840.0, 840.0, 840.0, 840.0, 840.0, 840.0, 840.0, 840.0, 840.0, 840.0], "core_freq": 840.0, "mem_freqs": [6501.0, 6501.0, 6501.0, 6501.0, 6501.0, 6501.0, 6501.0, 6501.0, 6501.0, 6501.0, 6501.0, 6501.0, 6501.0, 6501.0, 6501.0, 6501.0, 6501.0, 6501.0, 6501.0, 6501.0, 6501.0, 6501.0, 6501.0, 6501.0, 6501.0, 6501.0, 6501.0, 6501.0, 6501.0, 6501.0, 6501.0, 6501.0], "mem_freq": 6501.0, "temperatures": [60.0, 60.256140350877196, 61.0, 61.0, 61.0, 61.064625850340136, 62.0, 62.0, 62.0, 62.0, 62.0, 62.0, 62.0, 62.0, 62.0, 62.0, 62.0, 62.0, 62.0, 62.0, 62.0, 62.767361111111114, 62.532751091703055, 62.0, 62.0, 62.583333333333336, 63.0, 63.0, 63.0, 63.0, 63.0, 63.0], "temperature": 62.00638161679265, "time": 21.079677999999998, "times": [21.087232, 21.081087999999998, 21.102591999999998, 21.070847999999998, 21.060608, 21.08928, 21.045247999999997, 21.023744, 21.072896, 21.267456, 21.087232, 21.100544, 21.046272, 21.046272, 21.05344, 21.070847999999998, 21.072896, 21.043167999999998, 21.102591999999998, 21.05856, 21.072864, 21.103616, 21.087232, 21.078015999999998, 21.049343999999998, 21.082112, 21.082112, 21.05856, 21.07904, 21.113856, 21.065728, 21.0944], "pwr_core_freqs": [840.0], "pwr_core_freq": 840.0, "pwr_mem_freqs": [6501.0], "pwr_mem_freq": 6501.0, "pwr_temperatures": [63.0], "pwr_temperature": 63.0, "nvml_energy": 2.1687405116739997, "compile_time": 325.78230928629637, "verification_time": 0, "benchmark_time": 2486.598123796284, "GFLOP/s": 6521.565837201119, "strategy_time": 0.0023141037672758102, "framework_time": 0.05180691368877888, "timestamp": "2024-02-13 02:19:25.552622+00:00"}, "total_framework_time": 1.5997751615941525, "total_strategy_time": 7789.396068546921, "total_compile_time": 8130.736194550991, "total_verification_time": 0, "total_benchmark_time": 112907.52077102661, "overhead_time": 531.4077083021402, "execution_time": 8.907871723175049}