{"device_name": "NVIDIA RTX A4000", "simulation": true, "simulated_time": 69272.95735687949, "best_config": {"nvml_gr_clock": 840, "nvml_mem_clock": 6501, "GEMMK": 0, "MWG": 64, "NWG": 128, "KWG": 16, "MDIMC": 16, "NDIMC": 8, "MDIMA": 32, "NDIMB": 32, "KWI": 2, "VWM": 2, "VWN": 4, "STRM": 1, "STRN": 0, "SA": 1, "SB": 1, "KREG": 1, "PRECISION": 32, "core_freqs": [840.0, 840.0, 840.0, 840.0, 840.0, 840.0, 840.0], "core_freq": 840.0, "mem_freqs": [6501.0, 6501.0, 6501.0, 6501.0, 6501.0, 6501.0, 6501.0], "mem_freq": 6501.0, "temperatures": [57.0, 57.494163424124515, 58.0, 58.0, 58.526041666666664, 59.0, 59.0], "temperature": 58.145743584398744, "time": 19.133293714285713, "times": [19.142656, 19.12832, 19.130368, 19.127295999999998, 19.126272, 19.139584, 19.13856], "compile_time": 452.9883312061429, "verification_time": 0, "benchmark_time": 137.72996584884822, "GFLOP/s": 7184.989158524091, "strategy_time": 0.014197081327438354, "framework_time": 0.10416656732559204, "timestamp": "2024-03-15 15:31:37.306914+00:00"}, "total_framework_time": 12.444408610463142, "total_strategy_time": 5208.848202601075, "total_compile_time": 40312.036119634286, "total_verification_time": 0, "total_benchmark_time": 28960.921237245202, "overhead_time": 266.4456479251385, "execution_time": 5.553533554077148}