{"platform_name": "NVIDIA CUDA", "platform_version": "OpenCL 3.0 CUDA 12.3.68", "device_name": "NVIDIA RTX A4000", "device_version": "OpenCL 3.0 CUDA", "opencl_c_version": "OpenCL C 1.2 ", "driver_version": "545.23.06", "iterations": 7, "compiler_options": ["-I/home/fjwillem/Code/kernel_tuner_paper/kernels/gemm_cltune_opencl/"], "best_config": {"nvml_gr_clock": 840, "nvml_mem_clock": 6501, "GEMMK": 0, "MWG": 64, "NWG": 128, "KWG": 32, "MDIMC": 16, "NDIMC": 16, "MDIMA": 16, "NDIMB": 32, "KWI": 2, "VWM": 2, "VWN": 4, "STRM": 1, "STRN": 1, "SA": 1, "SB": 1, "KREG": 1, "PRECISION": 32, "core_freqs": [840.0, 840.0, 840.0, 840.0, 840.0, 840.0, 840.0], "core_freq": 840.0, "mem_freqs": [6501.0, 6501.0, 6501.0, 6501.0, 6501.0, 6501.0, 6501.0], "mem_freq": 6501.0, "temperatures": [59.0, 59.84137931034483, 60.41554054054054, 61.0, 61.0, 61.0, 61.245791245791246], "temperature": 60.50038729952523, "time": 21.169151999999997, "times": [21.172224, 21.167104, 21.173247999999997, 21.168128, 21.172224, 21.169152, 21.161984], "compile_time": 264.5975810009986, "verification_time": 0, "benchmark_time": 151.58716309815645, "GFLOP/s": 6494.001644657284, "strategy_time": 0.009076902642846107, "framework_time": 1.4431090094149113, "timestamp": "2024-03-15 15:28:56.723410+00:00"}, "total_framework_time": 290.7942004967481, "total_strategy_time": 349.5474804658443, "total_compile_time": 41708.78569642082, "total_verification_time": 0, "total_benchmark_time": 77056.47121742368, "overhead_time": 2661.410259315744, "execution_time": 122.07971811294556}