{"platform_name": "NVIDIA CUDA", "platform_version": "OpenCL 3.0 CUDA 12.3.68", "device_name": "NVIDIA RTX A4000", "device_version": "OpenCL 3.0 CUDA", "opencl_c_version": "OpenCL C 1.2 ", "driver_version": "545.23.06", "iterations": 7, "compiler_options": ["-I/home/fjwillem/Code/kernel_tuner_paper/kernels/gemm_cltune_opencl/"], "best_config": {"nvml_gr_clock": 840, "nvml_mem_clock": 6501, "GEMMK": 0, "MWG": 128, "NWG": 64, "KWG": 16, "MDIMC": 16, "NDIMC": 8, "MDIMA": 32, "NDIMB": 32, "KWI": 2, "VWM": 4, "VWN": 2, "STRM": 1, "STRN": 0, "SA": 1, "SB": 1, "KREG": 1, "PRECISION": 32, "core_freqs": [840.0, 840.0, 840.0, 840.0, 840.0, 840.0, 840.0], "core_freq": 840.0, "mem_freqs": [6501.0, 6501.0, 6501.0, 6501.0, 6501.0, 6501.0, 6501.0], "mem_freq": 6501.0, "temperatures": [54.0, 54.69298245614035, 55.102222222222224, 56.0, 56.0, 56.0, 56.0], "temperature": 55.399314954051796, "time": 19.017435428571428, "times": [19.02592, 19.016704, 19.012608, 19.020799999999998, 19.017727999999998, 19.027967999999998, 19.00032], "compile_time": 309.1057799756527, "verification_time": 0, "benchmark_time": 135.7999686151743, "GFLOP/s": 7228.761649820773, "strategy_time": 0.06334856152534485, "framework_time": 1.9321572035551071, "timestamp": "2024-07-11 08:55:40.882509+00:00"}, "total_framework_time": 212.06952817738056, "total_strategy_time": 709.2125490307808, "total_compile_time": 26708.81669037044, "total_verification_time": 0, "total_benchmark_time": 25529.209284111857, "overhead_time": 2567.744165658951, "execution_time": 55.74019408226013}