{"device_name": "NVIDIA RTX A4000", "simulation": true, "simulated_time": 120281.60003013909, "best_config": {"nvml_gr_clock": 840, "nvml_mem_clock": 6501, "GEMMK": 0, "MWG": 128, "NWG": 64, "KWG": 32, "MDIMC": 16, "NDIMC": 8, "MDIMA": 8, "NDIMB": 8, "KWI": 2, "VWM": 8, "VWN": 8, "STRM": 0, "STRN": 1, "SA": 0, "SB": 0, "KREG": 1, "PRECISION": 32, "core_freqs": [840.0, 840.0, 840.0, 840.0, 840.0, 840.0, 840.0, 840.0, 840.0, 840.0, 840.0, 840.0, 840.0, 840.0, 840.0, 840.0, 840.0, 840.0, 840.0, 840.0, 840.0, 840.0, 840.0, 840.0, 840.0, 840.0, 840.0, 840.0, 840.0, 840.0, 840.0, 840.0], "core_freq": 840.0, "mem_freqs": [6501.0, 6501.0, 6501.0, 6501.0, 6501.0, 6501.0, 6501.0, 6501.0, 6501.0, 6501.0, 6501.0, 6501.0, 6501.0, 6501.0, 6501.0, 6501.0, 6501.0, 6501.0, 6501.0, 6501.0, 6501.0, 6501.0, 6501.0, 6501.0, 6501.0, 6501.0, 6501.0, 6501.0, 6501.0, 6501.0, 6501.0, 6501.0], "mem_freq": 6501.0, "temperatures": [58.37709497206704, 59.0, 59.16470588235294, 60.0, 60.0, 60.0, 60.0, 60.0, 60.0, 60.0, 60.0, 60.0, 60.0, 60.0, 60.0, 60.0, 60.0, 60.0, 60.0, 60.0, 60.0, 60.0, 60.0, 60.55769230769231, 60.43150684931507, 60.0, 60.21489971346705, 60.77993527508091, 60.14402173913044, 61.0, 61.0, 61.0], "temperature": 60.05218302309706, "time": 26.959292, "times": [26.984448, 26.924032, 26.948608, 26.985471999999998, 26.97728, 26.967008, 26.949631999999998, 26.95168, 26.938368, 26.954752, 26.957791999999998, 26.969088, 27.0264, 27.002879999999998, 26.973184, 26.971135999999998, 26.927104, 26.975232, 26.918912, 26.966016, 26.917887999999998, 26.980352, 26.942463999999998, 26.952703999999997, 26.979328, 26.943488, 26.971135999999998, 26.928096, 26.9824, 26.924032, 26.962944, 26.943488], "pwr_core_freqs": [840.0], "pwr_core_freq": 840.0, "pwr_mem_freqs": [6501.0], "pwr_mem_freq": 6501.0, "pwr_temperatures": [60.974626984760235], "pwr_temperature": 60.974626984760235, "nvml_energy": 2.267573009412, "compile_time": 163.56757003813982, "verification_time": 0, "benchmark_time": 2690.1210425421596, "GFLOP/s": 5099.262543838317, "strategy_time": 0.0018030405044555664, "framework_time": 0.049893977120518684, "timestamp": "2024-02-14 18:51:59.472372+00:00"}, "total_framework_time": 1.4812492299824953, "total_strategy_time": 7593.478075461462, "total_compile_time": 7775.704832747579, "total_verification_time": 0, "total_benchmark_time": 112505.89519739151, "overhead_time": 497.18529428355396, "execution_time": 8.679656505584717}