{"platform_name": "NVIDIA CUDA", "platform_version": "OpenCL 3.0 CUDA 12.3.68", "device_name": "NVIDIA RTX A4000", "device_version": "OpenCL 3.0 CUDA", "opencl_c_version": "OpenCL C 1.2 ", "driver_version": "545.23.06", "iterations": 7, "compiler_options": ["-I/home/fjwillem/Code/kernel_tuner_paper/kernels/gemm_cltune_opencl/"], "best_config": {"nvml_gr_clock": 840, "nvml_mem_clock": 6501, "GEMMK": 0, "MWG": 64, "NWG": 128, "KWG": 16, "MDIMC": 16, "NDIMC": 8, "MDIMA": 32, "NDIMB": 32, "KWI": 2, "VWM": 2, "VWN": 4, "STRM": 1, "STRN": 1, "SA": 1, "SB": 1, "KREG": 1, "PRECISION": 32, "core_freqs": [840.0, 840.0, 840.0, 840.0, 840.0, 840.0, 840.0], "core_freq": 840.0, "mem_freqs": [6501.0, 6501.0, 6501.0, 6501.0, 6501.0, 6501.0, 6501.0], "mem_freq": 6501.0, "temperatures": [57.0, 57.0, 57.70531400966183, 58.0, 58.0, 58.66829268292683, 59.0], "temperature": 57.910515241798386, "time": 19.13680457142857, "times": [19.141631999999998, 19.142656, 19.136512, 19.132416, 19.130368, 19.13344, 19.140608], "compile_time": 224.03942048549652, "verification_time": 0, "benchmark_time": 137.11261935532093, "GFLOP/s": 7183.670993288385, "strategy_time": 0.031027942895889282, "framework_time": 1.035364344716072, "timestamp": "2024-07-09 10:31:30.807953+00:00"}, "total_framework_time": 216.37014485895634, "total_strategy_time": 770.4700008034706, "total_compile_time": 33144.61606554687, "total_verification_time": 0, "total_benchmark_time": 25896.83986082673, "overhead_time": 3214.0005882829428, "execution_time": 63.258535861968994}