{"device_name": "NVIDIA RTX A4000", "simulation": true, "simulated_time": 120471.35129477829, "best_config": {"nvml_gr_clock": 840, "nvml_mem_clock": 6501, "GEMMK": 0, "MWG": 64, "NWG": 128, "KWG": 16, "MDIMC": 16, "NDIMC": 16, "MDIMA": 16, "NDIMB": 16, "KWI": 2, "VWM": 2, "VWN": 8, "STRM": 1, "STRN": 1, "SA": 0, "SB": 1, "KREG": 1, "PRECISION": 32, "core_freqs": [840.0, 840.0, 840.0, 840.0, 840.0, 840.0, 840.0, 840.0, 840.0, 840.0, 840.0, 840.0, 840.0, 840.0, 840.0, 840.0, 840.0, 840.0, 840.0, 840.0, 840.0, 840.0, 840.0, 840.0, 840.0, 840.0, 840.0, 840.0, 840.0, 840.0, 840.0, 840.0], "core_freq": 840.0, "mem_freqs": [6501.0, 6501.0, 6501.0, 6501.0, 6501.0, 6501.0, 6501.0, 6501.0, 6501.0, 6501.0, 6501.0, 6501.0, 6501.0, 6501.0, 6501.0, 6501.0, 6501.0, 6501.0, 6501.0, 6501.0, 6501.0, 6501.0, 6501.0, 6501.0, 6501.0, 6501.0, 6501.0, 6501.0, 6501.0, 6501.0, 6501.0, 6501.0], "mem_freq": 6501.0, "temperatures": [60.0, 60.68292682926829, 61.0, 61.1733746130031, 62.0, 62.0, 62.0, 62.0, 62.0, 62.0, 62.0, 62.6219512195122, 62.96604938271605, 63.0, 63.0, 63.0, 63.0, 63.0, 63.0, 63.0, 63.0, 63.0, 63.0, 63.0, 63.0, 63.0, 63.0, 63.0, 63.0, 63.0, 63.0, 63.0], "temperature": 62.482634438890614, "time": 23.447871, "times": [23.492576, 23.457791999999998, 23.460863999999997, 23.431168, 23.4496, 23.465984, 23.443455999999998, 23.417856, 23.431168, 23.424, 23.442432, 23.447551999999998, 23.424, 23.45984, 23.428096, 23.424, 23.442432, 23.447551999999998, 23.4496, 23.468031999999997, 23.462912, 23.451648, 23.463936, 23.448576, 23.452672, 23.447551999999998, 23.464959999999998, 23.451648, 23.430144, 23.440383999999998, 23.453695999999997, 23.455744], "pwr_core_freqs": [840.0], "pwr_core_freq": 840.0, "pwr_mem_freqs": [6501.0], "pwr_mem_freq": 6501.0, "pwr_temperatures": [63.24392567889471], "pwr_temperature": 63.24392567889471, "nvml_energy": 2.5054050163499997, "compile_time": 264.5898973569274, "verification_time": 0, "benchmark_time": 2539.2489107325673, "GFLOP/s": 5862.899361054998, "strategy_time": 0.0016631092876195908, "framework_time": 0.04665786400437355, "timestamp": "2024-02-13 05:05:25.680725+00:00"}, "total_framework_time": 1.4755709562450647, "total_strategy_time": 7434.819500660524, "total_compile_time": 8274.20959342271, "total_verification_time": 0, "total_benchmark_time": 112197.14170135558, "overhead_time": 507.08007044158876, "execution_time": 8.549523830413818}