{"device_name": "NVIDIA RTX A4000", "simulation": true, "simulated_time": 33081.50706999004, "best_config": {"nvml_gr_clock": 840, "nvml_mem_clock": 6501, "GEMMK": 0, "MWG": 64, "NWG": 64, "KWG": 32, "MDIMC": 8, "NDIMC": 8, "MDIMA": 16, "NDIMB": 32, "KWI": 2, "VWM": 4, "VWN": 2, "STRM": 1, "STRN": 0, "SA": 0, "SB": 0, "KREG": 1, "PRECISION": 32, "core_freqs": [840.0, 840.0, 840.0, 840.0, 840.0, 840.0, 840.0], "core_freq": 840.0, "mem_freqs": [6501.0, 6501.0, 6501.0, 6501.0, 6501.0, 6501.0, 6501.0], "mem_freq": 6501.0, "temperatures": [54.02173913043478, 54.68789808917197, 55.0, 55.0, 55.0, 55.83018867924528, 56.0], "temperature": 55.07711798555029, "time": 22.863268571428566, "times": [23.110656, 22.69696, 22.784, 22.670272, 23.103488, 22.977472, 22.700032], "compile_time": 56.37456476688385, "verification_time": 0, "benchmark_time": 162.38492354750633, "GFLOP/s": 6012.810787508949, "strategy_time": 0.014036893844604492, "framework_time": 0.06119534373283386, "timestamp": "2024-07-11 09:59:49.813646+00:00"}, "total_framework_time": 7.668927311897278, "total_strategy_time": 781.935952603817, "total_compile_time": 9453.491071239114, "total_verification_time": 0, "total_benchmark_time": 23628.015998750925, "overhead_time": 4.26001101732254, "execution_time": 0.8047447204589844}