{"platform_name": "NVIDIA CUDA", "platform_version": "OpenCL 3.0 CUDA 12.3.68", "device_name": "NVIDIA RTX A4000", "device_version": "OpenCL 3.0 CUDA", "opencl_c_version": "OpenCL C 1.2 ", "driver_version": "545.23.06", "iterations": 7, "compiler_options": ["-I/home/fjwillem/Code/kernel_tuner_paper/kernels/gemm_cltune_opencl/"], "best_config": {"nvml_gr_clock": 840, "nvml_mem_clock": 6501, "GEMMK": 0, "MWG": 64, "NWG": 128, "KWG": 16, "MDIMC": 8, "NDIMC": 16, "MDIMA": 32, "NDIMB": 32, "KWI": 2, "VWM": 2, "VWN": 4, "STRM": 1, "STRN": 1, "SA": 1, "SB": 1, "KREG": 1, "PRECISION": 32, "core_freqs": [840.0, 840.0, 840.0, 840.0, 840.0, 840.0, 840.0], "core_freq": 840.0, "mem_freqs": [6501.0, 6501.0, 6501.0, 6501.0, 6501.0, 6501.0, 6501.0], "mem_freq": 6501.0, "temperatures": [60.0, 60.78431372549019, 61.0, 61.0, 61.0, 61.43689320388349, 62.0], "temperature": 61.03160098991052, "time": 19.962276571428568, "times": [19.97712, 19.956736, 19.956736, 19.968, 19.955679999999997, 19.959808, 19.961855999999997], "compile_time": 218.59868802130222, "verification_time": 0, "benchmark_time": 143.01577024161816, "GFLOP/s": 6886.614731145466, "strategy_time": 0.07135607302188873, "framework_time": 2.2560488432645798, "timestamp": "2024-07-11 09:12:49.519017+00:00"}, "total_framework_time": 220.62045149505138, "total_strategy_time": 691.5804147720337, "total_compile_time": 20075.71971230209, "total_verification_time": 0, "total_benchmark_time": 19656.66715800762, "overhead_time": 2652.747744694352, "execution_time": 43.310585498809814}