{"device_name": "NVIDIA RTX A4000", "simulation": true, "simulated_time": 121406.35755006224, "best_config": {"nvml_gr_clock": 840, "nvml_mem_clock": 6501, "GEMMK": 0, "MWG": 64, "NWG": 128, "KWG": 32, "MDIMC": 16, "NDIMC": 8, "MDIMA": 8, "NDIMB": 32, "KWI": 2, "VWM": 2, "VWN": 4, "STRM": 1, "STRN": 1, "SA": 1, "SB": 1, "KREG": 1, "PRECISION": 32, "core_freqs": [840.0, 840.0, 840.0, 840.0, 840.0, 840.0, 840.0, 840.0, 840.0, 840.0, 840.0, 840.0, 840.0, 840.0, 840.0, 840.0, 840.0, 840.0, 840.0, 840.0, 840.0, 840.0, 840.0, 840.0, 840.0, 840.0, 840.0, 840.0, 840.0, 840.0, 840.0, 840.0], "core_freq": 840.0, "mem_freqs": [6501.0, 6501.0, 6501.0, 6501.0, 6501.0, 6501.0, 6501.0, 6501.0, 6501.0, 6501.0, 6501.0, 6501.0, 6501.0, 6501.0, 6501.0, 6501.0, 6501.0, 6501.0, 6501.0, 6501.0, 6501.0, 6501.0, 6501.0, 6501.0, 6501.0, 6501.0, 6501.0, 6501.0, 6501.0, 6501.0, 6501.0, 6501.0], "mem_freq": 6501.0, "temperatures": [59.0, 59.0, 59.79220779220779, 60.0, 60.0, 60.0, 60.86407766990291, 61.0, 61.0, 61.0, 61.0, 61.0, 61.0, 61.0, 61.0, 61.0, 61.0, 61.0, 61.0, 61.0, 61.452107279693486, 61.79677419354839, 61.0, 61.0, 61.58687258687259, 62.0, 62.0, 62.0, 62.0, 62.0, 62.0, 62.0], "temperature": 61.01537623506954, "time": 22.588445999999998, "times": [22.581248, 22.58944, 22.582272, 22.59968, 22.580223999999998, 22.587391999999998, 22.576128, 22.592512, 22.588416, 22.581248, 22.582272, 22.588416, 22.596608, 22.580223999999998, 22.593536, 22.582272, 22.587328, 22.597631999999997, 22.592512, 22.586368, 22.588416, 22.59968, 22.582272, 22.586368, 22.586368, 22.593536, 22.602752, 22.586368, 22.581248, 22.584319999999998, 22.601727999999998, 22.591488], "pwr_core_freqs": [840.0], "pwr_core_freq": 840.0, "pwr_mem_freqs": [6501.0], "pwr_mem_freq": 6501.0, "pwr_temperatures": [62.0], "pwr_temperature": 62.0, "nvml_energy": 2.4479550699119996, "compile_time": 279.88453954458237, "verification_time": 0, "benchmark_time": 2538.9848221093416, "GFLOP/s": 6085.965714684401, "strategy_time": 0.00220397487282753, "framework_time": 0.04735891707241535, "timestamp": "2024-02-13 10:25:48.197039+00:00"}, "total_framework_time": 1.4845607802271843, "total_strategy_time": 7718.578300904483, "total_compile_time": 6524.369022808969, "total_verification_time": 0, "total_benchmark_time": 114881.98852725327, "overhead_time": 546.816129470244, "execution_time": 8.862195253372192}