{"device_name": "NVIDIA RTX A4000", "simulation": true, "simulated_time": 66122.7490878664, "best_config": {"nvml_gr_clock": 840, "nvml_mem_clock": 6501, "GEMMK": 0, "MWG": 64, "NWG": 128, "KWG": 32, "MDIMC": 8, "NDIMC": 16, "MDIMA": 32, "NDIMB": 32, "KWI": 2, "VWM": 2, "VWN": 2, "STRM": 1, "STRN": 1, "SA": 1, "SB": 0, "KREG": 1, "PRECISION": 32, "core_freqs": [840.0, 840.0, 840.0, 840.0, 840.0, 840.0, 840.0], "core_freq": 840.0, "mem_freqs": [6501.0, 6501.0, 6501.0, 6501.0, 6501.0, 6501.0, 6501.0], "mem_freq": 6501.0, "temperatures": [59.46604938271605, 60.0, 60.0, 60.0, 60.77777777777778, 61.0, 61.0], "temperature": 60.320546737213405, "time": 23.360073142857143, "times": [23.430144, 23.389184, 23.497728, 23.252992, 23.209984, 23.452672, 23.287808], "compile_time": 238.29453787766397, "verification_time": 0, "benchmark_time": 167.01501002535224, "GFLOP/s": 5884.9348229046645, "strategy_time": 0.014249235391616821, "framework_time": 0.10609626770019531, "timestamp": "2024-03-15 16:11:16.936064+00:00"}, "total_framework_time": 12.299735099077225, "total_strategy_time": 5000.927796587348, "total_compile_time": 30033.736171433702, "total_verification_time": 0, "total_benchmark_time": 36089.01291643269, "overhead_time": 252.08395160734653, "execution_time": 5.331306219100952}