{"platform_name": "NVIDIA CUDA", "platform_version": "OpenCL 3.0 CUDA 12.3.68", "device_name": "NVIDIA RTX A4000", "device_version": "OpenCL 3.0 CUDA", "opencl_c_version": "OpenCL C 1.2 ", "driver_version": "545.23.06", "iterations": 7, "compiler_options": ["-I/home/fjwillem/Code/kernel_tuner_paper/kernels/gemm_cltune_opencl/"], "best_config": {"nvml_gr_clock": 840, "nvml_mem_clock": 6501, "GEMMK": 0, "MWG": 64, "NWG": 64, "KWG": 32, "MDIMC": 8, "NDIMC": 8, "MDIMA": 32, "NDIMB": 32, "KWI": 2, "VWM": 2, "VWN": 2, "STRM": 1, "STRN": 0, "SA": 1, "SB": 1, "KREG": 1, "PRECISION": 32, "core_freqs": [840.0, 840.0, 840.0, 840.0, 840.0, 840.0, 840.0], "core_freq": 840.0, "mem_freqs": [6501.0, 6501.0, 6501.0, 6501.0, 6501.0, 6501.0, 6501.0], "mem_freq": 6501.0, "temperatures": [52.0, 52.09756097560975, 53.0, 53.87686567164179, 54.0, 54.02281368821293, 55.0], "temperature": 53.42817719078064, "time": 20.835328, "times": [20.845568, 20.836351999999998, 20.82304, 20.842496, 20.840448, 20.824064, 20.835328], "compile_time": 367.87521466612816, "verification_time": 0, "benchmark_time": 150.2688843756914, "GFLOP/s": 6598.048655821497, "strategy_time": 0.018324702978134155, "framework_time": 0.6519202142953873, "timestamp": "2024-07-08 14:33:54.155241+00:00"}, "total_framework_time": 182.3133770376444, "total_strategy_time": 700.4869244992733, "total_compile_time": 40887.32148706913, "total_verification_time": 0, "total_benchmark_time": 37313.66334669292, "overhead_time": 3764.9769950658083, "execution_time": 82.86381244659424}