{"platform_name": "NVIDIA CUDA", "platform_version": "OpenCL 3.0 CUDA 12.3.68", "device_name": "NVIDIA RTX A4000", "device_version": "OpenCL 3.0 CUDA", "opencl_c_version": "OpenCL C 1.2 ", "driver_version": "545.23.06", "iterations": 7, "compiler_options": ["-I/home/fjwillem/Code/kernel_tuner_paper/kernels/gemm_cltune_opencl/"], "best_config": {"nvml_gr_clock": 840, "nvml_mem_clock": 6501, "GEMMK": 0, "MWG": 128, "NWG": 128, "KWG": 32, "MDIMC": 16, "NDIMC": 8, "MDIMA": 16, "NDIMB": 16, "KWI": 2, "VWM": 2, "VWN": 4, "STRM": 1, "STRN": 1, "SA": 1, "SB": 1, "KREG": 1, "PRECISION": 32, "core_freqs": [840.0, 840.0, 840.0, 840.0, 840.0, 840.0, 840.0], "core_freq": 840.0, "mem_freqs": [6501.0, 6501.0, 6501.0, 6501.0, 6501.0, 6501.0, 6501.0], "mem_freq": 6501.0, "temperatures": [57.0, 57.473214285714285, 58.0, 58.88444444444445, 59.0, 59.0, 59.755656108597286], "temperature": 58.44475926267943, "time": 19.146020571428572, "times": [19.14368, 19.156992, 19.147776, 19.151872, 19.142656, 19.13856, 19.140608], "compile_time": 412.0514579117298, "verification_time": 0, "benchmark_time": 136.45297661423683, "GFLOP/s": 7180.213109618661, "strategy_time": 0.06152316927909851, "framework_time": 1.9433703273534775, "timestamp": "2024-07-11 08:58:41.661141+00:00"}, "total_framework_time": 202.20350101590157, "total_strategy_time": 690.3789807111025, "total_compile_time": 26012.103900313377, "total_verification_time": 0, "total_benchmark_time": 19851.840088143945, "overhead_time": 2441.741406917572, "execution_time": 49.208900928497314}