{"device_name": "NVIDIA RTX A4000", "simulation": true, "simulated_time": 49486.491977237165, "best_config": {"nvml_gr_clock": 840, "nvml_mem_clock": 6501, "GEMMK": 0, "MWG": 128, "NWG": 128, "KWG": 32, "MDIMC": 16, "NDIMC": 8, "MDIMA": 32, "NDIMB": 32, "KWI": 2, "VWM": 4, "VWN": 1, "STRM": 1, "STRN": 0, "SA": 0, "SB": 0, "KREG": 1, "PRECISION": 32, "core_freqs": [840.0, 840.0, 840.0, 840.0, 840.0, 840.0, 840.0], "core_freq": 840.0, "mem_freqs": [6501.0, 6501.0, 6501.0, 6501.0, 6501.0, 6501.0, 6501.0], "mem_freq": 6501.0, "temperatures": [54.0, 54.0625, 55.0, 55.0, 55.0, 55.0, 55.0], "temperature": 54.723214285714285, "time": 25.577325714285713, "times": [25.545728, 25.56928, 25.57952, 25.62048, 25.562112, 25.465856, 25.698304], "compile_time": 333.59292801469564, "verification_time": 0, "benchmark_time": 182.53070418722928, "GFLOP/s": 5374.780359747205, "strategy_time": 0.01453980803489685, "framework_time": 0.10354071855545044, "timestamp": "2024-03-16 00:50:48.261915+00:00"}, "total_framework_time": 12.941526249051094, "total_strategy_time": 4883.882109075785, "total_compile_time": 26443.915055133402, "total_verification_time": 0, "total_benchmark_time": 23042.576922103763, "overhead_time": 250.78398175537586, "execution_time": 5.2173521518707275}