{"device_name": "NVIDIA RTX A4000", "simulation": true, "simulated_time": 122023.92014954239, "best_config": {"nvml_gr_clock": 840, "nvml_mem_clock": 6501, "GEMMK": 0, "MWG": 128, "NWG": 64, "KWG": 16, "MDIMC": 8, "NDIMC": 16, "MDIMA": 16, "NDIMB": 8, "KWI": 2, "VWM": 4, "VWN": 2, "STRM": 1, "STRN": 1, "SA": 1, "SB": 0, "KREG": 1, "PRECISION": 32, "core_freqs": [840.0, 840.0, 840.0, 840.0, 840.0, 840.0, 840.0, 840.0, 840.0, 840.0, 840.0, 840.0, 840.0, 840.0, 840.0, 840.0, 840.0, 840.0, 840.0, 840.0, 840.0, 840.0, 840.0, 840.0, 840.0, 840.0, 840.0, 840.0, 840.0, 840.0, 840.0, 840.0], "core_freq": 840.0, "mem_freqs": [6501.0, 6501.0, 6501.0, 6501.0, 6501.0, 6501.0, 6501.0, 6501.0, 6501.0, 6501.0, 6501.0, 6501.0, 6501.0, 6501.0, 6501.0, 6501.0, 6501.0, 6501.0, 6501.0, 6501.0, 6501.0, 6501.0, 6501.0, 6501.0, 6501.0, 6501.0, 6501.0, 6501.0, 6501.0, 6501.0, 6501.0, 6501.0], "mem_freq": 6501.0, "temperatures": [56.597883597883595, 57.0, 57.0, 57.76131687242798, 58.0, 58.0, 58.0, 58.0, 58.512, 59.0, 59.0, 59.0, 59.0, 59.0, 59.0, 59.0, 59.0, 59.0, 59.0, 59.0, 59.0, 59.0, 59.0, 59.0, 59.0, 59.0, 59.0, 59.0, 59.0, 59.0, 59.0, 59.0], "temperature": 58.62097501469724, "time": 21.801631999999998, "times": [21.8112, 21.797888, 21.801983999999997, 21.804032, 21.80096, 21.814272, 21.807104, 21.813247999999998, 21.799936, 21.792768, 21.797888, 21.796864, 21.805056, 21.801983999999997, 21.796864, 21.803008, 21.801983999999997, 21.799936, 21.803008, 21.796864, 21.803008, 21.798911999999998, 21.793792, 21.799936, 21.803008, 21.803008, 21.799936, 21.803008, 21.801983999999997, 21.798911999999998, 21.801983999999997, 21.797888], "pwr_core_freqs": [840.0], "pwr_core_freq": 840.0, "pwr_mem_freqs": [6501.0], "pwr_mem_freq": 6501.0, "pwr_temperatures": [60.0], "pwr_temperature": 60.0, "nvml_energy": 2.444638797792, "compile_time": 316.9859303161502, "verification_time": 0, "benchmark_time": 2505.381401628256, "GFLOP/s": 6305.606291492307, "strategy_time": 0.001743203029036522, "framework_time": 0.04357169382274151, "timestamp": "2024-02-14 10:27:15.901670+00:00"}, "total_framework_time": 1.6327961347997189, "total_strategy_time": 7643.297655042261, "total_compile_time": 9079.68972530216, "total_verification_time": 0, "total_benchmark_time": 112944.23042424023, "overhead_time": 493.85663168504834, "execution_time": 8.717406034469604}