{"platform_name": "NVIDIA CUDA", "platform_version": "OpenCL 3.0 CUDA 12.3.68", "device_name": "NVIDIA RTX A4000", "device_version": "OpenCL 3.0 CUDA", "opencl_c_version": "OpenCL C 1.2 ", "driver_version": "545.23.06", "iterations": 7, "compiler_options": ["-I/home/fjwillem/Code/kernel_tuner_paper/kernels/gemm_cltune_opencl/"], "best_config": {"nvml_gr_clock": 840, "nvml_mem_clock": 6501, "GEMMK": 0, "MWG": 64, "NWG": 64, "KWG": 32, "MDIMC": 8, "NDIMC": 8, "MDIMA": 8, "NDIMB": 16, "KWI": 2, "VWM": 4, "VWN": 2, "STRM": 1, "STRN": 0, "SA": 0, "SB": 0, "KREG": 1, "PRECISION": 32, "core_freqs": [840.0, 840.0, 840.0, 840.0, 840.0, 840.0, 840.0], "core_freq": 840.0, "mem_freqs": [6501.0, 6501.0, 6501.0, 6501.0, 6501.0, 6501.0, 6501.0], "mem_freq": 6501.0, "temperatures": [62.0, 62.73426573426573, 63.0, 63.09863945578231, 64.0, 64.0, 64.0], "temperature": 63.261843598578295, "time": 22.70880914285714, "times": [22.801408, 22.463487999999998, 22.460416, 22.938623999999997, 22.829055999999998, 22.585344, 22.883328], "compile_time": 73.63443449139595, "verification_time": 0, "benchmark_time": 162.01152466237545, "GFLOP/s": 6053.708366615991, "strategy_time": 0.043490901589393616, "framework_time": 1.588599756360054, "timestamp": "2024-07-11 10:07:18.291323+00:00"}, "total_framework_time": 179.99961227178574, "total_strategy_time": 725.3125123679638, "total_compile_time": 9758.359441533685, "total_verification_time": 0, "total_benchmark_time": 23368.102476000786, "overhead_time": 2696.296215057373, "execution_time": 36.73978853225708}