{"platform_name": "NVIDIA CUDA", "platform_version": "OpenCL 3.0 CUDA 12.3.68", "device_name": "NVIDIA RTX A4000", "device_version": "OpenCL 3.0 CUDA", "opencl_c_version": "OpenCL C 1.2 ", "driver_version": "545.23.06", "iterations": 7, "compiler_options": ["-I/home/fjwillem/Code/kernel_tuner_paper/kernels/gemm_cltune_opencl/"], "best_config": {"nvml_gr_clock": 840, "nvml_mem_clock": 6501, "GEMMK": 0, "MWG": 128, "NWG": 128, "KWG": 32, "MDIMC": 16, "NDIMC": 8, "MDIMA": 8, "NDIMB": 32, "KWI": 2, "VWM": 4, "VWN": 2, "STRM": 1, "STRN": 1, "SA": 1, "SB": 1, "KREG": 1, "PRECISION": 32, "core_freqs": [840.0, 840.0, 840.0, 840.0, 840.0, 840.0, 840.0], "core_freq": 840.0, "mem_freqs": [6501.0, 6501.0, 6501.0, 6501.0, 6501.0, 6501.0, 6501.0], "mem_freq": 6501.0, "temperatures": [57.075471698113205, 57.395833333333336, 58.0, 58.848958333333336, 59.0, 59.0, 59.0], "temperature": 58.33146619496855, "time": 19.241984000000002, "times": [19.260416, 19.236864, 19.240959999999998, 19.232768, 19.239936, 19.241984, 19.240959999999998], "compile_time": 160.8547456562519, "verification_time": 0, "benchmark_time": 138.18091340363026, "GFLOP/s": 7144.404023202595, "strategy_time": 0.023612752556800842, "framework_time": 2.1811723709106445, "timestamp": "2024-07-11 08:37:41.461543+00:00"}, "total_framework_time": 214.19641934335232, "total_strategy_time": 704.0939647704363, "total_compile_time": 31357.34319500625, "total_verification_time": 0, "total_benchmark_time": 27615.60044065118, "overhead_time": 2580.4056487977505, "execution_time": 62.48170042037964}