{"platform_name": "NVIDIA CUDA", "platform_version": "OpenCL 3.0 CUDA 12.3.68", "device_name": "NVIDIA RTX A4000", "device_version": "OpenCL 3.0 CUDA", "opencl_c_version": "OpenCL C 1.2 ", "driver_version": "545.23.06", "iterations": 32, "compiler_options": ["-I/home/fjwillem/Code/kernel_tuner_paper/kernels/gemm_cltune_opencl/"], "best_config": {"nvml_gr_clock": 840, "nvml_mem_clock": 6501, "GEMMK": 0, "MWG": 64, "NWG": 128, "KWG": 16, "MDIMC": 16, "NDIMC": 8, "MDIMA": 16, "NDIMB": 8, "KWI": 2, "VWM": 4, "VWN": 4, "STRM": 1, "STRN": 1, "SA": 1, "SB": 1, "KREG": 1, "PRECISION": 32, "core_freqs": [840.0, 840.0, 840.0, 840.0, 840.0, 840.0, 840.0, 840.0, 840.0, 840.0, 840.0, 840.0, 840.0, 840.0, 840.0, 840.0, 840.0, 840.0, 840.0, 840.0, 840.0, 840.0, 840.0, 840.0, 840.0, 840.0, 840.0, 840.0, 840.0, 840.0, 840.0, 840.0], "core_freq": 840.0, "mem_freqs": [6501.0, 6501.0, 6501.0, 6501.0, 6501.0, 6501.0, 6501.0, 6501.0, 6501.0, 6501.0, 6501.0, 6501.0, 6501.0, 6501.0, 6501.0, 6501.0, 6501.0, 6501.0, 6501.0, 6501.0, 6501.0, 6501.0, 6501.0, 6501.0, 6501.0, 6501.0, 6501.0, 6501.0, 6501.0, 6501.0, 6501.0, 6501.0], "mem_freq": 6501.0, "temperatures": [63.42079207920792, 64.0, 64.83984375, 65.0, 65.0, 65.0, 65.0, 65.0, 65.94779116465864, 66.0, 66.0, 66.0, 66.0, 66.0, 66.0, 66.0, 66.0, 66.0, 66.0, 66.0, 66.0, 66.0, 66.0, 66.0, 66.0, 66.0, 66.0, 66.0, 66.396, 67.0, 67.0, 66.5], "temperature": 65.75326334355833, "time": 19.744896, "times": [19.752959999999998, 19.744768, 19.740672, 19.746816, 19.753984, 19.743744, 19.741695999999997, 19.739648, 19.755008, 19.744768, 19.74272, 19.74272, 19.743744, 19.743744, 19.744768, 19.752959999999998, 19.740672, 19.74272, 19.736576, 19.741695999999997, 19.74784, 19.74272, 19.745791999999998, 19.741695999999997, 19.755008, 19.744768, 19.740672, 19.740672, 19.751936, 19.740672, 19.744768, 19.743744], "pwr_core_freqs": [840.0], "pwr_core_freq": 840.0, "pwr_mem_freqs": [6501.0], "pwr_mem_freq": 6501.0, "pwr_temperatures": [66.99819912528943], "pwr_temperature": 66.99819912528943, "nvml_energy": 2.24440232832, "compile_time": 419.97071309015155, "verification_time": 0, "benchmark_time": 1663.6853169184178, "GFLOP/s": 6962.432615699773, "strategy_time": 0.008184928447008133, "framework_time": 2.085807267576456, "timestamp": "2024-03-14 10:13:14.283484+00:00"}, "total_framework_time": 64.47452818974853, "total_strategy_time": 337.6110182143748, "total_compile_time": 9749.8274280224, "total_verification_time": 0, "total_benchmark_time": 111761.29825925454, "overhead_time": 5023.528329329565, "execution_time": 126.9473967552185}