{"device_name": "NVIDIA RTX A4000", "simulation": true, "simulated_time": 47853.19054988213, "best_config": {"nvml_gr_clock": 840, "nvml_mem_clock": 6501, "GEMMK": 0, "MWG": 128, "NWG": 64, "KWG": 32, "MDIMC": 16, "NDIMC": 8, "MDIMA": 32, "NDIMB": 8, "KWI": 2, "VWM": 4, "VWN": 2, "STRM": 1, "STRN": 0, "SA": 1, "SB": 0, "KREG": 1, "PRECISION": 32, "core_freqs": [840.0, 840.0, 840.0, 840.0, 840.0, 840.0, 840.0], "core_freq": 840.0, "mem_freqs": [6501.0, 6501.0, 6501.0, 6501.0, 6501.0, 6501.0, 6501.0], "mem_freq": 6501.0, "temperatures": [60.0, 60.851711026615966, 61.0, 61.150375939849624, 62.0, 62.0, 62.0], "temperature": 61.2860124237808, "time": 21.70791314285714, "times": [21.755903999999997, 21.474304, 21.834751999999998, 21.657536, 21.702655999999998, 21.627903999999997, 21.902336], "compile_time": 270.5830291379243, "verification_time": 0, "benchmark_time": 156.38285595923662, "GFLOP/s": 6332.8292774763795, "strategy_time": 0.014565885066986084, "framework_time": 0.10542944073677063, "timestamp": "2024-03-15 22:07:44.427613+00:00"}, "total_framework_time": 12.236595153808594, "total_strategy_time": 5149.795133620501, "total_compile_time": 22472.39791159518, "total_verification_time": 0, "total_benchmark_time": 25380.79263828695, "overhead_time": 266.1987226456404, "execution_time": 5.501133680343628}