{"device_name": "NVIDIA RTX A4000", "simulation": true, "simulated_time": 46736.76787130535, "best_config": {"nvml_gr_clock": 840, "nvml_mem_clock": 6501, "GEMMK": 0, "MWG": 64, "NWG": 128, "KWG": 32, "MDIMC": 8, "NDIMC": 16, "MDIMA": 16, "NDIMB": 8, "KWI": 2, "VWM": 4, "VWN": 2, "STRM": 1, "STRN": 0, "SA": 1, "SB": 0, "KREG": 1, "PRECISION": 32, "core_freqs": [840.0, 840.0, 840.0, 840.0, 840.0, 840.0, 840.0], "core_freq": 840.0, "mem_freqs": [6501.0, 6501.0, 6501.0, 6501.0, 6501.0, 6501.0, 6501.0], "mem_freq": 6501.0, "temperatures": [60.0, 60.78021978021978, 61.0, 61.0, 61.0, 61.521186440677965, 62.0], "temperature": 61.043058031556825, "time": 20.129787428571426, "times": [20.169728, 20.16256, 20.078592, 20.123648, 20.08576, 20.170752, 20.117472], "compile_time": 196.90715102478862, "verification_time": 0, "benchmark_time": 145.19281778484583, "GFLOP/s": 6829.307482347129, "strategy_time": 0.017823651432991028, "framework_time": 0.11116825044155121, "timestamp": "2024-03-15 16:05:32.074760+00:00"}, "total_framework_time": 12.95202411711216, "total_strategy_time": 4985.562337562442, "total_compile_time": 21148.599471896887, "total_verification_time": 0, "total_benchmark_time": 25588.16839940846, "overhead_time": 282.44795091450214, "execution_time": 5.345182657241821}