{"device_name": "NVIDIA RTX A4000", "simulation": true, "simulated_time": 120624.26105351187, "best_config": {"nvml_gr_clock": 840, "nvml_mem_clock": 6501, "GEMMK": 0, "MWG": 128, "NWG": 128, "KWG": 32, "MDIMC": 16, "NDIMC": 8, "MDIMA": 16, "NDIMB": 16, "KWI": 2, "VWM": 4, "VWN": 2, "STRM": 0, "STRN": 1, "SA": 1, "SB": 1, "KREG": 1, "PRECISION": 32, "core_freqs": [840.0, 840.0, 840.0, 840.0, 840.0, 840.0, 840.0], "core_freq": 840.0, "mem_freqs": [6501.0, 6501.0, 6501.0, 6501.0, 6501.0, 6501.0, 6501.0], "mem_freq": 6501.0, "temperatures": [53.0, 53.6, 54.0, 54.0, 54.0, 54.0, 54.0], "temperature": 53.800000000000004, "time": 20.47751314285714, "times": [20.481023999999998, 20.475904, 20.48, 20.47488, 20.472832, 20.489216, 20.468736], "compile_time": 465.8566019497812, "verification_time": 0, "benchmark_time": 151.84524306096137, "GFLOP/s": 6713.339991284656, "strategy_time": 0.0016440171748399734, "framework_time": 0.03999401815235615, "timestamp": "2024-03-16 00:43:05.580693+00:00"}, "total_framework_time": 8.089325157925487, "total_strategy_time": 4023.0086809024215, "total_compile_time": 46914.39034789801, "total_verification_time": 0, "total_benchmark_time": 73709.87070561387, "overhead_time": 268.29904806800187, "execution_time": 4.364831924438477}