{"device_name": "NVIDIA RTX A4000", "simulation": true, "simulated_time": 122702.68068648875, "best_config": {"nvml_gr_clock": 840, "nvml_mem_clock": 6501, "GEMMK": 0, "MWG": 128, "NWG": 128, "KWG": 32, "MDIMC": 32, "NDIMC": 8, "MDIMA": 32, "NDIMB": 16, "KWI": 2, "VWM": 4, "VWN": 4, "STRM": 0, "STRN": 0, "SA": 0, "SB": 1, "KREG": 1, "PRECISION": 32, "core_freqs": [840.0, 840.0, 840.0, 840.0, 840.0, 840.0, 840.0, 840.0, 840.0, 840.0, 840.0, 840.0, 840.0, 840.0, 840.0, 840.0, 840.0, 840.0, 840.0, 840.0, 840.0, 840.0, 840.0, 840.0, 840.0, 840.0, 840.0, 840.0, 840.0, 840.0, 840.0, 840.0], "core_freq": 840.0, "mem_freqs": [6501.0, 6501.0, 6501.0, 6501.0, 6501.0, 6501.0, 6501.0, 6501.0, 6501.0, 6501.0, 6501.0, 6501.0, 6501.0, 6501.0, 6501.0, 6501.0, 6501.0, 6501.0, 6501.0, 6501.0, 6501.0, 6501.0, 6501.0, 6501.0, 6501.0, 6501.0, 6501.0, 6501.0, 6501.0, 6501.0, 6501.0, 6501.0], "mem_freq": 6501.0, "temperatures": [56.0, 56.0, 56.0, 56.945454545454545, 57.0, 57.0, 57.0, 57.0, 57.0, 57.0, 57.0, 57.0, 57.838815789473685, 58.0, 58.0, 58.0, 58.0, 58.0, 58.0, 58.0, 58.0, 58.0, 58.0, 58.0, 58.0, 58.0, 58.0, 58.0, 58.0, 58.0, 58.0, 58.0], "temperature": 57.52450844796651, "time": 22.370077, "times": [22.347776, 22.310912, 22.244352, 22.48704, 22.305792, 22.327296, 22.326272, 22.35392, 22.499328, 22.49728, 22.28736, 22.430719999999997, 22.480895999999998, 22.524928, 22.3232, 22.38976, 22.545408, 22.365184, 22.350848, 22.335487999999998, 22.371328, 22.272, 22.278143999999998, 22.341632, 22.325248, 22.38976, 22.294463999999998, 22.304768, 22.356959999999997, 22.3488, 22.286336, 22.539264], "pwr_core_freqs": [840.0], "pwr_core_freq": 840.0, "pwr_mem_freqs": [6501.0], "pwr_mem_freq": 6501.0, "pwr_temperatures": [58.0], "pwr_temperature": 58.0, "nvml_energy": 1.9029553401589998, "compile_time": 258.4833297878504, "verification_time": 0, "benchmark_time": 2517.8148820996284, "GFLOP/s": 6145.374819407193, "strategy_time": 0.0016530975699424744, "framework_time": 0.04419288598001003, "timestamp": "2024-02-15 14:05:57.924411+00:00"}, "total_framework_time": 1.542127225548029, "total_strategy_time": 7410.689176758751, "total_compile_time": 8612.25983966142, "total_verification_time": 0, "total_benchmark_time": 114090.42084682733, "overhead_time": 501.1161349248141, "execution_time": 8.500011205673218}