{"platform_name": "NVIDIA CUDA", "platform_version": "OpenCL 3.0 CUDA 12.3.68", "device_name": "NVIDIA RTX A4000", "device_version": "OpenCL 3.0 CUDA", "opencl_c_version": "OpenCL C 1.2 ", "driver_version": "545.23.06", "iterations": 32, "compiler_options": ["-I/home/fjwillem/Code/kernel_tuner_paper/kernels/gemm_cltune_opencl/"], "best_config": {"nvml_gr_clock": 840, "nvml_mem_clock": 6501, "GEMMK": 0, "MWG": 128, "NWG": 128, "KWG": 32, "MDIMC": 8, "NDIMC": 16, "MDIMA": 16, "NDIMB": 32, "KWI": 2, "VWM": 2, "VWN": 4, "STRM": 1, "STRN": 0, "SA": 1, "SB": 1, "KREG": 1, "PRECISION": 32, "core_freqs": [840.0, 840.0, 840.0, 840.0, 840.0, 840.0, 840.0, 840.0, 840.0, 840.0, 840.0, 840.0, 840.0, 840.0, 840.0, 840.0, 840.0, 840.0, 840.0, 840.0, 840.0, 840.0, 840.0, 840.0, 840.0, 840.0, 840.0, 840.0, 840.0, 840.0, 840.0, 840.0], "core_freq": 840.0, "mem_freqs": [6501.0, 6501.0, 6501.0, 6501.0, 6501.0, 6501.0, 6501.0, 6501.0, 6501.0, 6501.0, 6501.0, 6501.0, 6501.0, 6501.0, 6501.0, 6501.0, 6501.0, 6501.0, 6501.0, 6501.0, 6501.0, 6501.0, 6501.0, 6501.0, 6501.0, 6501.0, 6501.0, 6501.0, 6501.0, 6501.0, 6501.0, 6501.0], "mem_freq": 6501.0, "temperatures": [64.0, 64.96774193548387, 65.0, 65.0, 65.10689655172413, 66.0, 66.0, 66.0, 66.0, 66.0, 66.0, 66.0, 66.0, 66.0, 66.0, 66.0, 66.0, 66.0, 66.0, 66.0, 66.0, 66.0, 66.0, 66.0, 66.0, 66.0, 66.0, 66.0, 66.0, 66.0, 66.0, 66.0], "temperature": 65.81483245272526, "time": 22.617725, "times": [22.596608, 22.63552, 22.617088, 22.644735999999998, 22.571008, 22.583296, 22.62528, 22.577151999999998, 22.63552, 22.601727999999998, 22.630399999999998, 22.654975999999998, 22.588416, 22.652928, 22.588383999999998, 22.592512, 22.62528, 22.5536, 22.66624, 22.643712, 22.622208, 22.623231999999998, 22.649856, 22.633471999999998, 22.62528, 22.650879999999997, 22.621184, 22.592512, 22.594559999999998, 22.646784, 22.62832, 22.594528], "pwr_core_freqs": [840.0], "pwr_core_freq": 840.0, "pwr_mem_freqs": [6501.0], "pwr_mem_freq": 6501.0, "pwr_temperatures": [66.92467660062223], "pwr_temperature": 66.92467660062223, "nvml_energy": 2.07381920525, "compile_time": 517.1691461000592, "verification_time": 0, "benchmark_time": 1764.5851778797805, "GFLOP/s": 6078.087336546889, "strategy_time": 0.010528834536671638, "framework_time": 1.7598362173885107, "timestamp": "2024-03-14 10:05:11.248318+00:00"}, "total_framework_time": 65.19207987003028, "total_strategy_time": 335.5111903510988, "total_compile_time": 10341.626195702702, "total_verification_time": 0, "total_benchmark_time": 108429.23376150429, "overhead_time": 4275.722086662427, "execution_time": 123.45787405967712}