{"device_name": "NVIDIA RTX A4000", "simulation": true, "simulated_time": 121316.23526103795, "best_config": {"nvml_gr_clock": 840, "nvml_mem_clock": 6501, "GEMMK": 0, "MWG": 64, "NWG": 64, "KWG": 32, "MDIMC": 8, "NDIMC": 8, "MDIMA": 8, "NDIMB": 8, "KWI": 2, "VWM": 2, "VWN": 8, "STRM": 0, "STRN": 0, "SA": 0, "SB": 1, "KREG": 1, "PRECISION": 32, "core_freqs": [840.0, 840.0, 840.0, 840.0, 840.0, 840.0, 840.0, 840.0, 840.0, 840.0, 840.0, 840.0, 840.0, 840.0, 840.0, 840.0, 840.0, 840.0, 840.0, 840.0, 840.0, 840.0, 840.0, 840.0, 840.0, 840.0, 840.0, 840.0, 840.0, 840.0, 840.0, 840.0], "core_freq": 840.0, "mem_freqs": [6501.0, 6501.0, 6501.0, 6501.0, 6501.0, 6501.0, 6501.0, 6501.0, 6501.0, 6501.0, 6501.0, 6501.0, 6501.0, 6501.0, 6501.0, 6501.0, 6501.0, 6501.0, 6501.0, 6501.0, 6501.0, 6501.0, 6501.0, 6501.0, 6501.0, 6501.0, 6501.0, 6501.0, 6501.0, 6501.0, 6501.0, 6501.0], "mem_freq": 6501.0, "temperatures": [60.0, 60.33232628398792, 61.0, 61.0, 61.0, 61.74251497005988, 62.0, 62.0, 62.0, 62.0, 62.0, 62.0, 62.0, 62.0, 62.0, 62.0, 62.0, 62.0, 62.0, 62.0, 62.0, 62.0, 62.0, 62.0, 62.0, 62.0, 62.0, 62.0, 62.0, 62.0, 62.22796352583587, 62.950980392156865], "temperature": 61.82043078662626, "time": 24.053950999999998, "times": [23.955455999999998, 24.022015999999997, 24.146943999999998, 23.914496, 24.0384, 24.171519999999997, 24.164351999999997, 24.308736, 23.939072, 24.135679999999997, 23.968767999999997, 24.00048, 23.916544, 23.979008, 24.109056, 24.136703999999998, 23.851008, 24.368128, 23.94624, 24.14592, 23.960576, 24.004607999999998, 23.929855999999997, 23.943168, 24.014848, 23.934976, 23.994367999999998, 23.871488, 24.211456, 24.159232, 24.043519999999997, 24.439808], "pwr_core_freqs": [840.0], "pwr_core_freq": 840.0, "pwr_mem_freqs": [6501.0], "pwr_mem_freq": 6501.0, "pwr_temperatures": [62.9514186083373], "pwr_temperature": 62.9514186083373, "nvml_energy": 2.3593077298839997, "compile_time": 228.17987110465765, "verification_time": 0, "benchmark_time": 2577.9042979702353, "GFLOP/s": 5715.173690343013, "strategy_time": 0.001642853021621704, "framework_time": 0.04327110946178436, "timestamp": "2024-02-12 17:57:14.931729+00:00"}, "total_framework_time": 1.4372726436704397, "total_strategy_time": 7758.513499749824, "total_compile_time": 7383.113489486277, "total_verification_time": 0, "total_benchmark_time": 113933.12177155167, "overhead_time": 510.8631656039506, "execution_time": 8.856168508529663}