{"platform_name": "NVIDIA CUDA", "platform_version": "OpenCL 3.0 CUDA 12.3.68", "device_name": "NVIDIA RTX A4000", "device_version": "OpenCL 3.0 CUDA", "opencl_c_version": "OpenCL C 1.2 ", "driver_version": "545.23.06", "iterations": 7, "compiler_options": ["-I/home/fjwillem/Code/kernel_tuner_paper/kernels/gemm_cltune_opencl/"], "best_config": {"nvml_gr_clock": 840, "nvml_mem_clock": 6501, "GEMMK": 0, "MWG": 128, "NWG": 128, "KWG": 32, "MDIMC": 16, "NDIMC": 8, "MDIMA": 8, "NDIMB": 8, "KWI": 2, "VWM": 8, "VWN": 8, "STRM": 1, "STRN": 1, "SA": 1, "SB": 1, "KREG": 1, "PRECISION": 32, "core_freqs": [840.0, 840.0, 840.0, 840.0, 840.0, 840.0, 840.0], "core_freq": 840.0, "mem_freqs": [6501.0, 6501.0, 6501.0, 6501.0, 6501.0, 6501.0, 6501.0], "mem_freq": 6501.0, "temperatures": [58.0, 58.0, 58.76442307692308, 59.0, 59.0, 60.0, 60.0], "temperature": 58.96634615384615, "time": 20.17250742857143, "times": [20.179968, 20.175872, 20.178943999999998, 20.180992, 20.158464, 20.157439999999998, 20.175872], "compile_time": 325.86838863790035, "verification_time": 0, "benchmark_time": 148.41552823781967, "GFLOP/s": 6814.844827336147, "strategy_time": 0.06662681698799133, "framework_time": 2.0476970821619034, "timestamp": "2024-07-11 08:16:30.934504+00:00"}, "total_framework_time": 212.3924158513546, "total_strategy_time": 710.032282397151, "total_compile_time": 28086.73588745296, "total_verification_time": 0, "total_benchmark_time": 20868.41954290867, "overhead_time": 2726.752530783415, "execution_time": 52.620073318481445}