{"platform_name": "NVIDIA CUDA", "platform_version": "OpenCL 3.0 CUDA 12.3.68", "device_name": "NVIDIA RTX A4000", "device_version": "OpenCL 3.0 CUDA", "opencl_c_version": "OpenCL C 1.2 ", "driver_version": "545.23.06", "iterations": 7, "compiler_options": ["-I/home/fjwillem/Code/kernel_tuner_paper/kernels/gemm_cltune_opencl/"], "best_config": {"nvml_gr_clock": 840, "nvml_mem_clock": 6501, "GEMMK": 0, "MWG": 64, "NWG": 128, "KWG": 32, "MDIMC": 8, "NDIMC": 16, "MDIMA": 16, "NDIMB": 32, "KWI": 2, "VWM": 4, "VWN": 2, "STRM": 1, "STRN": 0, "SA": 1, "SB": 0, "KREG": 1, "PRECISION": 32, "core_freqs": [840.0, 840.0, 840.0, 840.0, 840.0, 840.0, 840.0], "core_freq": 840.0, "mem_freqs": [6501.0, 6501.0, 6501.0, 6501.0, 6501.0, 6501.0, 6501.0], "mem_freq": 6501.0, "temperatures": [58.0, 58.55555555555556, 59.04819277108434, 60.0, 60.0, 60.0, 60.0], "temperature": 59.371964046662846, "time": 20.091757714285713, "times": [20.048896, 20.092928, 20.107264, 20.087808, 20.112384, 20.067328, 20.125695999999998], "compile_time": 75.81054046750069, "verification_time": 0, "benchmark_time": 144.09570582211018, "GFLOP/s": 6842.234007542994, "strategy_time": 0.033542513847351074, "framework_time": 1.073986291885376, "timestamp": "2024-07-09 10:04:46.765235+00:00"}, "total_framework_time": 211.53784357011318, "total_strategy_time": 683.245686814189, "total_compile_time": 24028.886208310723, "total_verification_time": 0, "total_benchmark_time": 23014.54300992191, "overhead_time": 2568.444013595581, "execution_time": 50.516457080841064}