{"device_name": "NVIDIA RTX A4000", "simulation": true, "simulated_time": 121617.99000669271, "best_config": {"nvml_gr_clock": 840, "nvml_mem_clock": 6501, "GEMMK": 0, "MWG": 128, "NWG": 128, "KWG": 16, "MDIMC": 16, "NDIMC": 8, "MDIMA": 8, "NDIMB": 8, "KWI": 2, "VWM": 4, "VWN": 4, "STRM": 1, "STRN": 1, "SA": 1, "SB": 1, "KREG": 1, "PRECISION": 32, "core_freqs": [840.0, 840.0, 840.0, 840.0, 840.0, 840.0, 840.0, 840.0, 840.0, 840.0, 840.0, 840.0, 840.0, 840.0, 840.0, 840.0, 840.0, 840.0, 840.0, 840.0, 840.0, 840.0, 840.0, 840.0, 840.0, 840.0, 840.0, 840.0, 840.0, 840.0, 840.0, 840.0], "core_freq": 840.0, "mem_freqs": [6501.0, 6501.0, 6501.0, 6501.0, 6501.0, 6501.0, 6501.0, 6501.0, 6501.0, 6501.0, 6501.0, 6501.0, 6501.0, 6501.0, 6501.0, 6501.0, 6501.0, 6501.0, 6501.0, 6501.0, 6501.0, 6501.0, 6501.0, 6501.0, 6501.0, 6501.0, 6501.0, 6501.0, 6501.0, 6501.0, 6501.0, 6501.0], "mem_freq": 6501.0, "temperatures": [55.0, 55.0, 55.947565543071164, 56.0, 56.0, 56.0, 56.455882352941174, 57.0, 57.0, 57.0, 57.0, 57.0, 57.0, 57.0, 57.0, 57.0, 57.0, 57.0, 57.0, 57.0, 57.0, 57.0, 57.0, 57.89453125, 57.96218487394958, 58.0, 58.0, 57.92395437262358, 58.0, 58.0, 58.0, 58.0], "temperature": 57.0057536997683, "time": 19.476064, "times": [19.489791999999998, 19.460096, 19.470336, 19.490816, 19.47648, 19.47136, 19.478528, 19.468287999999998, 19.465215999999998, 19.456, 19.483648, 19.480576, 19.469312, 19.47648, 19.478528, 19.48672, 19.465215999999998, 19.459072, 19.458047999999998, 19.480576, 19.499008, 19.487744, 19.467264, 19.467264, 19.49184, 19.487744, 19.487744, 19.461119999999998, 19.490816, 19.482623999999998, 19.475455999999998, 19.470336], "pwr_core_freqs": [840.0], "pwr_core_freq": 840.0, "pwr_mem_freqs": [6501.0], "pwr_mem_freq": 6501.0, "pwr_temperatures": [58.0], "pwr_temperature": 58.0, "nvml_energy": 1.895488452736, "compile_time": 344.72598414868116, "verification_time": 0, "benchmark_time": 2434.2587124556303, "GFLOP/s": 7058.536463219672, "strategy_time": 7690.642606001347, "framework_time": 0.1402620691806078, "timestamp": "2024-02-15 02:18:44.428888+00:00"}, "total_framework_time": 1.6297551337629557, "total_strategy_time": 7690.700551494956, "total_compile_time": 8466.408939100802, "total_verification_time": 0, "total_benchmark_time": 113151.5810675919, "overhead_time": 500.09079626761377, "execution_time": 8.777230024337769}