{"platform_name": "NVIDIA CUDA", "platform_version": "OpenCL 3.0 CUDA 12.3.68", "device_name": "NVIDIA RTX A4000", "device_version": "OpenCL 3.0 CUDA", "opencl_c_version": "OpenCL C 1.2 ", "driver_version": "545.23.06", "iterations": 7, "compiler_options": ["-I/home/fjwillem/Code/kernel_tuner_paper/kernels/gemm_cltune_opencl/"], "best_config": {"nvml_gr_clock": 840, "nvml_mem_clock": 6501, "GEMMK": 0, "MWG": 64, "NWG": 64, "KWG": 32, "MDIMC": 8, "NDIMC": 8, "MDIMA": 32, "NDIMB": 32, "KWI": 2, "VWM": 2, "VWN": 2, "STRM": 1, "STRN": 0, "SA": 1, "SB": 1, "KREG": 1, "PRECISION": 32, "core_freqs": [840.0, 840.0, 840.0, 840.0, 840.0, 840.0, 840.0], "core_freq": 840.0, "mem_freqs": [6501.0, 6501.0, 6501.0, 6501.0, 6501.0, 6501.0, 6501.0], "mem_freq": 6501.0, "temperatures": [57.0, 57.16379310344828, 58.0, 58.818930041152264, 59.0, 59.0, 59.0], "temperature": 58.28324616351436, "time": 20.845270857142857, "times": [20.862976, 20.843519999999998, 20.84864, 20.835328, 20.831232, 20.8384, 20.8568], "compile_time": 296.5018004179001, "verification_time": 0, "benchmark_time": 148.95815588533878, "GFLOP/s": 6594.90149329931, "strategy_time": 0.07165409624576569, "framework_time": 2.1171532571315765, "timestamp": "2024-07-11 08:12:48.279684+00:00"}, "total_framework_time": 214.3845595419407, "total_strategy_time": 733.0058328807354, "total_compile_time": 28517.58958771825, "total_verification_time": 0, "total_benchmark_time": 21673.105707392097, "overhead_time": 2705.9932481497526, "execution_time": 53.857040882110596}