{"device_name": "NVIDIA RTX A4000", "simulation": true, "simulated_time": 48904.168197186664, "best_config": {"nvml_gr_clock": 840, "nvml_mem_clock": 6501, "GEMMK": 0, "MWG": 128, "NWG": 64, "KWG": 32, "MDIMC": 16, "NDIMC": 8, "MDIMA": 8, "NDIMB": 16, "KWI": 2, "VWM": 8, "VWN": 4, "STRM": 0, "STRN": 1, "SA": 0, "SB": 1, "KREG": 1, "PRECISION": 32, "core_freqs": [840.0, 840.0, 840.0, 840.0, 840.0, 840.0, 840.0], "core_freq": 840.0, "mem_freqs": [6501.0, 6501.0, 6501.0, 6501.0, 6501.0, 6501.0, 6501.0], "mem_freq": 6501.0, "temperatures": [59.0, 59.047430830039524, 60.0, 60.0, 60.178030303030305, 61.0, 61.0], "temperature": 60.03220873329569, "time": 20.84951314285714, "times": [20.873216, 20.888576, 20.839423999999998, 20.852736, 20.76672, 20.881376, 20.844544], "compile_time": 236.56892380677164, "verification_time": 0, "benchmark_time": 150.2807019278407, "GFLOP/s": 6593.559617534612, "strategy_time": 0.01385621726512909, "framework_time": 0.10711140930652618, "timestamp": "2024-03-15 21:59:58.015422+00:00"}, "total_framework_time": 13.07455450296402, "total_strategy_time": 5155.231999233365, "total_compile_time": 26519.727112492546, "total_verification_time": 0, "total_benchmark_time": 22384.441084694117, "overhead_time": 301.7155844718218, "execution_time": 5.536274671554565}