{"device_name": "NVIDIA RTX A4000", "simulation": true, "simulated_time": 126569.14543360472, "best_config": {"nvml_gr_clock": 840, "nvml_mem_clock": 6501, "GEMMK": 0, "MWG": 64, "NWG": 128, "KWG": 16, "MDIMC": 16, "NDIMC": 8, "MDIMA": 8, "NDIMB": 8, "KWI": 2, "VWM": 2, "VWN": 4, "STRM": 1, "STRN": 0, "SA": 0, "SB": 1, "KREG": 1, "PRECISION": 32, "core_freqs": [840.0, 840.0, 840.0, 840.0, 840.0, 840.0, 840.0, 840.0, 840.0, 840.0, 840.0, 840.0, 840.0, 840.0, 840.0, 840.0, 840.0, 840.0, 840.0, 840.0, 840.0, 840.0, 840.0, 840.0, 840.0, 840.0, 840.0, 840.0, 840.0, 840.0, 840.0, 840.0], "core_freq": 840.0, "mem_freqs": [6501.0, 6501.0, 6501.0, 6501.0, 6501.0, 6501.0, 6501.0, 6501.0, 6501.0, 6501.0, 6501.0, 6501.0, 6501.0, 6501.0, 6501.0, 6501.0, 6501.0, 6501.0, 6501.0, 6501.0, 6501.0, 6501.0, 6501.0, 6501.0, 6501.0, 6501.0, 6501.0, 6501.0, 6501.0, 6501.0, 6501.0, 6501.0], "mem_freq": 6501.0, "temperatures": [58.00361010830325, 59.0, 59.0, 59.521875, 60.0, 60.0, 60.0, 60.0, 60.0, 60.0, 60.0, 60.0, 60.549019607843135, 60.967213114754095, 61.0, 61.0, 61.0, 61.0, 61.0, 61.0, 61.0, 61.0, 61.0, 61.0, 61.0, 61.0, 61.0, 61.0, 61.0, 61.0, 61.0, 61.0], "temperature": 60.470053682215635, "time": 22.91347, "times": [22.924288, 22.909952, 22.908928, 22.910975999999998, 22.916096, 22.919168, 22.906879999999997, 22.915072, 22.91712, 22.926336, 22.908928, 22.924288, 22.924288, 22.909952, 22.905856, 22.91712, 22.921215999999998, 22.916096, 22.906879999999997, 22.908928, 22.913024, 22.908928, 22.906879999999997, 22.913024, 22.903807999999998, 22.910975999999998, 22.909952, 22.908928, 22.910975999999998, 22.914047999999998, 22.921215999999998, 22.910912], "pwr_core_freqs": [840.0], "pwr_core_freq": 840.0, "pwr_mem_freqs": [6501.0], "pwr_mem_freq": 6501.0, "pwr_temperatures": [61.26769997663369], "pwr_temperature": 61.26769997663369, "nvml_energy": 2.42733844445, "compile_time": 479.92964554578066, "verification_time": 0, "benchmark_time": 2543.2355031371117, "GFLOP/s": 5999.6372397546065, "strategy_time": 0.0015629921108484268, "framework_time": 0.04898197948932648, "timestamp": "2024-02-13 03:51:23.798913+00:00"}, "total_framework_time": 1.59853370860219, "total_strategy_time": 7561.663106316701, "total_compile_time": 8239.263891242445, "total_verification_time": 0, "total_benchmark_time": 118329.88154236227, "overhead_time": 495.96156482584774, "execution_time": 8.66073727607727}