{"platform_name": "NVIDIA CUDA", "platform_version": "OpenCL 3.0 CUDA 12.3.68", "device_name": "NVIDIA RTX A4000", "device_version": "OpenCL 3.0 CUDA", "opencl_c_version": "OpenCL C 1.2 ", "driver_version": "545.23.06", "iterations": 7, "compiler_options": ["-I/home/fjwillem/Code/kernel_tuner_paper/kernels/gemm_cltune_opencl/"], "best_config": {"nvml_gr_clock": 840, "nvml_mem_clock": 6501, "GEMMK": 0, "MWG": 64, "NWG": 64, "KWG": 32, "MDIMC": 8, "NDIMC": 8, "MDIMA": 32, "NDIMB": 32, "KWI": 2, "VWM": 2, "VWN": 2, "STRM": 1, "STRN": 0, "SA": 1, "SB": 1, "KREG": 1, "PRECISION": 32, "core_freqs": [840.0, 840.0, 840.0, 840.0, 840.0, 840.0, 840.0], "core_freq": 840.0, "mem_freqs": [6501.0, 6501.0, 6501.0, 6501.0, 6501.0, 6501.0, 6501.0], "mem_freq": 6501.0, "temperatures": [56.0, 56.93388429752066, 57.429906542056074, 58.0, 58.0, 58.0, 58.263829787234044], "temperature": 57.518231518115826, "time": 20.849517714285714, "times": [20.859904, 20.83328, 20.844544, 20.855808, 20.842496, 20.862976, 20.847616], "compile_time": 289.980448782444, "verification_time": 0, "benchmark_time": 148.65048229694366, "GFLOP/s": 6593.55817184233, "strategy_time": 0.028211623430252075, "framework_time": 1.0074805468320847, "timestamp": "2024-07-09 10:58:21.931098+00:00"}, "total_framework_time": 225.7751915603876, "total_strategy_time": 719.0734222531319, "total_compile_time": 35272.549318149686, "total_verification_time": 0, "total_benchmark_time": 33559.75344777107, "overhead_time": 3656.356645748019, "execution_time": 73.44758033752441}