{"device_name": "NVIDIA RTX A4000", "simulation": true, "simulated_time": 120493.49752417766, "best_config": {"nvml_gr_clock": 840, "nvml_mem_clock": 6501, "GEMMK": 0, "MWG": 128, "NWG": 64, "KWG": 32, "MDIMC": 8, "NDIMC": 16, "MDIMA": 16, "NDIMB": 16, "KWI": 2, "VWM": 2, "VWN": 4, "STRM": 1, "STRN": 1, "SA": 1, "SB": 1, "KREG": 1, "PRECISION": 32, "core_freqs": [840.0, 840.0, 840.0, 840.0, 840.0, 840.0, 840.0], "core_freq": 840.0, "mem_freqs": [6501.0, 6501.0, 6501.0, 6501.0, 6501.0, 6501.0, 6501.0], "mem_freq": 6501.0, "temperatures": [57.0, 57.99307958477509, 58.63573883161512, 59.0, 59.0, 59.0, 59.489208633093526], "temperature": 58.58828957849768, "time": 21.460992, "times": [21.474304, 21.451776, 21.44768, 21.485568, 21.438464, 21.469184, 21.459968], "compile_time": 493.00971697084606, "verification_time": 0, "benchmark_time": 153.62965082749724, "GFLOP/s": 6405.692146197155, "strategy_time": 0.0016228295862674713, "framework_time": 0.04033511504530907, "timestamp": "2024-03-15 21:35:02.991750+00:00"}, "total_framework_time": 7.9861648846417665, "total_strategy_time": 3872.3708810284734, "total_compile_time": 47165.864129085094, "total_verification_time": 0, "total_benchmark_time": 73327.63339509256, "overhead_time": 258.18285811692476, "execution_time": 4.200912714004517}