{"platform_name": "NVIDIA CUDA", "platform_version": "OpenCL 3.0 CUDA 12.3.68", "device_name": "NVIDIA RTX A4000", "device_version": "OpenCL 3.0 CUDA", "opencl_c_version": "OpenCL C 1.2 ", "driver_version": "545.23.06", "iterations": 7, "compiler_options": ["-I/home/fjwillem/Code/kernel_tuner_paper/kernels/gemm_cltune_opencl/"], "best_config": {"nvml_gr_clock": 840, "nvml_mem_clock": 6501, "GEMMK": 0, "MWG": 64, "NWG": 64, "KWG": 16, "MDIMC": 8, "NDIMC": 8, "MDIMA": 8, "NDIMB": 16, "KWI": 2, "VWM": 4, "VWN": 2, "STRM": 1, "STRN": 1, "SA": 1, "SB": 1, "KREG": 1, "PRECISION": 32, "core_freqs": [840.0, 840.0, 840.0, 840.0, 840.0, 840.0, 840.0], "core_freq": 840.0, "mem_freqs": [6501.0, 6501.0, 6501.0, 6501.0, 6501.0, 6501.0, 6501.0], "mem_freq": 6501.0, "temperatures": [59.0, 59.46718146718147, 60.0, 60.0, 60.70498084291188, 61.0, 61.0], "temperature": 60.16745175858476, "time": 20.223122285714286, "times": [20.220928, 20.221951999999998, 20.227072, 20.226048, 20.231168, 20.21888, 20.215808], "compile_time": 221.71475808136165, "verification_time": 0, "benchmark_time": 148.47970590926707, "GFLOP/s": 6797.78848991638, "strategy_time": 0.009848037734627724, "framework_time": 1.7004110850393772, "timestamp": "2024-03-15 15:24:56.590826+00:00"}, "total_framework_time": 317.4717591609806, "total_strategy_time": 7649.563754443079, "total_compile_time": 39775.08968906477, "total_verification_time": 0, "total_benchmark_time": 78931.82137748227, "overhead_time": 2624.5049638673663, "execution_time": 129.31287932395935}