{"platform_name": "NVIDIA CUDA", "platform_version": "OpenCL 3.0 CUDA 12.3.68", "device_name": "NVIDIA RTX A4000", "device_version": "OpenCL 3.0 CUDA", "opencl_c_version": "OpenCL C 1.2 ", "driver_version": "545.23.06", "iterations": 7, "compiler_options": ["-I/home/fjwillem/Code/kernel_tuner_paper/kernels/gemm_cltune_opencl/"], "best_config": {"nvml_gr_clock": 840, "nvml_mem_clock": 6501, "GEMMK": 0, "MWG": 64, "NWG": 128, "KWG": 16, "MDIMC": 8, "NDIMC": 16, "MDIMA": 32, "NDIMB": 32, "KWI": 2, "VWM": 2, "VWN": 4, "STRM": 1, "STRN": 1, "SA": 1, "SB": 0, "KREG": 1, "PRECISION": 32, "core_freqs": [840.0, 840.0, 840.0, 840.0, 840.0, 840.0, 840.0], "core_freq": 840.0, "mem_freqs": [6501.0, 6501.0, 6501.0, 6501.0, 6501.0, 6501.0, 6501.0], "mem_freq": 6501.0, "temperatures": [62.0, 62.0, 62.83802816901409, 63.0, 63.0, 63.0, 63.0], "temperature": 62.69114688128773, "time": 20.986733714285712, "times": [20.748288, 20.924416, 21.193728, 21.178368, 21.056511999999998, 20.971519999999998, 20.834304], "compile_time": 181.22397013939917, "verification_time": 0, "benchmark_time": 150.30602901242673, "GFLOP/s": 6550.448000892211, "strategy_time": 0.007964903488755226, "framework_time": 1.4899070374667645, "timestamp": "2024-03-15 16:28:30.150410+00:00"}, "total_framework_time": 326.4989382587373, "total_strategy_time": 337.7584624104202, "total_compile_time": 37354.58049341105, "total_verification_time": 0, "total_benchmark_time": 81899.5977321174, "overhead_time": 2826.363230822608, "execution_time": 122.75620865821838}