{"platform_name": "NVIDIA CUDA", "platform_version": "OpenCL 3.0 CUDA 12.3.68", "device_name": "NVIDIA RTX A4000", "device_version": "OpenCL 3.0 CUDA", "opencl_c_version": "OpenCL C 1.2 ", "driver_version": "545.23.06", "iterations": 7, "compiler_options": ["-I/home/fjwillem/Code/kernel_tuner_paper/kernels/gemm_cltune_opencl/"], "best_config": {"nvml_gr_clock": 840, "nvml_mem_clock": 6501, "GEMMK": 0, "MWG": 128, "NWG": 64, "KWG": 16, "MDIMC": 16, "NDIMC": 8, "MDIMA": 32, "NDIMB": 16, "KWI": 2, "VWM": 4, "VWN": 4, "STRM": 1, "STRN": 0, "SA": 1, "SB": 1, "KREG": 1, "PRECISION": 32, "core_freqs": [840.0, 840.0, 840.0, 840.0, 840.0, 840.0, 840.0], "core_freq": 840.0, "mem_freqs": [6501.0, 6501.0, 6501.0, 6501.0, 6501.0, 6501.0, 6501.0], "mem_freq": 6501.0, "temperatures": [60.30232558139535, 61.0, 61.0, 61.32818532818533, 62.0, 62.0, 62.0], "temperature": 61.37578727279724, "time": 18.826386285714285, "times": [18.835456, 18.833408, 18.825215999999998, 18.820096, 18.818047999999997, 18.825215999999998, 18.827264], "compile_time": 307.4489349965006, "verification_time": 0, "benchmark_time": 135.13658288866282, "GFLOP/s": 7302.1187294088395, "strategy_time": 0.007775146514177322, "framework_time": 1.438820967450738, "timestamp": "2024-03-15 16:29:58.701509+00:00"}, "total_framework_time": 319.07027191482484, "total_strategy_time": 12471.222426975146, "total_compile_time": 36157.98233100213, "total_verification_time": 0, "total_benchmark_time": 82774.96049576439, "overhead_time": 2717.629321385175, "execution_time": 134.45444893836975}