{"device_name": "NVIDIA RTX A4000", "simulation": true, "simulated_time": 65824.9006671831, "best_config": {"nvml_gr_clock": 840, "nvml_mem_clock": 6501, "GEMMK": 0, "MWG": 64, "NWG": 64, "KWG": 32, "MDIMC": 8, "NDIMC": 8, "MDIMA": 8, "NDIMB": 32, "KWI": 2, "VWM": 4, "VWN": 2, "STRM": 0, "STRN": 0, "SA": 0, "SB": 1, "KREG": 1, "PRECISION": 32, "core_freqs": [840.0, 840.0, 840.0, 840.0, 840.0, 840.0, 840.0], "core_freq": 840.0, "mem_freqs": [6501.0, 6501.0, 6501.0, 6501.0, 6501.0, 6501.0, 6501.0], "mem_freq": 6501.0, "temperatures": [59.0, 59.98757763975155, 60.66459627329193, 61.0, 61.0, 61.0, 61.0], "temperature": 60.52173913043479, "time": 23.250212571428566, "times": [23.242752, 23.225344, 23.266303999999998, 23.242752, 23.238656, 23.263232, 23.272448], "compile_time": 220.0245331041515, "verification_time": 0, "benchmark_time": 168.6565149575472, "GFLOP/s": 5912.7419795264805, "strategy_time": 0.005388632416725159, "framework_time": 0.1056622713804245, "timestamp": "2024-03-15 13:37:21.707208+00:00"}, "total_framework_time": 12.145191431045532, "total_strategy_time": 5008.96349363029, "total_compile_time": 35783.987869508564, "total_verification_time": 0, "total_benchmark_time": 30040.912797674537, "overhead_time": 246.21255695819855, "execution_time": 5.3365349769592285}