{"device_name": "NVIDIA RTX A4000", "simulation": true, "simulated_time": 45252.12009437382, "best_config": {"nvml_gr_clock": 840, "nvml_mem_clock": 6501, "GEMMK": 0, "MWG": 64, "NWG": 128, "KWG": 32, "MDIMC": 8, "NDIMC": 16, "MDIMA": 8, "NDIMB": 32, "KWI": 2, "VWM": 8, "VWN": 4, "STRM": 1, "STRN": 0, "SA": 0, "SB": 1, "KREG": 1, "PRECISION": 32, "core_freqs": [840.0, 840.0, 840.0, 840.0, 840.0, 840.0, 840.0], "core_freq": 840.0, "mem_freqs": [6501.0, 6501.0, 6501.0, 6501.0, 6501.0, 6501.0, 6501.0], "mem_freq": 6501.0, "temperatures": [60.0, 60.0, 60.802919708029194, 61.0, 61.0, 61.0, 61.785234899328856], "temperature": 60.79830780105116, "time": 22.013942857142858, "times": [21.952512, 22.037504, 22.117376, 21.854143999999998, 22.350848, 21.92384, 21.861376], "compile_time": 182.09965201094747, "verification_time": 0, "benchmark_time": 157.7193201519549, "GFLOP/s": 6244.792620572935, "strategy_time": 0.013986602425575256, "framework_time": 0.1035742461681366, "timestamp": "2024-03-15 16:04:11.541692+00:00"}, "total_framework_time": 12.085987254977226, "total_strategy_time": 5114.72356133163, "total_compile_time": 22454.18075309135, "total_verification_time": 0, "total_benchmark_time": 22797.939341282472, "overhead_time": 250.156095251441, "execution_time": 5.443335056304932}