{"platform_name": "NVIDIA CUDA", "platform_version": "OpenCL 3.0 CUDA 12.3.68", "device_name": "NVIDIA RTX A4000", "device_version": "OpenCL 3.0 CUDA", "opencl_c_version": "OpenCL C 1.2 ", "driver_version": "545.23.06", "iterations": 7, "compiler_options": ["-I/home/fjwillem/Code/kernel_tuner_paper/kernels/gemm_cltune_opencl/"], "best_config": {"nvml_gr_clock": 840, "nvml_mem_clock": 6501, "GEMMK": 0, "MWG": 128, "NWG": 128, "KWG": 32, "MDIMC": 16, "NDIMC": 8, "MDIMA": 32, "NDIMB": 32, "KWI": 2, "VWM": 4, "VWN": 4, "STRM": 1, "STRN": 1, "SA": 0, "SB": 1, "KREG": 1, "PRECISION": 32, "core_freqs": [840.0, 840.0, 840.0, 840.0, 840.0, 840.0, 840.0], "core_freq": 840.0, "mem_freqs": [6501.0, 6501.0, 6501.0, 6501.0, 6501.0, 6501.0, 6501.0], "mem_freq": 6501.0, "temperatures": [58.0, 58.28915662650602, 59.0, 59.0, 59.0, 59.11553784860558, 60.0], "temperature": 58.91495635358738, "time": 21.106834285714285, "times": [21.178368, 21.033984, 21.078015999999998, 21.149696, 21.03296, 21.128192, 21.146624], "compile_time": 339.51570838689804, "verification_time": 0, "benchmark_time": 150.46729519963264, "GFLOP/s": 6513.175118688707, "strategy_time": 0.06092339754104614, "framework_time": 1.896008849143982, "timestamp": "2024-07-11 08:36:53.918916+00:00"}, "total_framework_time": 215.9263826906681, "total_strategy_time": 743.762606754899, "total_compile_time": 24279.227335006, "total_verification_time": 0, "total_benchmark_time": 20130.123145878315, "overhead_time": 2688.8948176056147, "execution_time": 48.07017970085144}