{"platform_name": "NVIDIA CUDA", "platform_version": "OpenCL 3.0 CUDA 12.3.68", "device_name": "NVIDIA RTX A4000", "device_version": "OpenCL 3.0 CUDA", "opencl_c_version": "OpenCL C 1.2 ", "driver_version": "545.23.06", "iterations": 7, "compiler_options": ["-I/home/fjwillem/Code/kernel_tuner_paper/kernels/gemm_cltune_opencl/"], "best_config": {"nvml_gr_clock": 840, "nvml_mem_clock": 6501, "GEMMK": 0, "MWG": 128, "NWG": 128, "KWG": 16, "MDIMC": 16, "NDIMC": 8, "MDIMA": 16, "NDIMB": 32, "KWI": 2, "VWM": 2, "VWN": 1, "STRM": 1, "STRN": 1, "SA": 0, "SB": 1, "KREG": 1, "PRECISION": 32, "core_freqs": [840.0, 840.0, 840.0, 840.0, 840.0, 840.0, 840.0], "core_freq": 840.0, "mem_freqs": [6501.0, 6501.0, 6501.0, 6501.0, 6501.0, 6501.0, 6501.0], "mem_freq": 6501.0, "temperatures": [57.0, 57.0, 58.0, 58.0, 58.36040609137056, 59.0, 59.0], "temperature": 58.05148658448151, "time": 21.960996571428563, "times": [21.96992, 21.95968, 21.95968, 21.95968, 21.960704, 21.958655999999998, 21.958655999999998], "compile_time": 468.9898490905762, "verification_time": 0, "benchmark_time": 156.35382011532784, "GFLOP/s": 6259.848338706671, "strategy_time": 0.02004764974117279, "framework_time": 2.105729654431343, "timestamp": "2024-07-09 10:05:52.703556+00:00"}, "total_framework_time": 202.5719080120325, "total_strategy_time": 677.4046365171671, "total_compile_time": 36362.18104325235, "total_verification_time": 0, "total_benchmark_time": 25897.87570014596, "overhead_time": 2908.445332199335, "execution_time": 66.06076502799988}