{"platform_name": "NVIDIA CUDA", "platform_version": "OpenCL 3.0 CUDA 12.3.68", "device_name": "NVIDIA RTX A4000", "device_version": "OpenCL 3.0 CUDA", "opencl_c_version": "OpenCL C 1.2 ", "driver_version": "545.23.06", "iterations": 7, "compiler_options": ["-I/home/fjwillem/Code/kernel_tuner_paper/kernels/gemm_cltune_opencl/"], "best_config": {"nvml_gr_clock": 840, "nvml_mem_clock": 6501, "GEMMK": 0, "MWG": 64, "NWG": 128, "KWG": 16, "MDIMC": 8, "NDIMC": 16, "MDIMA": 16, "NDIMB": 16, "KWI": 2, "VWM": 2, "VWN": 8, "STRM": 1, "STRN": 0, "SA": 1, "SB": 0, "KREG": 1, "PRECISION": 32, "core_freqs": [840.0, 840.0, 840.0, 840.0, 840.0, 840.0, 840.0], "core_freq": 840.0, "mem_freqs": [6501.0, 6501.0, 6501.0, 6501.0, 6501.0, 6501.0, 6501.0], "mem_freq": 6501.0, "temperatures": [61.0, 61.1501976284585, 62.0, 62.0, 62.0, 62.0, 62.964285714285715], "temperature": 61.87349762039203, "time": 20.700598857142857, "times": [20.807679999999998, 20.74112, 20.74624, 20.852736, 20.564992, 20.504576, 20.686847999999998], "compile_time": 222.38584118895233, "verification_time": 0, "benchmark_time": 149.17741809040308, "GFLOP/s": 6640.991830850552, "strategy_time": 0.009868992492556572, "framework_time": 1.4494606293737888, "timestamp": "2024-03-15 15:13:51.082744+00:00"}, "total_framework_time": 297.5566212553531, "total_strategy_time": 348.426999989897, "total_compile_time": 40892.6630418282, "total_verification_time": 0, "total_benchmark_time": 77674.62934809737, "overhead_time": 2598.84711378254, "execution_time": 121.82280015945435}