{"device_name": "NVIDIA RTX A4000", "simulation": true, "simulated_time": 59236.35460273363, "best_config": {"nvml_gr_clock": 840, "nvml_mem_clock": 6501, "GEMMK": 0, "MWG": 128, "NWG": 128, "KWG": 16, "MDIMC": 8, "NDIMC": 16, "MDIMA": 16, "NDIMB": 16, "KWI": 2, "VWM": 4, "VWN": 8, "STRM": 1, "STRN": 0, "SA": 1, "SB": 1, "KREG": 1, "PRECISION": 32, "core_freqs": [840.0, 840.0, 840.0, 840.0, 840.0, 840.0, 840.0], "core_freq": 840.0, "mem_freqs": [6501.0, 6501.0, 6501.0, 6501.0, 6501.0, 6501.0, 6501.0], "mem_freq": 6501.0, "temperatures": [54.0, 54.72761194029851, 55.0, 55.0, 55.0, 55.302919708029194, 56.0], "temperature": 55.00436166404682, "time": 19.624959999999994, "times": [19.628031999999997, 19.624959999999998, 19.620863999999997, 19.618816, 19.61472, 19.624959999999998, 19.642367999999998], "compile_time": 298.6405200790614, "verification_time": 0, "benchmark_time": 140.77670918777585, "GFLOP/s": 7004.982833289853, "strategy_time": 0.013805925846099854, "framework_time": 0.10337308049201965, "timestamp": "2024-03-15 22:57:49.687211+00:00"}, "total_framework_time": 12.666871771216393, "total_strategy_time": 4946.639139205217, "total_compile_time": 40303.19755501114, "total_verification_time": 0, "total_benchmark_time": 18933.15704772249, "overhead_time": 267.7291128784418, "execution_time": 5.298299789428711}