{"platform_name": "NVIDIA CUDA", "platform_version": "OpenCL 3.0 CUDA 12.3.68", "device_name": "NVIDIA RTX A4000", "device_version": "OpenCL 3.0 CUDA", "opencl_c_version": "OpenCL C 1.2 ", "driver_version": "545.23.06", "iterations": 7, "compiler_options": ["-I/home/fjwillem/Code/kernel_tuner_paper/kernels/gemm_cltune_opencl/"], "best_config": {"nvml_gr_clock": 840, "nvml_mem_clock": 6501, "GEMMK": 0, "MWG": 64, "NWG": 128, "KWG": 16, "MDIMC": 8, "NDIMC": 16, "MDIMA": 32, "NDIMB": 8, "KWI": 2, "VWM": 2, "VWN": 8, "STRM": 1, "STRN": 1, "SA": 1, "SB": 0, "KREG": 1, "PRECISION": 32, "core_freqs": [840.0, 840.0, 840.0, 840.0, 840.0, 840.0, 840.0], "core_freq": 840.0, "mem_freqs": [6501.0, 6501.0, 6501.0, 6501.0, 6501.0, 6501.0, 6501.0], "mem_freq": 6501.0, "temperatures": [58.0, 58.783185840707965, 59.0, 59.0, 59.97402597402598, 60.0, 60.0], "temperature": 59.25103025924771, "time": 20.664758857142857, "times": [20.656128, 20.668416, 20.665343999999997, 20.667392, 20.680704, 20.661248, 20.65408], "compile_time": 168.50206814706326, "verification_time": 0, "benchmark_time": 147.45244570076466, "GFLOP/s": 6652.5096592879945, "strategy_time": 0.059410929679870605, "framework_time": 1.852322369813919, "timestamp": "2024-07-11 09:16:11.756519+00:00"}, "total_framework_time": 215.63592180609703, "total_strategy_time": 732.1479544043541, "total_compile_time": 27252.78814509511, "total_verification_time": 0, "total_benchmark_time": 31529.69671227038, "overhead_time": 3028.530914336443, "execution_time": 62.77127003669739}