{"platform_name": "NVIDIA CUDA", "platform_version": "OpenCL 3.0 CUDA 12.3.68", "device_name": "NVIDIA RTX A4000", "device_version": "OpenCL 3.0 CUDA", "opencl_c_version": "OpenCL C 1.2 ", "driver_version": "545.23.06", "iterations": 7, "compiler_options": ["-I/home/fjwillem/Code/kernel_tuner_paper/kernels/gemm_cltune_opencl/"], "best_config": {"nvml_gr_clock": 840, "nvml_mem_clock": 6501, "GEMMK": 0, "MWG": 64, "NWG": 64, "KWG": 32, "MDIMC": 8, "NDIMC": 8, "MDIMA": 32, "NDIMB": 8, "KWI": 2, "VWM": 2, "VWN": 2, "STRM": 1, "STRN": 0, "SA": 1, "SB": 0, "KREG": 1, "PRECISION": 32, "core_freqs": [840.0, 840.0, 840.0, 840.0, 840.0, 840.0, 840.0], "core_freq": 840.0, "mem_freqs": [6501.0, 6501.0, 6501.0, 6501.0, 6501.0, 6501.0, 6501.0], "mem_freq": 6501.0, "temperatures": [58.55696202531646, 59.22907488986784, 60.0, 60.0, 60.0, 60.203539823008846, 61.0], "temperature": 59.855653819741875, "time": 22.189929142857142, "times": [22.140928, 22.249471999999997, 22.245344, 22.265856, 22.176768, 22.099968, 22.151168], "compile_time": 285.5942863970995, "verification_time": 0, "benchmark_time": 158.41935947537422, "GFLOP/s": 6195.265745057681, "strategy_time": 0.07068179547786713, "framework_time": 2.0620599389076233, "timestamp": "2024-07-09 09:31:47.365635+00:00"}, "total_framework_time": 205.6401390582323, "total_strategy_time": 715.9368973225355, "total_compile_time": 33377.85930559039, "total_verification_time": 0, "total_benchmark_time": 26954.971943050623, "overhead_time": 3245.2695593237877, "execution_time": 64.51295781135559}