{"device_name": "NVIDIA RTX A4000", "simulation": true, "simulated_time": 47721.84303798713, "best_config": {"nvml_gr_clock": 840, "nvml_mem_clock": 6501, "GEMMK": 0, "MWG": 64, "NWG": 128, "KWG": 32, "MDIMC": 8, "NDIMC": 16, "MDIMA": 32, "NDIMB": 16, "KWI": 2, "VWM": 2, "VWN": 4, "STRM": 1, "STRN": 0, "SA": 0, "SB": 0, "KREG": 1, "PRECISION": 32, "core_freqs": [840.0, 840.0, 840.0, 840.0, 840.0, 840.0, 840.0], "core_freq": 840.0, "mem_freqs": [6501.0, 6501.0, 6501.0, 6501.0, 6501.0, 6501.0, 6501.0], "mem_freq": 6501.0, "temperatures": [59.0, 59.44011976047904, 60.0, 60.0, 61.0, 61.0, 61.0], "temperature": 60.205731394354146, "time": 24.370464, "times": [24.328191999999998, 24.2872, 24.517632, 24.296447999999998, 24.377343999999997, 24.372224, 24.414208], "compile_time": 214.0368449036032, "verification_time": 0, "benchmark_time": 174.14574488066137, "GFLOP/s": 5640.94749710141, "strategy_time": 0.0187847763299942, "framework_time": 0.1031830906867981, "timestamp": "2024-03-15 16:10:26.424692+00:00"}, "total_framework_time": 12.195546180009842, "total_strategy_time": 4988.5358735919, "total_compile_time": 22671.199242351577, "total_verification_time": 0, "total_benchmark_time": 25050.64379563555, "overhead_time": 254.08300384879112, "execution_time": 5.324096918106079}