{"platform_name": "NVIDIA CUDA", "platform_version": "OpenCL 3.0 CUDA 12.3.68", "device_name": "NVIDIA RTX A4000", "device_version": "OpenCL 3.0 CUDA", "opencl_c_version": "OpenCL C 1.2 ", "driver_version": "545.23.06", "iterations": 7, "compiler_options": ["-I/home/fjwillem/Code/kernel_tuner_paper/kernels/gemm_cltune_opencl/"], "best_config": {"nvml_gr_clock": 840, "nvml_mem_clock": 6501, "GEMMK": 0, "MWG": 128, "NWG": 64, "KWG": 16, "MDIMC": 8, "NDIMC": 16, "MDIMA": 16, "NDIMB": 16, "KWI": 2, "VWM": 2, "VWN": 4, "STRM": 1, "STRN": 1, "SA": 1, "SB": 1, "KREG": 1, "PRECISION": 32, "core_freqs": [840.0, 840.0, 840.0, 840.0, 840.0, 840.0, 840.0], "core_freq": 840.0, "mem_freqs": [6501.0, 6501.0, 6501.0, 6501.0, 6501.0, 6501.0, 6501.0], "mem_freq": 6501.0, "temperatures": [60.0, 60.954166666666666, 61.0, 61.11934156378601, 62.0, 62.0, 62.0], "temperature": 61.29621546149324, "time": 20.685970285714287, "times": [20.698112, 20.679679999999998, 20.681728, 20.691968, 20.678656, 20.68992, 20.681728], "compile_time": 341.48596227169037, "verification_time": 0, "benchmark_time": 147.4031712859869, "GFLOP/s": 6645.688164743154, "strategy_time": 0.060984864830970764, "framework_time": 1.983771100640297, "timestamp": "2024-07-11 09:16:46.200401+00:00"}, "total_framework_time": 213.28610181808472, "total_strategy_time": 728.8950718939304, "total_compile_time": 22767.347890883684, "total_verification_time": 0, "total_benchmark_time": 22828.69542390108, "overhead_time": 2644.2616395652294, "execution_time": 49.19761037826538}