{"device_name": "NVIDIA RTX A4000", "simulation": true, "simulated_time": 120052.36911773682, "best_config": {"nvml_gr_clock": 840, "nvml_mem_clock": 6501, "GEMMK": 0, "MWG": 128, "NWG": 128, "KWG": 16, "MDIMC": 8, "NDIMC": 16, "MDIMA": 32, "NDIMB": 8, "KWI": 2, "VWM": 4, "VWN": 8, "STRM": 1, "STRN": 1, "SA": 1, "SB": 1, "KREG": 1, "PRECISION": 32, "core_freqs": [840.0, 840.0, 840.0, 840.0, 840.0, 840.0, 840.0], "core_freq": 840.0, "mem_freqs": [6501.0, 6501.0, 6501.0, 6501.0, 6501.0, 6501.0, 6501.0], "mem_freq": 6501.0, "temperatures": [53.0, 53.0, 53.221789883268485, 54.0, 54.0, 54.0, 54.0], "temperature": 53.60311284046692, "time": 19.748562285714286, "times": [19.76832, 19.763136, 19.752959999999998, 19.746816, 19.735552, 19.7376, 19.735552], "compile_time": 375.758517999202, "verification_time": 0, "benchmark_time": 142.46037602424622, "GFLOP/s": 6961.140052379654, "strategy_time": 0.001593027263879776, "framework_time": 0.045384978875517845, "timestamp": "2024-03-15 23:02:51.702697+00:00"}, "total_framework_time": 8.23453743942082, "total_strategy_time": 4073.2000595889986, "total_compile_time": 45400.48877359368, "total_verification_time": 0, "total_benchmark_time": 74651.88034414314, "overhead_time": 259.62488492950797, "execution_time": 4.405580282211304}