{"device_name": "NVIDIA RTX A4000", "simulation": true, "simulated_time": 120547.45300975628, "best_config": {"nvml_gr_clock": 840, "nvml_mem_clock": 6501, "GEMMK": 0, "MWG": 64, "NWG": 128, "KWG": 32, "MDIMC": 8, "NDIMC": 16, "MDIMA": 16, "NDIMB": 16, "KWI": 2, "VWM": 2, "VWN": 2, "STRM": 1, "STRN": 0, "SA": 1, "SB": 0, "KREG": 1, "PRECISION": 32, "core_freqs": [840.0, 840.0, 840.0, 840.0, 840.0, 840.0, 840.0], "core_freq": 840.0, "mem_freqs": [6501.0, 6501.0, 6501.0, 6501.0, 6501.0, 6501.0, 6501.0], "mem_freq": 6501.0, "temperatures": [60.0, 60.0, 60.665071770334926, 61.0, 61.0, 61.0, 61.64601769911504], "temperature": 60.75872706706428, "time": 21.107711999999996, "times": [21.086208, 21.197824, 21.182464, 21.039104, 21.060608, 21.110784, 21.076992], "compile_time": 236.360440030694, "verification_time": 0, "benchmark_time": 151.18085802532732, "GFLOP/s": 6512.904283704459, "strategy_time": 0.0015720725059509277, "framework_time": 0.03901403397321701, "timestamp": "2024-03-15 16:06:34.548602+00:00"}, "total_framework_time": 8.113243151456118, "total_strategy_time": 3765.07949992083, "total_compile_time": 47737.14605369605, "total_verification_time": 0, "total_benchmark_time": 72810.30695606023, "overhead_time": 243.91669500619173, "execution_time": 4.080324649810791}