{"device_name": "NVIDIA RTX A4000", "simulation": true, "simulated_time": 44621.97597511113, "best_config": {"nvml_gr_clock": 840, "nvml_mem_clock": 6501, "GEMMK": 0, "MWG": 128, "NWG": 64, "KWG": 16, "MDIMC": 16, "NDIMC": 8, "MDIMA": 8, "NDIMB": 32, "KWI": 2, "VWM": 4, "VWN": 1, "STRM": 1, "STRN": 0, "SA": 1, "SB": 1, "KREG": 1, "PRECISION": 32, "core_freqs": [840.0, 840.0, 840.0, 840.0, 840.0, 840.0, 840.0], "core_freq": 840.0, "mem_freqs": [6501.0, 6501.0, 6501.0, 6501.0, 6501.0, 6501.0, 6501.0], "mem_freq": 6501.0, "temperatures": [60.0, 60.61923076923077, 61.015325670498086, 62.0, 62.0, 62.0, 62.0], "temperature": 61.37636520567555, "time": 18.867931428571428, "times": [18.865152, 18.871295999999997, 18.883584, 18.8672, 18.870272, 18.85696, 18.861055999999998], "compile_time": 325.0517051201314, "verification_time": 0, "benchmark_time": 135.41257800534368, "GFLOP/s": 7286.040254302992, "strategy_time": 0.013804063200950623, "framework_time": 0.11705048382282257, "timestamp": "2024-03-15 20:48:56.649057+00:00"}, "total_framework_time": 12.780498713254929, "total_strategy_time": 5190.441690385342, "total_compile_time": 24642.634404590353, "total_verification_time": 0, "total_benchmark_time": 19979.341570520774, "overhead_time": 268.8044607639313, "execution_time": 5.5398054122924805}