{"device_name": "NVIDIA RTX A4000", "simulation": true, "simulated_time": 120081.84531587176, "best_config": {"nvml_gr_clock": 840, "nvml_mem_clock": 6501, "GEMMK": 0, "MWG": 128, "NWG": 64, "KWG": 16, "MDIMC": 16, "NDIMC": 8, "MDIMA": 8, "NDIMB": 16, "KWI": 2, "VWM": 8, "VWN": 4, "STRM": 1, "STRN": 1, "SA": 1, "SB": 1, "KREG": 1, "PRECISION": 32, "core_freqs": [840.0, 840.0, 840.0, 840.0, 840.0, 840.0, 840.0], "core_freq": 840.0, "mem_freqs": [6501.0, 6501.0, 6501.0, 6501.0, 6501.0, 6501.0, 6501.0], "mem_freq": 6501.0, "temperatures": [61.0, 61.0, 61.58783783783784, 62.0, 62.0, 62.91126279863481, 63.0], "temperature": 61.92844294806752, "time": 22.030921142857142, "times": [22.045696, 22.023168, 22.057983999999998, 22.026239999999998, 22.017024, 22.024192, 22.022143999999997], "compile_time": 283.0475668888539, "verification_time": 0, "benchmark_time": 157.57119096815586, "GFLOP/s": 6239.980026825673, "strategy_time": 0.0016130506992340088, "framework_time": 0.040566083043813705, "timestamp": "2024-03-15 20:48:11.912618+00:00"}, "total_framework_time": 7.75626883842051, "total_strategy_time": 3775.5757733248174, "total_compile_time": 44520.02834412269, "total_verification_time": 0, "total_benchmark_time": 75561.81697174907, "overhead_time": 245.39818475022912, "execution_time": 4.091341257095337}