{"platform_name": "NVIDIA CUDA", "platform_version": "OpenCL 3.0 CUDA 12.3.68", "device_name": "NVIDIA RTX A4000", "device_version": "OpenCL 3.0 CUDA", "opencl_c_version": "OpenCL C 1.2 ", "driver_version": "545.23.06", "iterations": 7, "compiler_options": ["-I/home/fjwillem/Code/kernel_tuner_paper/kernels/gemm_cltune_opencl/"], "best_config": {"nvml_gr_clock": 840, "nvml_mem_clock": 6501, "GEMMK": 0, "MWG": 64, "NWG": 128, "KWG": 16, "MDIMC": 8, "NDIMC": 16, "MDIMA": 32, "NDIMB": 16, "KWI": 2, "VWM": 2, "VWN": 4, "STRM": 0, "STRN": 1, "SA": 1, "SB": 0, "KREG": 1, "PRECISION": 32, "core_freqs": [840.0, 840.0, 840.0, 840.0, 840.0, 840.0, 840.0], "core_freq": 840.0, "mem_freqs": [6501.0, 6501.0, 6501.0, 6501.0, 6501.0, 6501.0, 6501.0], "mem_freq": 6501.0, "temperatures": [58.0, 58.84347826086957, 59.0, 59.0, 59.0, 59.95964125560538, 60.0], "temperature": 59.114731359496425, "time": 22.571593142857143, "times": [22.715391999999998, 22.62016, 22.529024, 22.5536, 22.502399999999998, 22.545408, 22.535168], "compile_time": 235.6504201889038, "verification_time": 0, "benchmark_time": 161.47713735699654, "GFLOP/s": 6090.509740891002, "strategy_time": 0.02222321927547455, "framework_time": 2.194192260503769, "timestamp": "2024-07-11 08:01:59.572215+00:00"}, "total_framework_time": 222.04279713332653, "total_strategy_time": 720.7175679504871, "total_compile_time": 25355.005523189902, "total_verification_time": 0, "total_benchmark_time": 31061.73699349165, "overhead_time": 2933.626886457205, "execution_time": 60.3073513507843}