{"device_name": "NVIDIA RTX A4000", "simulation": true, "simulated_time": 49777.08622254431, "best_config": {"nvml_gr_clock": 840, "nvml_mem_clock": 6501, "GEMMK": 0, "MWG": 64, "NWG": 128, "KWG": 32, "MDIMC": 16, "NDIMC": 8, "MDIMA": 32, "NDIMB": 16, "KWI": 2, "VWM": 2, "VWN": 2, "STRM": 1, "STRN": 1, "SA": 0, "SB": 1, "KREG": 1, "PRECISION": 32, "core_freqs": [840.0, 840.0, 840.0, 840.0, 840.0, 840.0, 840.0], "core_freq": 840.0, "mem_freqs": [6501.0, 6501.0, 6501.0, 6501.0, 6501.0, 6501.0, 6501.0], "mem_freq": 6501.0, "temperatures": [57.0, 57.397887323943664, 58.0, 58.96969696969697, 59.0, 59.0, 59.0], "temperature": 58.33822632766295, "time": 20.762473142857143, "times": [20.773888, 20.759552, 20.763616, 20.757503999999997, 20.760576, 20.760576, 20.761599999999998], "compile_time": 544.455774128437, "verification_time": 0, "benchmark_time": 148.76324101351202, "GFLOP/s": 6621.200998460739, "strategy_time": 0.015480443835258484, "framework_time": 0.10732002556324005, "timestamp": "2024-03-15 16:33:54.301295+00:00"}, "total_framework_time": 12.72265799343586, "total_strategy_time": 5196.337161585689, "total_compile_time": 27891.400502063334, "total_verification_time": 0, "total_benchmark_time": 21885.68572048098, "overhead_time": 244.9551671743393, "execution_time": 5.524051666259766}