{"platform_name": "NVIDIA CUDA", "platform_version": "OpenCL 3.0 CUDA 12.3.68", "device_name": "NVIDIA RTX A4000", "device_version": "OpenCL 3.0 CUDA", "opencl_c_version": "OpenCL C 1.2 ", "driver_version": "545.23.06", "iterations": 7, "compiler_options": ["-I/home/fjwillem/Code/kernel_tuner_paper/kernels/gemm_cltune_opencl/"], "best_config": {"nvml_gr_clock": 840, "nvml_mem_clock": 6501, "GEMMK": 0, "MWG": 32, "NWG": 128, "KWG": 16, "MDIMC": 8, "NDIMC": 8, "MDIMA": 8, "NDIMB": 32, "KWI": 2, "VWM": 4, "VWN": 4, "STRM": 0, "STRN": 1, "SA": 0, "SB": 1, "KREG": 1, "PRECISION": 32, "core_freqs": [840.0, 840.0, 840.0, 840.0, 840.0, 840.0, 840.0], "core_freq": 840.0, "mem_freqs": [6501.0, 6501.0, 6501.0, 6501.0, 6501.0, 6501.0, 6501.0], "mem_freq": 6501.0, "temperatures": [59.04109589041096, 60.0, 60.61711711711712, 61.0, 61.0, 61.0, 61.327354260089685], "temperature": 60.56936675251682, "time": 20.45630171428571, "times": [20.458496, 20.455424, 20.441088, 20.465664, 20.453376, 20.47488, 20.445183999999998], "compile_time": 388.03479820489883, "verification_time": 0, "benchmark_time": 146.17097191512585, "GFLOP/s": 6720.3011484718045, "strategy_time": 0.082455575466156, "framework_time": 2.062542364001274, "timestamp": "2024-07-09 09:27:32.999306+00:00"}, "total_framework_time": 209.6015252172947, "total_strategy_time": 715.4509108513594, "total_compile_time": 25513.250371441245, "total_verification_time": 0, "total_benchmark_time": 21459.908731281757, "overhead_time": 2633.159026503563, "execution_time": 50.541542768478394}